# File generated by ImageToStl.com - Free Image and 3D model conversion tools

mtllib Asher.mtl

o obj1
v 142.81430054 89.34740448 93.57972717
v 142.81430054 86.17737579 95.71688843
v 144.18321228 86.04255676 95.71688843
v 144.801651 89.15167236 93.57972717
v 142.81430054 94.40625763 61.50160217
v 142.81430054 96.10066986 65.49996185
v 146.11915588 95.77516937 65.49996185
v 145.78858948 94.11331177 61.50160217
v 142.81430054 92.1259613 90.70358276
v 145.34371948 91.87683105 90.70358276
v 142.81430054 92.1259613 57.99700928
v 145.34371948 91.87683105 57.99700928
v 142.81430054 94.40625763 87.19898987
v 145.78858948 94.11331177 87.19898987
v 142.81430054 89.34741211 55.12086868
v 144.801651 89.15167236 55.12086868
v 142.81430054 96.1006546 83.20063019
v 146.11915588 95.77516937 83.20063019
v 142.81430054 97.14408875 78.86215973
v 146.32270813 96.79853821 78.86215973
v 142.81430054 97.4963913 74.35029602
v 146.39144897 97.14408875 74.35029602
v 142.81430054 82.73770142 97.03295135
v 142.81430054 79.16056061 97.47733307
v 143.51216125 82.66897583 97.03295135
v 142.81430054 97.14408875 69.83843231
v 146.32270813 96.79853821 69.83843231
v 144.18321228 82.46540833 97.03295135
v 145.49952698 85.64325714 95.71688843
v 149.69628906 95.77516937 69.83843231
v 149.29699707 94.81118011 65.49996185
v 146.71264648 88.57198334 93.57972717
v 148.64857483 93.2457428 61.50160217
v 147.77593994 91.13902283 90.70358276
v 147.77593994 91.13902283 57.99700928
v 148.64857483 93.2457428 87.19898987
v 146.71264648 88.57198334 55.12086868
v 149.29699707 94.81118011 83.20063019
v 149.69628906 95.77516937 78.86215973
v 149.83113098 96.10066986 74.35029602
v 151.28436279 91.83689117 87.19898987
v 152.22572327 93.2457428 83.20063019
v 152.80540466 94.11331177 78.86215973
v 153.00114441 94.40625763 74.35029602
v 144.801651 82.13484955 97.03295135
v 152.80540466 94.11331177 69.83843231
v 146.71263123 84.9948349 95.71688843
v 152.22572327 93.2457428 65.49996185
v 148.47381592 87.63061523 93.57972717
v 151.28436279 91.83689117 61.50160217
v 150.01748657 89.94089508 90.70358276
v 150.01748657 89.94089508 57.99700928
v 148.47381592 87.63061523 55.12086868
v 155.53057861 91.87683105 69.83843231
v 154.79277039 91.13902283 65.49996185
v 147.77593994 84.12220764 95.71688843
v 150.01748657 86.36375427 93.57972717
v 153.59463501 89.94089508 61.50160217
v 151.98222351 88.32848358 90.70358276
v 151.98222351 88.32848358 57.99700928
v 153.59463501 89.94089508 87.19898987
v 150.01748657 86.36375427 55.12086868
v 154.79277039 91.13902283 83.20063019
v 155.53057861 91.87683105 78.86215973
v 155.7796936 92.1259613 74.35029602
v 145.34371948 81.68998718 97.03295135
v 156.89949036 88.57197571 83.20063019
v 157.76705933 89.15167236 78.86215973
v 158.05999756 89.34740448 74.35029602
v 145.78858948 81.1479187 97.03295135
v 157.76705933 89.15167236 69.83843231
v 148.64857483 83.05889893 95.71688843
v 156.89949036 88.57197571 65.49996185
v 151.28436279 84.82006836 93.57972717
v 155.4906311 87.63061523 61.50160217
v 153.59463501 86.36374664 90.70358276
v 153.59463501 86.36374664 57.99700928
v 155.4906311 87.63061523 87.19898987
v 151.28436279 84.82006836 55.12086868
v 149.29699707 81.84577942 95.71688843
v 152.22572327 83.05889893 93.57972717
v 158.46492004 85.64325714 65.49996185
v 156.89949036 84.9948349 61.50160217
v 154.79277039 84.12220001 90.70358276
v 154.79277039 84.12220001 57.99700928
v 156.89949036 84.9948349 87.19898987
v 152.22572327 83.05889893 55.12086868
v 158.46492004 85.64325714 83.20063019
v 159.4289093 86.04255676 78.86215973
v 159.75440979 86.17738342 74.35029602
v 146.11915588 80.52947235 97.03295135
v 159.4289093 86.04255676 69.83843231
v 159.4289093 82.46540833 83.20063019
v 160.45227051 82.6689682 78.86215973
v 160.79782104 82.73770142 74.35029602
v 146.32270813 79.85842896 97.03295135
v 160.45227051 82.6689682 69.83843231
v 149.69628906 80.52947235 95.71688843
v 159.4289093 82.46540833 65.49996185
v 152.80540466 81.1479187 93.57972717
v 157.76705933 82.13484955 61.50160217
v 155.53057861 81.68997955 90.70358276
v 155.53057861 81.68997955 57.99700928
v 157.76705933 82.13484955 87.19898987
v 152.80540466 81.1479187 55.12086868
v 159.75440979 79.16056061 65.49996185
v 158.05999756 79.16056061 61.50160217
v 153.00114441 79.16056061 93.57972717
v 155.7796936 79.16056061 90.70358276
v 155.7796936 79.16056061 57.99700928
v 158.05999756 79.16056061 87.19898987
v 153.00114441 79.16056061 55.12086868
v 159.75440979 79.16056061 83.20063019
v 160.79782104 79.16056061 78.86215973
v 161.15014648 79.16056061 74.35029602
v 146.39144897 79.16056061 97.03295135
v 160.79782104 79.16056061 69.83843231
v 149.83111572 79.16056061 95.71688843
v 160.45227051 75.65214539 78.86215973
v 160.79782104 75.58341217 74.35029602
v 146.32270813 78.46269226 97.03295135
v 160.45227051 75.65214539 69.83843231
v 149.69628906 77.79164886 95.71688843
v 159.4289093 75.85570526 65.49996185
v 152.80540466 77.17320251 93.57972717
v 157.76704407 76.18627167 61.50160217
v 155.53056335 76.63113403 90.70358276
v 155.53056335 76.63113403 57.99700928
v 157.76704407 76.18627167 87.19898987
v 152.80540466 77.17320251 55.12086868
v 159.4289093 75.85570526 83.20063019
v 156.89949036 73.32628632 61.50160217
v 154.79275513 74.19891357 57.99700928
v 154.79275513 74.19891357 90.70358276
v 156.89949036 73.32628632 87.19898987
v 152.22572327 75.26222229 55.12086868
v 158.46492004 72.67786407 83.20063019
v 159.4289093 72.27856445 78.86215973
v 159.75440979 72.14373779 74.35029602
v 146.11915588 77.79164886 97.03295135
v 159.4289093 72.27856445 69.83843231
v 149.29699707 76.4753418 95.71688843
v 158.46492004 72.67786407 65.49996185
v 152.22572327 75.26222229 93.57972717
v 145.78858948 77.17320251 97.03295135
v 158.05999756 68.97371674 74.35029602
v 157.76704407 69.16944885 69.83843231
v 148.64857483 75.26222229 95.71688843
v 156.8994751 69.74914551 65.49996185
v 151.28436279 73.50105286 93.57972717
v 155.4906311 70.69050598 61.50160217
v 153.59463501 71.95737457 90.70358276
v 153.59463501 71.95737457 57.99700928
v 155.4906311 70.69050598 87.19898987
v 151.28436279 73.50105286 55.12086868
v 156.8994751 69.74914551 83.20063019
v 157.76704407 69.16944885 78.86215973
v 151.98222351 69.99264526 90.70358276
v 153.59463501 68.38022614 87.19898987
v 151.98222351 69.99264526 57.99700928
v 150.01748657 71.95736694 55.12086868
v 154.79275513 67.18209839 83.20063019
v 155.53056335 66.44429016 78.86215973
v 155.7796936 66.19515991 74.35029602
v 145.34371948 76.63113403 97.03295135
v 155.53056335 66.44429016 69.83843231
v 147.77593994 74.1989212 95.71688843
v 154.79275513 67.18209839 65.49996185
v 150.01748657 71.95736694 93.57972717
v 153.59463501 68.38022614 61.50160217
v 153.00114441 63.9148674 74.35029602
v 152.80540466 64.20780945 69.83843231
v 144.801651 76.18627167 97.03295135
v 146.71263123 73.32628632 95.71688843
v 152.22570801 65.07537842 65.49996185
v 148.47381592 70.69050598 93.57972717
v 151.28434753 66.48423004 61.50160217
v 150.01748657 68.38022614 90.70358276
v 150.01748657 68.38022614 57.99700928
v 151.28434753 66.48423004 87.19898987
v 148.47381592 70.69050598 55.12086868
v 152.22570801 65.07537842 83.20063019
v 152.80540466 64.20780945 78.86215973
v 147.77593994 67.18209839 57.99700928
v 146.71263123 69.74913788 55.12086868
v 148.64857483 65.07537842 87.19898987
v 149.29699707 63.50994873 83.20063019
v 149.69628906 62.54595566 78.86215973
v 149.83111572 62.22045517 74.35029602
v 144.18321228 75.85571289 97.03295135
v 149.69628906 62.54595566 69.83843231
v 145.49952698 72.67786407 95.71688843
v 149.29699707 63.50994873 65.49996185
v 146.71263123 69.74913788 93.57972717
v 148.64857483 65.07537842 61.50160217
v 147.77593994 67.18209839 90.70358276
v 143.51216125 75.65215302 97.03295135
v 144.18321228 72.27856445 95.71688843
v 146.32270813 61.52259064 69.83843231
v 146.11914062 62.54595947 65.49996185
v 144.801651 69.16944885 93.57972717
v 145.78858948 64.20780945 61.50160217
v 145.34371948 66.44429779 90.70358276
v 145.34371948 66.44429779 57.99700928
v 145.78858948 64.20780945 87.19898987
v 144.801651 69.16944885 55.12086868
v 146.11914062 62.54595947 83.20063019
v 146.32270813 61.52259064 78.86215973
v 146.39144897 61.1770401 74.35029602
v 142.81430054 63.91487122 87.19898987
v 142.81430054 62.22045898 83.20063019
v 142.81430054 61.17704773 78.86215973
v 142.81430054 60.82472229 74.35029602
v 142.81430054 75.5834198 97.03295135
v 142.81430054 61.17704773 69.83843231
v 142.81430054 72.14373779 95.71688843
v 142.81430054 62.22045898 65.49996185
v 142.81430054 68.97370911 93.57972717
v 142.81430054 63.91487122 61.50160217
v 142.81430054 66.19516754 90.70358276
v 142.81430054 66.19516754 57.99700928
v 142.81430054 68.97370911 55.12086868
v 139.30589294 61.52259445 69.83843231
v 139.50944519 62.54595947 65.49996185
v 141.44538879 72.27856445 95.71688843
v 140.82695007 69.16944885 93.57972717
v 139.8400116 64.20780945 61.50160217
v 140.28488159 66.44429779 90.70358276
v 140.28488159 66.44429779 57.99700928
v 139.8400116 64.20780945 87.19898987
v 140.82695007 69.16944885 55.12086868
v 139.50944519 62.54595947 83.20063019
v 139.30589294 61.52259445 78.86215973
v 139.2371521 61.1770401 74.35029602
v 142.11643982 75.65215302 97.03295135
v 136.331604 63.50994873 83.20063019
v 135.93231201 62.54595947 78.86215973
v 135.79747009 62.22045517 74.35029602
v 141.44538879 75.85571289 97.03295135
v 135.93231201 62.54595947 69.83843231
v 140.1290741 72.67786407 95.71688843
v 136.331604 63.50994873 65.49996185
v 138.91595459 69.74913788 93.57972717
v 136.98002625 65.07537842 61.50160217
v 137.85266113 67.18210602 90.70358276
v 137.85266113 67.18210602 57.99700928
v 136.98002625 65.07537842 87.19898987
v 138.91595459 69.74913788 55.12086868
v 133.40287781 65.07538605 65.49996185
v 134.34425354 66.48423767 61.50160217
v 137.15478516 70.69050598 93.57972717
v 135.6111145 68.38023376 90.70358276
v 135.6111145 68.38023376 57.99700928
v 134.34425354 66.48423767 87.19898987
v 137.15478516 70.69050598 55.12086868
v 133.40287781 65.07538605 83.20063019
v 132.82319641 64.20781708 78.86215973
v 132.62745667 63.91487122 74.35029602
v 140.82695007 76.18627167 97.03295135
v 132.82319641 64.20781708 69.83843231
v 138.91596985 73.32628632 95.71688843
v 130.09803772 66.44429779 78.86215973
v 129.84890747 66.19516754 74.35029602
v 140.28488159 76.63114166 97.03295135
v 130.09803772 66.44429779 69.83843231
v 137.85266113 74.1989212 95.71688843
v 130.83584595 67.18210602 65.49996185
v 135.6111145 71.95737457 93.57972717
v 132.03396606 68.38023376 61.50160217
v 133.64637756 69.99264526 90.70358276
v 133.64637756 69.99264526 57.99700928
v 132.03396606 68.38023376 87.19898987
v 135.6111145 71.95737457 55.12086868
v 130.83584595 67.18210602 83.20063019
v 134.34423828 73.50105286 93.57972717
v 132.03396606 71.9573822 90.70358276
v 130.13796997 70.69051361 61.50160217
v 132.03396606 71.9573822 57.99700928
v 130.13796997 70.69051361 87.19898987
v 134.34423828 73.50105286 55.12086868
v 128.72912598 69.74914551 83.20063019
v 127.86155701 69.16945648 78.86215973
v 127.56861115 68.97371674 74.35029602
v 139.8400116 77.17321014 97.03295135
v 127.86155701 69.16945648 69.83843231
v 136.98002625 75.26222229 95.71688843
v 128.72912598 69.74914551 65.49996185
v 126.1996994 72.27857208 78.86215973
v 125.87419128 72.14374542 74.35029602
v 139.50944519 77.79164886 97.03295135
v 126.1996994 72.27857208 69.83843231
v 136.331604 76.4753418 95.71688843
v 127.16368866 72.67786407 65.49996185
v 133.40287781 75.26222229 93.57972717
v 128.72912598 73.32629395 61.50160217
v 130.83584595 74.1989212 90.70358276
v 130.83584595 74.1989212 57.99700928
v 128.72912598 73.32629395 87.19898987
v 133.40287781 75.26222229 55.12086868
v 127.16368866 72.67786407 83.20063019
v 127.86155701 76.1862793 61.50160217
v 130.09803772 76.63114166 57.99700928
v 130.09803772 76.63114166 90.70358276
v 127.86155701 76.1862793 87.19898987
v 132.82319641 77.17321014 55.12086868
v 126.1996994 75.85571289 83.20063019
v 125.17633057 75.65215302 78.86215973
v 124.83078003 75.5834198 74.35029602
v 139.30589294 78.46269226 97.03295135
v 125.17633057 75.65215302 69.83843231
v 135.93231201 77.79164886 95.71688843
v 126.1996994 75.85571289 65.49996185
v 132.82319641 77.17321014 93.57972717
v 139.2371521 79.16056061 97.03295135
v 124.47846985 79.16056061 74.35029602
v 124.83078766 79.16056061 69.83843231
v 135.79748535 79.16056061 95.71688843
v 125.87420654 79.16056061 65.49996185
v 132.62745667 79.16056061 93.57972717
v 127.56861115 79.16056061 61.50160217
v 129.84890747 79.16056061 90.70358276
v 129.84890747 79.16056061 57.99700928
v 127.56861115 79.16056061 87.19898987
v 132.62745667 79.16056061 55.12086868
v 125.87420654 79.16056061 83.20063019
v 124.83078766 79.16056061 78.86215973
v 130.09803772 81.68998718 90.70358276
v 127.86155701 82.13484955 87.19898987
v 130.09803772 81.68998718 57.99700928
v 132.82319641 81.1479187 55.12086868
v 126.1996994 82.46541595 83.20063019
v 125.1763382 82.66897583 78.86215973
v 124.83078003 82.73770905 74.35029602
v 139.30589294 79.85842896 97.03295135
v 125.1763382 82.66897583 69.83843231
v 135.93231201 80.52947235 95.71688843
v 126.1996994 82.46541595 65.49996185
v 132.82319641 81.1479187 93.57972717
v 127.86155701 82.13484955 61.50160217
v 125.87419891 86.17738342 74.35029602
v 126.19970703 86.04255676 69.83843231
v 139.50944519 80.52947235 97.03295135
v 136.331604 81.84577942 95.71688843
v 127.16368866 85.64325714 65.49996185
v 133.40287781 83.05889893 93.57972717
v 128.72912598 84.9948349 61.50160217
v 130.83584595 84.12220001 90.70358276
v 130.83584595 84.12220001 57.99700928
v 128.72912598 84.9948349 87.19898987
v 133.40287781 83.05889893 55.12086868
v 127.16368866 85.64325714 83.20063019
v 126.19970703 86.04255676 78.86215973
v 132.03398132 86.36374664 57.99700928
v 134.34425354 84.82006836 55.12086868
v 130.13796997 87.63061523 87.19898987
v 128.72912598 88.57197571 83.20063019
v 127.86155701 89.15166473 78.86215973
v 127.56861115 89.34740448 74.35029602
v 139.8400116 81.1479187 97.03295135
v 127.86155701 89.15166473 69.83843231
v 136.98002625 83.05889893 95.71688843
v 128.72912598 88.57197571 65.49996185
v 134.34425354 84.82006836 93.57972717
v 130.13796997 87.63061523 61.50160217
v 132.03398132 86.36374664 90.70358276
v 130.09803772 91.87682343 69.83843231
v 130.83584595 91.13902283 65.49996185
v 137.85266113 84.12220001 95.71688843
v 135.6111145 86.36374664 93.57972717
v 132.03398132 89.94089508 61.50160217
v 133.64639282 88.32847595 90.70358276
v 133.64639282 88.32847595 57.99700928
v 132.03398132 89.94089508 87.19898987
v 135.6111145 86.36374664 55.12086868
v 130.83584595 91.13902283 83.20063019
v 130.09803772 91.87682343 78.86215973
v 129.84890747 92.12595367 74.35029602
v 140.28488159 81.68997955 97.03295135
v 133.40289307 93.24573517 83.20063019
v 132.82319641 94.11330414 78.86215973
v 132.62745667 94.40625 74.35029602
v 140.82695007 82.13484955 97.03295135
v 132.82319641 94.11330414 69.83843231
v 138.91596985 84.99482727 95.71688843
v 133.40289307 93.24573517 65.49996185
v 137.15480042 87.63061523 93.57972717
v 134.34425354 91.83688354 61.50160217
v 135.6111145 89.94088745 90.70358276
v 135.6111145 89.94088745 57.99700928
v 134.34425354 91.83688354 87.19898987
v 137.15480042 87.63061523 55.12086868
v 140.12908936 85.64325714 95.71688843
v 138.91596985 88.57197571 93.57972717
v 136.331604 94.81116486 65.49996185
v 136.98002625 93.2457428 61.50160217
v 137.85266113 91.1390152 90.70358276
v 137.85266113 91.1390152 57.99700928
v 136.98002625 93.2457428 87.19898987
v 138.91596985 88.57197571 55.12086868
v 136.331604 94.81116486 83.20063019
v 135.93231201 95.77516174 78.86215973
v 135.79748535 96.10066223 74.35029602
v 141.44538879 82.46540833 97.03295135
v 135.93231201 95.77516174 69.83843231
v 139.50946045 95.77515411 83.20063019
v 139.30589294 96.79852295 78.86215973
v 139.2371521 97.14407349 74.35029602
v 142.11643982 82.6689682 97.03295135
v 139.30589294 96.79852295 69.83843231
v 141.44538879 86.04254913 95.71688843
v 139.50946045 95.77515411 65.49996185
v 140.82695007 89.15167236 93.57972717
v 139.8400116 94.11330414 61.50160217
v 140.28488159 91.87682343 90.70358276
v 140.28488159 91.87682343 57.99700928
v 139.8400116 94.11330414 87.19898987
v 140.82695007 89.15167236 55.12086868
v 142.81430054 97.49640656 71.70849609
v 142.81430054 97.49640656 84.78488922
v 146.39144897 97.14408875 84.78488922
v 146.39144897 97.14408875 71.70849609
v 149.83113098 96.10066986 84.78488922
v 149.83113098 96.10066986 71.70849609
v 153.00114441 94.40625763 84.78488922
v 153.00114441 94.40625763 71.70849609
v 155.7796936 92.1259613 84.78488922
v 155.7796936 92.1259613 71.70849609
v 158.05999756 89.34741211 84.78488922
v 158.05999756 89.34741211 71.70849609
v 159.75440979 86.17738342 84.78488922
v 159.75440979 86.17738342 71.70849609
v 160.79782104 82.73770905 84.78488922
v 160.79782104 82.73770905 71.70849609
v 161.15014648 79.16056061 84.78488922
v 161.15014648 79.16056061 71.70849609
v 160.79782104 75.58341217 84.78488922
v 160.79782104 75.58341217 71.70849609
v 159.75440979 72.14373779 84.78488922
v 159.75440979 72.14373779 71.70849609
v 158.05999756 68.97370911 84.78488922
v 158.05999756 68.97370911 71.70849609
v 155.7796936 66.19515991 84.78488922
v 155.7796936 66.19515991 71.70849609
v 153.00114441 63.91486359 84.78488922
v 153.00114441 63.91486359 71.70849609
v 149.83113098 62.22045135 84.78488922
v 149.83113098 62.22045135 71.70849609
v 146.39144897 61.17703629 84.78488922
v 146.39144897 61.17703629 71.70849609
v 142.81430054 60.82471466 84.78488922
v 142.81430054 60.82471466 71.70849609
v 139.2371521 61.17703629 84.78488922
v 139.2371521 61.17703629 71.70849609
v 135.79747009 62.22045135 84.78488922
v 135.79747009 62.22045135 71.70849609
v 132.62745667 63.91486359 84.78488922
v 132.62745667 63.91486359 71.70849609
v 129.84890747 66.19515991 84.78488922
v 129.84890747 66.19515991 71.70849609
v 127.56860352 68.97370911 84.78488922
v 127.56860352 68.97370911 71.70849609
v 125.87419128 72.14373779 84.78488922
v 125.87419128 72.14373779 71.70849609
v 124.83078003 75.58341217 84.78488922
v 124.83078003 75.58341217 71.70849609
v 124.47845459 79.16056061 84.78488922
v 124.47845459 79.16056061 71.70849609
v 124.83078003 82.73770905 84.78488922
v 124.83078003 82.73770905 71.70849609
v 125.87419128 86.17738342 84.78488922
v 125.87419128 86.17738342 71.70849609
v 127.56860352 89.34741211 84.78488922
v 127.56860352 89.34741211 71.70849609
v 129.84890747 92.1259613 84.78488922
v 129.84890747 92.1259613 71.70849609
v 132.62745667 94.40625763 84.78488922
v 132.62745667 94.40625763 71.70849609
v 135.79747009 96.10066986 84.78488922
v 135.79747009 96.10066986 71.70849609
v 139.2371521 97.14408875 84.78488922
v 139.2371521 97.14408875 71.70849609
v 178.09025574 87.22833252 57.60418701
v 176.39584351 87.22833252 58.21883392
v 176.39584351 86.53122711 58.1808815
v 178.09025574 86.74816132 57.57804871
v 157.57299805 87.22833252 59.73055649
v 154.13331604 87.22833252 59.5282402
v 154.13331604 86.06908417 59.46513367
v 157.57299805 85.99768066 59.66355515
v 179.13366699 87.22833252 56.93725586
v 179.13366699 86.9835434 56.92393494
v 161.15014648 87.22833252 59.79886627
v 161.15014648 85.97357178 59.73055267
v 143.16662598 87.22833252 56.93726349
v 142.81430054 87.22833252 56.24368286
v 143.16662598 86.98353577 56.92393494
v 179.48599243 87.22833252 56.24367523
v 164.72729492 87.22833252 59.73055267
v 164.72729492 85.99768066 59.66355515
v 144.21003723 87.22833252 57.60419083
v 144.21003723 86.74815369 57.57804871
v 168.16696167 87.22833252 59.52824402
v 168.16696167 86.06908417 59.46513367
v 145.90444946 87.22833252 58.21883392
v 145.90444946 86.53122711 58.18088531
v 171.33699036 87.22833252 59.19970703
v 171.33699036 86.18504333 59.14291
v 148.18475342 87.22833252 58.75757599
v 148.18475342 86.34107971 58.70927429
v 174.11553955 87.22833252 58.75757599
v 174.11553955 86.34108734 58.70927048
v 150.96330261 87.22833252 59.19971085
v 150.96330261 86.18503571 59.14291
v 148.18475342 85.4879303 58.56621552
v 150.96330261 85.18183899 58.9746933
v 174.11553955 85.4879303 58.56621552
v 176.39584351 85.86090851 58.06848526
v 154.13331604 84.95439148 59.27822113
v 178.09025574 86.28643799 57.50062561
v 157.57299805 84.81433105 59.46513367
v 179.13366699 86.74816132 56.88446426
v 161.15014648 84.76703644 59.52824402
v 143.16662598 86.74815369 56.88446808
v 164.72729492 84.81433105 59.46513367
v 144.21003723 86.28643036 57.50062943
v 168.16696167 84.95439148 59.27822113
v 145.90444946 85.86090851 58.06848907
v 171.33699036 85.18183899 58.9746933
v 161.15014648 83.6550827 59.19970703
v 164.72729492 83.72373962 59.14291
v 143.16662598 86.53122711 56.82037354
v 144.21003723 85.86090851 57.37490463
v 168.16696167 83.92707825 58.9746933
v 145.90444946 85.24314117 57.88596344
v 171.33699036 84.25728607 58.70152664
v 148.18475342 84.70166016 58.33390808
v 174.11553955 84.70166779 58.33390808
v 150.96330261 84.25728607 58.70152664
v 176.39584351 85.24314117 57.88596344
v 154.13331604 83.92707825 58.9746933
v 178.09025574 85.86090851 57.37490082
v 157.57299805 83.72373962 59.14291
v 179.13366699 86.53122711 56.82036972
v 174.11553955 84.01249695 58.02127075
v 176.39584351 84.70166779 57.64032364
v 150.96330261 83.44690704 58.33390808
v 154.13331604 83.02663422 58.56621552
v 178.09025574 85.4879303 57.20570374
v 157.57299805 82.76783752 58.70927429
v 179.13366699 86.34108734 56.7341156
v 161.15014648 82.68045044 58.75757599
v 143.16662598 86.34107971 56.7341156
v 164.72729492 82.76783752 58.70927429
v 144.21003723 85.4879303 57.20570374
v 168.16696167 83.02663422 58.56621552
v 145.90444946 84.70166016 57.64032745
v 171.33699036 83.44690704 58.33390808
v 148.18475342 84.01248932 58.02127075
v 164.72729492 81.98334503 58.1808815
v 168.16696167 82.28765869 58.06848526
v 144.21003723 85.18183899 56.99954224
v 145.90444946 84.25728607 57.34101868
v 171.33699036 82.78184509 57.88596344
v 148.18475342 83.44690704 57.64032745
v 174.11553955 83.44690704 57.64032364
v 150.96330261 82.78184509 57.88596344
v 176.39584351 84.25728607 57.34101486
v 154.13331604 82.28765869 58.06848526
v 178.09025574 85.18183899 56.99953461
v 157.57299805 81.98334503 58.18088531
v 179.13366699 86.18504333 56.62901306
v 161.15014648 81.88058472 58.21883392
v 143.16662598 86.18503571 56.62901306
v 176.39584351 83.92707825 56.99953461
v 178.09025574 84.95439148 56.76432037
v 154.13331604 81.73854828 57.50062561
v 157.57299805 81.40041351 57.57804871
v 179.13366699 86.0690918 56.50910187
v 161.15014648 81.28623962 57.60419083
v 143.16662598 86.06908417 56.50910187
v 164.72729492 81.40041351 57.57804871
v 144.21003723 84.95439148 56.76432419
v 168.16696167 81.73855591 57.50062561
v 145.90444946 83.92707825 56.99954224
v 171.33699036 82.28765869 57.37490082
v 148.18475342 83.02663422 57.20570374
v 174.11553955 83.02663422 57.20570374
v 150.96330261 82.28765869 57.37490082
v 144.21003723 84.81433105 56.50910187
v 145.90444946 83.72373962 56.62901306
v 168.16696167 81.40041351 56.88446426
v 171.33699036 81.98334503 56.82036972
v 148.18475342 82.76783752 56.7341156
v 174.11553955 82.76783752 56.7341156
v 150.96330261 81.98334503 56.82037354
v 176.39584351 83.72373962 56.62901306
v 154.13331604 81.40041351 56.88446808
v 178.09025574 84.81433105 56.50910187
v 157.57299805 81.04144287 56.92393494
v 179.13366699 85.99768829 56.37899017
v 161.15014648 80.92023468 56.93725967
v 143.16662598 85.99768066 56.37899017
v 164.72729492 81.04144287 56.92393494
v 154.13331604 81.28623962 56.24367905
v 157.57299805 80.92023468 56.24367905
v 178.09025574 84.76703644 56.24367523
v 179.13366699 85.97357178 56.24367523
v 161.15014648 80.79665375 56.24367905
v 143.16662598 85.97357178 56.24368286
v 164.72729492 80.92023468 56.24367905
v 144.21003723 84.76703644 56.24368286
v 168.16696167 81.28623962 56.24367905
v 145.90444946 83.6550827 56.24368286
v 171.33699036 81.88058472 56.24367905
v 148.18475342 82.68045044 56.24367905
v 174.11553955 82.68045044 56.24367523
v 150.96330261 81.88058472 56.24367905
v 176.39584351 83.6550827 56.24367523
v 168.16696167 81.40041351 55.60289001
v 171.33699036 81.98334503 55.66698456
v 145.90444946 83.72373962 55.85834503
v 148.18475342 82.76783752 55.75324249
v 174.11553955 82.76783752 55.75324249
v 150.96330261 81.98334503 55.66698456
v 176.39584351 83.72373962 55.85834503
v 154.13331604 81.40041351 55.60289001
v 178.09025574 84.81433105 55.97825623
v 157.57299805 81.04144287 55.56342316
v 179.13366699 85.99768829 56.10836792
v 161.15014648 80.92023468 55.5500946
v 143.16662598 85.99768066 56.10836792
v 164.72729492 81.04144287 55.56342316
v 144.21003723 84.81433105 55.97825623
v 178.09025574 84.95439148 55.72303009
v 179.13366699 86.0690918 55.97825623
v 157.57299805 81.40041351 54.90930939
v 161.15014648 81.28623962 54.88316727
v 143.16662598 86.06908417 55.97825623
v 164.72729492 81.40041351 54.90930939
v 144.21003723 84.95439148 55.72303391
v 168.16696167 81.73855591 54.98673248
v 145.90444946 83.92707825 55.48781967
v 171.33699036 82.28765869 55.11245346
v 148.18475342 83.02663422 55.28165436
v 174.11553955 83.02664185 55.28165054
v 150.96330261 82.28765869 55.11245728
v 176.39584351 83.92707825 55.48781586
v 154.13331604 81.73855591 54.98673248
v 145.90444946 84.25728607 55.14633942
v 148.18475342 83.44690704 54.84703064
v 174.11553955 83.44690704 54.84703064
v 171.33699036 82.66201019 54.72531891
v 172.73878479 83.11737061 54.72531891
v 150.96330261 82.66201782 54.72531891
v 149.56152344 83.11736298 54.72531891
v 176.39584351 84.25728607 55.14633942
v 154.13331604 81.99133301 54.72531891
v 178.09025574 85.18183899 55.48781586
v 157.57299805 81.57833099 54.72531891
v 179.13366699 86.18504333 55.85834503
v 161.15014648 81.43887329 54.72531891
v 143.16662598 86.18503571 55.85834503
v 164.72729492 81.57833099 54.72531891
v 144.21003723 85.18183899 55.48781967
v 168.16696167 81.99133301 54.72531891
v 143.16662598 86.34107971 55.75324249
v 179.13366699 86.34108734 55.75324249
v 144.21003723 85.4879303 55.28165436
v 145.90444946 84.70166016 54.84703064
v 148.18475342 83.62760925 54.72531891
v 146.63301086 84.4814682 54.72531891
v 174.11553955 83.62760925 54.72531891
v 176.39584351 84.70166779 54.84703064
v 175.6672821 84.48147583 54.72531891
v 178.09025574 85.4879303 55.28165054
v 176.39584351 84.96996307 54.72531891
v 178.09025574 85.86090851 55.11245346
v 176.80671692 85.39294434 54.72531891
v 179.13366699 86.53122711 55.66698456
v 143.16662598 86.53122711 55.66698456
v 144.21003723 85.86090851 55.11245728
v 145.90444946 84.96996307 54.72531891
v 145.49359131 85.39293671 54.72531891
v 179.13366699 86.74816132 55.60289001
v 143.16662598 86.74815369 55.60289001
v 144.21003723 86.28643036 54.98673248
v 177.3102417 86.09054565 54.72531891
v 178.09025574 86.28643799 54.98672867
v 177.57310486 86.68195343 54.72531891
v 178.09025574 86.74816132 54.90930939
v 179.13366699 86.9835434 55.56342316
v 143.16662598 86.98353577 55.56342316
v 144.21003723 86.74815369 54.90930939
v 143.16662598 87.22833252 55.5500946
v 144.21003723 87.22833252 54.88317108
v 177.65510559 87.22833252 54.72531891
v 178.09025574 87.22833252 54.88316727
v 179.13366699 87.22833252 55.5500946
v 177.57310486 87.77471924 54.72531891
v 178.09025574 87.70851135 54.90930939
v 179.13366699 87.47312164 55.56342316
v 143.16662598 87.47312164 55.56342316
v 144.21003723 87.70850372 54.90930939
v 177.3102417 88.36611938 54.72531891
v 178.09025574 88.17022705 54.98673248
v 179.13366699 87.70851135 55.60289001
v 143.16662598 87.70850372 55.60289001
v 144.21003723 88.17022705 54.98673248
v 176.80671692 89.0637207 54.72531891
v 178.09025574 88.59575653 55.11245346
v 179.13366699 87.92543793 55.66698456
v 143.16662598 87.92543793 55.66698456
v 144.21003723 88.59575653 55.11245728
v 178.09025574 88.96873474 55.28165054
v 176.39584351 89.48670197 54.72531891
v 176.39584351 89.75500488 54.84703064
v 179.13366699 88.11558533 55.75324249
v 143.16662598 88.1155777 55.75324249
v 144.21003723 88.96872711 55.28165436
v 178.09025574 89.27482605 55.48781586
v 179.13366699 88.27162933 55.85834503
v 143.16662598 88.2716217 55.85834503
v 144.21003723 89.27482605 55.48781967
v 145.90444946 89.75499725 54.84703064
v 145.90444946 90.19937897 55.14633942
v 176.39584351 90.19937897 55.14633942
v 175.6672821 89.97518921 54.72531891
v 174.11553955 90.82905579 54.72531891
v 174.11553955 91.009758 54.84703064
v 148.18475342 91.009758 54.84703445
v 145.90444946 90.52958679 55.48781967
v 148.18475342 91.43002319 55.28165436
v 174.11553955 91.43002319 55.28165054
v 172.73876953 91.33929443 54.72531891
v 171.33699036 91.79464722 54.72531891
v 171.33699036 92.16900635 55.11245346
v 176.39584351 90.52958679 55.48781586
v 178.09025574 89.50227356 55.72303009
v 179.13366699 88.38758087 55.97825623
v 143.16662598 88.38757324 55.97825623
v 144.21003723 89.50227356 55.72303391
v 178.09025574 89.64233398 55.97825623
v 179.13366699 88.45898438 56.10836792
v 161.15014648 93.17042542 54.88316727
v 157.57299805 93.05625153 54.90930939
v 157.57299805 93.41521454 55.56342316
v 161.15014648 93.53642273 55.5500946
v 143.16662598 88.45897675 56.10836792
v 164.72729492 93.05625153 54.90930939
v 164.72729492 93.41521454 55.56342316
v 144.21003723 89.64233398 55.97825623
v 168.16696167 92.71810913 54.98673248
v 168.16696167 93.05625153 55.60289001
v 145.90444946 90.73291779 55.85834503
v 171.33699036 92.47332001 55.66698456
v 148.18475342 91.68882751 55.75324249
v 174.11553955 91.68882751 55.75324249
v 150.96328735 92.16900635 55.11245728
v 150.96328735 92.47332001 55.66698456
v 176.39584351 90.73292542 55.85834503
v 154.13331604 92.71810913 54.98673248
v 154.13331604 93.05625153 55.60289001
v 171.33699036 92.57607269 56.24367905
v 174.11553955 91.7762146 56.24367905
v 148.18475342 91.7762146 56.24368286
v 150.96328735 92.57607269 56.24368286
v 176.39584351 90.80158234 56.24367523
v 154.13331604 93.17042542 56.24368286
v 178.09025574 89.6896286 56.24367523
v 157.57299805 93.53642273 56.24368286
v 179.13366699 88.48309326 56.24367523
v 161.15014648 93.66001129 56.24367905
v 143.16662598 88.48308563 56.24368286
v 164.72729492 93.53642273 56.24367905
v 144.21003723 89.6896286 56.24368286
v 168.16696167 93.17042542 56.24367905
v 145.90444946 90.80158234 56.24368286
v 143.16662598 88.45897675 56.37899017
v 179.13366699 88.45898438 56.37899017
v 161.15014648 93.53642273 56.93726349
v 164.72729492 93.41521454 56.92393494
v 144.21003723 89.64233398 56.50910187
v 168.16696167 93.05625153 56.88446426
v 145.90444946 90.73291779 56.62901306
v 171.33699036 92.47332001 56.82036972
v 148.18475342 91.68882751 56.7341156
v 174.11553955 91.68882751 56.7341156
v 150.96328735 92.47332001 56.82037354
v 176.39584351 90.73292542 56.62901306
v 154.13331604 93.05625153 56.88446808
v 178.09025574 89.64233398 56.50910187
v 157.57299805 93.41521454 56.92393494
v 148.18475342 91.43002319 57.20570374
v 150.96330261 92.16899872 57.37490082
v 174.11553955 91.43002319 57.20570374
v 176.39584351 90.52958679 56.99953461
v 154.13331604 92.71810913 57.50062561
v 178.09025574 89.50227356 56.76432037
v 157.57299805 93.05625153 57.57804871
v 179.13366699 88.38758087 56.50910187
v 161.15014648 93.17042542 57.60419083
v 143.16662598 88.38757324 56.50910187
v 164.72729492 93.05625153 57.57804871
v 144.21003723 89.50227356 56.76432419
v 168.16696167 92.71810913 57.50062561
v 145.90444946 90.52957916 56.99954224
v 171.33699036 92.16900635 57.37490082
v 161.15014648 92.57607269 58.21883392
v 164.72729492 92.47332001 58.1808815
v 143.16662598 88.2716217 56.62901306
v 144.21003723 89.27482605 56.99953842
v 168.16696167 92.16899872 58.06848526
v 145.90444946 90.19937897 57.34101868
v 171.33699036 91.67481995 57.88596344
v 148.18475342 91.00975037 57.64032745
v 174.11553955 91.009758 57.64031982
v 150.96330261 91.67481995 57.88596344
v 176.39584351 90.19937897 57.34101486
v 154.13331604 92.16899872 58.06848526
v 178.09025574 89.27482605 56.99953461
v 157.57299805 92.47332001 58.1808815
v 179.13366699 88.27162933 56.62901306
v 174.11553955 90.44416809 58.02127075
v 176.39584351 89.75500488 57.64032364
v 150.96330261 91.009758 58.33390808
v 154.13331604 91.43002319 58.56621552
v 178.09025574 88.96873474 57.20570374
v 157.57299805 91.68882751 58.70927048
v 179.13366699 88.1155777 56.7341156
v 161.15014648 91.7762146 58.75757599
v 143.16662598 88.1155777 56.7341156
v 164.72729492 91.68882751 58.70927048
v 144.21003723 88.96872711 57.20570374
v 168.16696167 91.43002319 58.56621552
v 145.90444946 89.75499725 57.64032745
v 171.33699036 91.009758 58.33390808
v 148.18475342 90.44416809 58.02127075
v 143.16662598 87.92543793 56.82037354
v 144.21003723 88.5957489 57.37490082
v 164.72729492 90.73291779 59.14290619
v 168.16696167 90.52957916 58.9746933
v 145.90444946 89.21352386 57.88596344
v 171.33699036 90.19937897 58.70152664
v 148.18475342 89.75499725 58.33390808
v 174.11553955 89.75499725 58.33390808
v 150.96330261 90.19937897 58.70152664
v 176.39584351 89.21352386 57.88595963
v 154.13331604 90.52957916 58.9746933
v 178.09025574 88.59575653 57.37490082
v 157.57299805 90.73291779 59.14291
v 179.13366699 87.92543793 56.82036972
v 161.15014648 90.80158234 59.19970703
v 150.96330261 89.27482605 58.9746933
v 154.13331604 89.50227356 59.27821732
v 176.39584351 88.59575653 58.06848526
v 178.09025574 88.17022705 57.50062561
v 157.57299805 89.64233398 59.46512985
v 179.13366699 87.70851135 56.88446426
v 161.15014648 89.6896286 59.52824402
v 143.16662598 87.70850372 56.88446808
v 164.72729492 89.64233398 59.46512985
v 144.21003723 88.17022705 57.50062561
v 168.16696167 89.50227356 59.27821732
v 145.90444946 88.59575653 58.06848907
v 171.33699036 89.27482605 58.9746933
v 148.18475342 88.96872711 58.56621552
v 174.11553955 88.96872711 58.56621552
v 164.72729492 88.45897675 59.66355133
v 168.16696167 88.38757324 59.46512985
v 144.21003723 87.70850372 57.57804871
v 145.90444946 87.92543793 58.18088531
v 171.33699036 88.2716217 59.14290619
v 148.18475342 88.1155777 58.70927048
v 174.11553955 88.1155777 58.70926666
v 150.96330261 88.2716217 59.14291
v 176.39584351 87.92543793 58.1808815
v 154.13331604 88.38757324 59.46512985
v 178.09025574 87.70851135 57.57804871
v 157.57299805 88.45897675 59.66355133
v 179.13366699 87.47312164 56.92393112
v 161.15014648 88.48309326 59.73055267
v 143.16662598 87.47312164 56.92393494
v 142.81430054 89.34740448 104.81045532
v 142.81430054 86.17737579 106.94763184
v 144.18321228 86.04255676 106.94763184
v 144.801651 89.15167236 104.81045532
v 142.81430054 94.40625 72.73233795
v 142.81430054 96.10066986 76.73069763
v 146.11914062 95.77516937 76.73069763
v 145.78858948 94.11331177 72.73233795
v 142.81430054 92.12595367 101.93431854
v 145.34371948 91.87683105 101.93431854
v 142.81430054 92.12595367 69.22774506
v 145.34371948 91.87683105 69.22774506
v 142.81430054 94.40625 98.42972565
v 145.78857422 94.11331177 98.42972565
v 142.81430054 89.34740448 66.35160065
v 144.801651 89.15167236 66.35160065
v 142.81430054 96.10064697 94.43136597
v 146.11914062 95.77516937 94.43136597
v 142.81430054 86.17737579 64.21443176
v 144.18321228 86.04255676 64.21443176
v 142.81430054 97.14408112 90.09289551
v 146.32270813 96.79853821 90.09289551
v 142.81430054 82.73770142 62.89837646
v 143.51216125 82.6689682 62.89837646
v 142.81430054 97.4963913 85.5810318
v 146.39143372 97.14408112 85.5810318
v 142.81430054 82.73770142 108.26368713
v 142.81430054 79.16056061 108.70806885
v 143.51216125 82.6689682 108.26368713
v 142.81430054 79.16056061 62.45399475
v 142.81430054 97.14408112 81.06917572
v 146.32270813 96.79853821 81.06917572
v 144.18321228 82.46540833 108.26368713
v 145.49951172 85.64325714 106.94763184
v 149.69628906 95.77516937 81.06916809
v 149.29699707 94.81118011 76.73069763
v 146.71263123 88.57197571 104.81045532
v 148.64857483 93.2457428 72.73233795
v 147.77593994 91.13902283 101.93431854
v 147.77593994 91.13902283 69.22774506
v 148.64857483 93.2457428 98.42972565
v 146.71263123 88.57197571 66.35160065
v 149.29699707 94.81118011 94.43136597
v 145.49951172 85.64325714 64.21443176
v 149.69628906 95.77516937 90.09289551
v 144.18321228 82.46540833 62.89837646
v 149.83111572 96.10066223 85.5810318
v 151.28434753 91.83689117 98.42972565
v 152.22572327 93.2457428 94.43136597
v 148.47380066 87.63061523 66.35160065
v 146.71263123 84.9948349 64.21443176
v 152.80540466 94.11331177 90.09289551
v 144.801651 82.13484192 62.89837646
v 153.00114441 94.40625 85.5810318
v 144.801651 82.13484192 108.26368713
v 152.80540466 94.11331177 81.06916809
v 146.71263123 84.9948349 106.94763184
v 152.22572327 93.2457428 76.73069763
v 148.47380066 87.63061523 104.81045532
v 151.28434753 91.83689117 72.73233795
v 150.01748657 89.94088745 101.93431854
v 150.01748657 89.94088745 69.22774506
v 155.53056335 91.87683105 81.06916809
v 154.79275513 91.13902283 76.73069763
v 147.77593994 84.12220001 106.94763184
v 150.01748657 86.36374664 104.81045532
v 153.59463501 89.94088745 72.73233795
v 151.98222351 88.32847595 101.93431854
v 151.98222351 88.32847595 69.22774506
v 153.59463501 89.94088745 98.42972565
v 150.01748657 86.36374664 66.35160065
v 154.79275513 91.13902283 94.43136597
v 147.77593994 84.12220001 64.21443176
v 155.53056335 91.87683105 90.09289551
v 145.34371948 81.68997955 62.89837646
v 155.7796936 92.12595367 85.5810318
v 145.34371948 81.68997955 108.26368713
v 151.28434753 84.82006836 66.35160065
v 148.64857483 83.05889893 64.21443176
v 156.8994751 88.57197571 94.43136597
v 157.76704407 89.15166473 90.09289551
v 145.78858948 81.14791107 62.89837646
v 158.0599823 89.34740448 85.5810318
v 145.78857422 81.14791107 108.26368713
v 157.76704407 89.15166473 81.06916809
v 148.64857483 83.05889893 106.94763184
v 156.8994751 88.57197571 76.73069763
v 151.28434753 84.82006836 104.81045532
v 155.4906311 87.6306076 72.73233795
v 153.59463501 86.36374664 101.93431854
v 153.59463501 86.36374664 69.22774506
v 155.4906311 87.6306076 98.42972565
v 149.29699707 81.84577942 106.94763184
v 152.22572327 83.05889893 104.81045532
v 158.46490479 85.64325714 76.73069763
v 156.8994751 84.9948349 72.73233795
v 154.79275513 84.12220001 101.93431854
v 154.79275513 84.12220001 69.22774506
v 156.8994751 84.9948349 98.42972565
v 152.22572327 83.05889893 66.35160065
v 158.46492004 85.64325714 94.43136597
v 149.29699707 81.84577942 64.21443176
v 159.4289093 86.04254913 90.09289551
v 146.11914062 80.52947235 62.89837646
v 159.75439453 86.17737579 85.5810318
v 146.11914062 80.52947235 108.26368713
v 159.42889404 86.04254913 81.06916809
v 159.42889404 82.46540833 94.43136597
v 160.45227051 82.6689682 90.09289551
v 149.69628906 80.52947235 64.21443176
v 146.32270813 79.85842133 62.89837646
v 160.79782104 82.73770142 85.5810318
v 146.32270813 79.85842133 108.26368713
v 160.45227051 82.6689682 81.06916809
v 149.69628906 80.52947235 106.94763184
v 159.42889404 82.46540833 76.73069763
v 152.80540466 81.14791107 104.81045532
v 157.76704407 82.13484192 72.73233795
v 155.53056335 81.68997955 101.93431854
v 155.53056335 81.68997955 69.22774506
v 157.76704407 82.13484192 98.42972565
v 152.80540466 81.14791107 66.35160065
v 159.75439453 79.16055298 76.73069763
v 158.0599823 79.16056061 72.73233795
v 153.00114441 79.16056061 104.81045532
v 155.7796936 79.16055298 101.93431854
v 155.7796936 79.16055298 69.22774506
v 158.0599823 79.16056061 98.42972565
v 153.00114441 79.16056061 66.35160065
v 159.75439453 79.16055298 94.43136597
v 149.83111572 79.16056061 64.21443176
v 160.79782104 79.16055298 90.09289551
v 146.39143372 79.16056061 62.89837646
v 161.15013123 79.16055298 85.5810318
v 146.39143372 79.16056061 108.26368713
v 160.79782104 79.16055298 81.06916809
v 149.83111572 79.16056061 106.94763184
v 149.69628906 77.79164124 64.21443176
v 146.32270813 78.46269226 62.89837646
v 160.45227051 75.65214539 90.09289551
v 160.79782104 75.58341217 85.5810318
v 146.32270813 78.46269226 108.26368713
v 160.45227051 75.65214539 81.06916809
v 149.69628906 77.79164124 106.94763184
v 159.42889404 75.85570526 76.73069763
v 152.80540466 77.17320251 104.81045532
v 157.76704407 76.18627167 72.73233795
v 155.53056335 76.63113403 101.93431854
v 155.53056335 76.63113403 69.22774506
v 157.76704407 76.18627167 98.42972565
v 152.80540466 77.17320251 66.35160065
v 159.42889404 75.85570526 94.43136597
v 156.8994751 73.32628632 72.73233795
v 154.79275513 74.19891357 69.22774506
v 154.79275513 74.19891357 101.93431854
v 156.8994751 73.32628632 98.42972565
v 152.22570801 75.26222229 66.35160065
v 158.46490479 72.67785645 94.43136597
v 149.29699707 76.47533417 64.21443176
v 159.42889404 72.27856445 90.09289551
v 146.11914062 77.79164124 62.89837646
v 159.75439453 72.14373779 85.5810318
v 146.11914062 77.79164124 108.26368713
v 159.42889404 72.27856445 81.06916809
v 149.29699707 76.47533417 106.94763184
v 158.46490479 72.67785645 76.73069763
v 152.22572327 75.26222229 104.81045532
v 145.78857422 77.17320251 108.26368713
v 145.78857422 77.17320251 62.89837646
v 158.0599823 68.97370911 85.5810318
v 157.76704407 69.16944885 81.06916809
v 148.64857483 75.26222229 106.94763184
v 156.8994751 69.74913788 76.73069763
v 151.28434753 73.50104523 104.81045532
v 155.4906311 70.69050598 72.73233795
v 153.59461975 71.95736694 101.93431854
v 153.59461975 71.95736694 69.22774506
v 155.4906311 70.69050598 98.42972565
v 151.28434753 73.50104523 66.35160065
v 156.8994751 69.74913788 94.43136597
v 148.64857483 75.26222229 64.21443176
v 157.76704407 69.16944885 90.09289551
v 151.98220825 69.99263763 101.93431854
v 153.59463501 68.38022614 98.42972565
v 151.98220825 69.99263763 69.22774506
v 150.01748657 71.95736694 66.35160065
v 154.79275513 67.18209839 94.43136597
v 147.77593994 74.19891357 64.21443176
v 155.53056335 66.44429016 90.09289551
v 145.34371948 76.63113403 62.89837646
v 155.7796936 66.19515991 85.5810318
v 145.34371948 76.63113403 108.26368713
v 155.53056335 66.44429016 81.06916809
v 147.77593994 74.19891357 106.94763184
v 154.79275513 67.18209839 76.73069763
v 150.01748657 71.95736694 104.81045532
v 153.59461975 68.38022614 72.73233795
v 153.00114441 63.91486359 85.5810318
v 152.80540466 64.20780945 81.06916809
v 144.801651 76.18627167 108.26368713
v 146.71263123 73.32628632 106.94763184
v 152.22570801 65.07537842 76.73069763
v 148.47380066 70.69050598 104.81045532
v 151.28434753 66.48422241 72.73233795
v 150.01748657 68.38022614 101.93431854
v 150.01748657 68.38022614 69.22774506
v 151.28434753 66.48422241 98.42972565
v 148.47380066 70.69050598 66.35160065
v 152.22570801 65.07537842 94.43136597
v 146.71263123 73.32628632 64.21443176
v 152.80540466 64.20780945 90.09289551
v 144.801651 76.18627167 62.89837646
v 147.77593994 67.18209839 69.22774506
v 146.71263123 69.74913788 66.35160065
v 148.64857483 65.07537842 98.42972565
v 149.29699707 63.50994492 94.43136597
v 145.49951172 72.67786407 64.21443176
v 149.69628906 62.54595566 90.09289551
v 144.18321228 75.85570526 62.89837646
v 149.83111572 62.22045517 85.5810318
v 144.18321228 75.85570526 108.26368713
v 149.69628906 62.54595566 81.06916809
v 145.49951172 72.67786407 106.94763184
v 149.29698181 63.50994492 76.73069763
v 146.71263123 69.74913788 104.81045532
v 148.64857483 65.07537842 72.73233795
v 147.77593994 67.18209839 101.93431854
v 143.51216125 75.65214539 108.26368713
v 144.18321228 72.27856445 106.94763184
v 146.32270813 61.52259064 81.06917572
v 146.11914062 62.54595566 76.73069763
v 144.801651 69.16944885 104.81045532
v 145.78857422 64.20780945 72.73233795
v 145.34371948 66.44429016 101.93431854
v 145.34371948 66.44429016 69.22774506
v 145.78857422 64.20780945 98.42972565
v 144.801651 69.16944885 66.35160065
v 146.11914062 62.54595566 94.43136597
v 144.18321228 72.27856445 64.21443176
v 146.32270813 61.52259064 90.09289551
v 143.51216125 75.65214539 62.89837646
v 146.39143372 61.1770401 85.5810318
v 142.81430054 63.9148674 98.42972565
v 142.81428528 62.22045898 94.43136597
v 142.81430054 68.97370911 66.35160065
v 142.81430054 72.14373779 64.21443176
v 142.81428528 61.17704391 90.09289551
v 142.81430054 75.58341217 62.89837646
v 142.81428528 60.82472229 85.5810318
v 142.81430054 75.58341217 108.26368713
v 142.81428528 61.17704391 81.06917572
v 142.81430054 72.14373779 106.94763184
v 142.81428528 62.22045898 76.73069763
v 142.81430054 68.97370911 104.81045532
v 142.81430054 63.9148674 72.73233795
v 142.81430054 66.19516754 101.93431854
v 142.81430054 66.19516754 69.22774506
v 139.30587769 61.52259064 81.06916809
v 139.50944519 62.54595184 76.73069763
v 141.44538879 72.27856445 106.94763184
v 140.82693481 69.16944885 104.81045532
v 139.8400116 64.20780945 72.73233795
v 140.28486633 66.44429779 101.93431854
v 140.28486633 66.44429779 69.22774506
v 139.8400116 64.20780945 98.42972565
v 140.82693481 69.16944885 66.35160065
v 139.50944519 62.54595184 94.43136597
v 141.44537354 72.27856445 64.21443176
v 139.30587769 61.52259064 90.09289551
v 142.11642456 75.65214539 62.89837646
v 139.2371521 61.17703247 85.5810318
v 142.11642456 75.65214539 108.26368713
v 138.91595459 69.74913788 66.35160065
v 140.1290741 72.67786407 64.21443176
v 136.331604 63.50994492 94.4313736
v 135.93229675 62.54595566 90.09289551
v 141.44537354 75.85570526 62.89837646
v 135.79747009 62.22045135 85.5810318
v 141.44537354 75.85570526 108.26368713
v 135.93229675 62.54595566 81.06916809
v 140.1290741 72.67786407 106.94763184
v 136.331604 63.50994492 76.73069763
v 138.91595459 69.74913788 104.81045532
v 136.98002625 65.07537842 72.73233795
v 137.85264587 67.18209839 101.93431854
v 137.85264587 67.18209839 69.22774506
v 136.98002625 65.07537842 98.42972565
v 133.40287781 65.07537842 76.73069763
v 134.34423828 66.48423767 72.73233795
v 137.15478516 70.69050598 104.81046295
v 135.6111145 68.38023376 101.93431854
v 135.6111145 68.38023376 69.22774506
v 134.34423828 66.48423767 98.42972565
v 137.15478516 70.69050598 66.35160065
v 133.40287781 65.07537842 94.4313736
v 138.91595459 73.32628632 64.21443176
v 132.82319641 64.20780945 90.09289551
v 140.82693481 76.18627167 62.89837646
v 132.62744141 63.91486359 85.5810318
v 140.82693481 76.18627167 108.26368713
v 132.82318115 64.20780945 81.06916809
v 138.91595459 73.32628632 106.94763184
v 137.85266113 74.1989212 64.21443176
v 140.28486633 76.63113403 62.89837646
v 130.09802246 66.44429016 90.09289551
v 129.84889221 66.19515991 85.5810318
v 140.28486633 76.63113403 108.26368713
v 130.09802246 66.44429016 81.06916809
v 137.85266113 74.1989212 106.94763184
v 130.83583069 67.18209839 76.73069763
v 135.61109924 71.95736694 104.81046295
v 132.03396606 68.38022614 72.73233795
v 133.64637756 69.99264526 101.93431854
v 133.64637756 69.99264526 69.22774506
v 132.03396606 68.38022614 98.42972565
v 135.61109924 71.95736694 66.35160065
v 130.83583069 67.18209839 94.43136597
v 134.34423828 73.50105286 104.81046295
v 132.03396606 71.95737457 101.93431854
v 130.13796997 70.69050598 72.73233795
v 132.03396606 71.95737457 69.22774506
v 130.13796997 70.69050598 98.42972565
v 134.34423828 73.50105286 66.35160065
v 128.72911072 69.74914551 94.43136597
v 136.98002625 75.26222229 64.21443176
v 127.86154938 69.16945648 90.09289551
v 139.8400116 77.17320251 62.89837646
v 127.56860352 68.97371674 85.5810318
v 139.8400116 77.17320251 108.26368713
v 127.86154938 69.16945648 81.06916809
v 136.98002625 75.26222229 106.94763184
v 128.72911072 69.74914551 76.73069763
v 126.19969177 72.27857208 90.09289551
v 125.87419128 72.14373779 85.5810318
v 139.50944519 77.79164124 108.26368713
v 139.50944519 77.79164124 62.89837646
v 126.19969177 72.27857208 81.06916809
v 136.331604 76.47533417 106.94763184
v 127.16368103 72.67786407 76.73069763
v 133.40287781 75.26222229 104.81046295
v 128.72911072 73.32628632 72.73233795
v 130.83583069 74.1989212 101.93431854
v 130.83584595 74.1989212 69.22774506
v 128.72911072 73.32628632 98.42972565
v 133.40287781 75.26222229 66.35160065
v 127.16368103 72.67786407 94.43136597
v 136.331604 76.47533417 64.21443176
v 127.86154938 76.18627167 72.73233795
v 130.09803772 76.63114166 69.22774506
v 130.09803772 76.63114166 101.93431854
v 127.86154938 76.18627167 98.42972565
v 132.82318115 77.17320251 66.35160065
v 126.19969177 75.85571289 94.43136597
v 135.93229675 77.79164124 64.21443176
v 125.17633057 75.65215302 90.09289551
v 139.30589294 78.46269226 62.89837646
v 124.83078003 75.5834198 85.5810318
v 139.30587769 78.46269226 108.26368713
v 125.17633057 75.65215302 81.06917572
v 135.93231201 77.79164124 106.94763184
v 126.19969177 75.85571289 76.73069763
v 132.82318115 77.17320251 104.81046295
v 139.2371521 79.16056061 108.26368713
v 139.2371521 79.16056061 62.89837646
v 124.47845459 79.16056061 85.5810318
v 124.83078003 79.16056061 81.06917572
v 135.79747009 79.16056061 106.94763184
v 125.87419891 79.16056061 76.73069763
v 132.62744141 79.16056061 104.81046295
v 127.56861115 79.16056061 72.73233795
v 129.84890747 79.16056061 101.93431854
v 129.84890747 79.16056061 69.22774506
v 127.56860352 79.16056061 98.42972565
v 132.62744141 79.16056061 66.35160065
v 125.87419891 79.16056061 94.43136597
v 135.79747009 79.16056061 64.21443176
v 124.83078003 79.16056061 90.09289551
v 130.09803772 81.68997955 101.93431854
v 127.86154938 82.13484955 98.42972565
v 130.09803772 81.68997955 69.22774506
v 132.82318115 81.14791107 66.35160065
v 126.19969177 82.46540833 94.43136597
v 135.93229675 80.52947235 64.21443176
v 125.17633057 82.6689682 90.09289551
v 139.30589294 79.85842133 62.89837646
v 124.83078003 82.73770142 85.5810318
v 139.30589294 79.85842133 108.26368713
v 125.17633057 82.6689682 81.06917572
v 135.93231201 80.52947235 106.94763184
v 126.19969177 82.46540833 76.73069763
v 132.82318115 81.14791107 104.81046295
v 127.86154938 82.13484955 72.73233795
v 125.87419128 86.17738342 85.5810318
v 126.1996994 86.04255676 81.06916809
v 139.50944519 80.52947235 108.26368713
v 136.331604 81.84577942 106.94763184
v 127.16368103 85.64325714 76.73069763
v 133.40287781 83.05889893 104.81046295
v 128.72912598 84.9948349 72.73233795
v 130.83584595 84.12220001 101.93431854
v 130.83583069 84.12220001 69.22774506
v 128.72911072 84.9948349 98.42972565
v 133.40287781 83.05889893 66.35160065
v 127.16368103 85.64325714 94.43136597
v 136.331604 81.84577942 64.21443176
v 126.1996994 86.04255676 90.09289551
v 139.50944519 80.52947235 62.89837646
v 132.03396606 86.36374664 69.22774506
v 134.34423828 84.82006836 66.35160065
v 130.13796997 87.6306076 98.42972565
v 128.72912598 88.57197571 94.43136597
v 136.98002625 83.0588913 64.21443176
v 127.86155701 89.15166473 90.09289551
v 139.8400116 81.14791107 62.89837646
v 127.56861115 89.34740448 85.5810318
v 139.8400116 81.14791107 108.26368713
v 127.86155701 89.15166473 81.06916809
v 136.98002625 83.0588913 106.94763184
v 128.72912598 88.57197571 76.73069763
v 134.34423828 84.82006836 104.81046295
v 130.13796997 87.6306076 72.73233795
v 132.03396606 86.36374664 101.93431854
v 130.09803772 91.87682343 81.06916809
v 130.83583069 91.1390152 76.73069763
v 137.85266113 84.12220001 106.94763184
v 135.6111145 86.36374664 104.81046295
v 132.03396606 89.94088745 72.73233795
v 133.64637756 88.32847595 101.93431854
v 133.64637756 88.32847595 69.22774506
v 132.03396606 89.94088745 98.42972565
v 135.6111145 86.36374664 66.35160065
v 130.83584595 91.1390152 94.43136597
v 137.85266113 84.12220001 64.21443176
v 130.09803772 91.87682343 90.09289551
v 140.28488159 81.68997955 62.89837646
v 129.84890747 92.12595367 85.5810318
v 140.28488159 81.68997955 108.26368713
v 137.15478516 87.6306076 66.35160065
v 138.91596985 84.99482727 64.21443176
v 133.40289307 93.24573517 94.4313736
v 132.82319641 94.11330414 90.09289551
v 140.82695007 82.13484192 62.89837646
v 132.62745667 94.40625 85.5810318
v 140.82693481 82.13484192 108.26368713
v 132.82319641 94.11330414 81.06916809
v 138.91595459 84.99482727 106.94763184
v 133.40287781 93.24573517 76.73069763
v 137.15478516 87.6306076 104.81046295
v 134.34423828 91.83688354 72.73233795
v 135.6111145 89.94088745 101.93431854
v 135.6111145 89.94088745 69.22774506
v 134.34425354 91.83688354 98.42972565
v 140.1290741 85.64324951 106.94763184
v 138.91595459 88.57197571 104.81045532
v 136.331604 94.81116486 76.73069763
v 136.98002625 93.24573517 72.73233795
v 137.85266113 91.1390152 101.93431854
v 137.85266113 91.1390152 69.22774506
v 136.98002625 93.24573517 98.42972565
v 138.91595459 88.57197571 66.35160065
v 136.331604 94.81116486 94.4313736
v 140.1290741 85.64324951 64.21443176
v 135.93231201 95.77515411 90.09289551
v 141.44538879 82.46540833 62.89837646
v 135.79748535 96.10066223 85.5810318
v 141.44538879 82.46540833 108.26368713
v 135.93231201 95.77515411 81.06916809
v 139.50944519 95.77514648 94.43136597
v 139.30589294 96.79852295 90.09289551
v 141.44538879 86.04254913 64.21443176
v 142.11642456 82.6689682 62.89837646
v 139.2371521 97.14407349 85.5810318
v 142.11642456 82.6689682 108.26368713
v 139.30589294 96.79852295 81.06916809
v 141.44538879 86.04254913 106.94763184
v 139.50944519 95.77514648 76.73069763
v 140.82693481 89.15166473 104.81045532
v 139.8400116 94.11330414 72.73233795
v 140.28488159 91.8768158 101.93431854
v 140.28488159 91.8768158 69.22774506
v 139.8400116 94.11330414 98.42972565
v 140.82693481 89.15166473 66.35160065
v 142.81430054 99.26532745 61.3065834
v 142.81430054 100.06448364 63.00099945
v 144.04766846 100.01513672 63.00099945
v 143.66384888 99.2313385 61.3065834
v 142.81430054 102.03000641 81.82384491
v 142.81430054 101.76696014 85.26351929
v 144.86532593 101.68490601 85.26351929
v 144.99165344 101.94289398 81.82384491
v 142.81430054 98.39819336 60.26316833
v 143.24739075 98.380867 60.26316833
v 142.81430054 102.11882019 78.24669647
v 145.03430176 102.03000641 78.24669647
v 142.81430054 98.39819336 96.23021698
v 142.81430054 97.49639893 96.58253479
v 143.24739075 98.380867 96.23021698
v 142.81430054 97.49639893 59.91085052
v 142.81428528 102.03000641 74.66954803
v 144.99165344 101.94289398 74.66954803
v 142.81430054 99.26532745 95.1867981
v 143.66384888 99.2313385 95.1867981
v 142.81430054 101.76696777 71.22987366
v 144.86532593 101.68490601 71.22987366
v 142.81430054 100.06448364 93.49238586
v 144.04766846 100.01513672 93.49238586
v 142.81430054 101.3398056 68.05984497
v 144.66017151 101.26595306 68.05984497
v 142.81428528 100.76494598 91.21208954
v 144.38407898 100.70214844 91.21208954
v 142.81430054 100.76494598 65.28129578
v 144.38407898 100.70214844 65.28129578
v 142.81430054 101.3398056 88.43354797
v 144.66017151 101.26595306 88.43354797
v 145.89353943 100.5161438 91.21208954
v 146.43510437 101.04724121 88.43354797
v 145.89353943 100.5161438 65.28129578
v 145.23364258 99.8690033 63.00099945
v 146.83752441 101.4418869 85.26351929
v 144.48077393 99.13067627 61.3065834
v 147.08532715 101.68490601 81.82384491
v 143.66386414 98.32954407 60.26316833
v 147.16900635 101.76696777 78.24669647
v 143.66386414 98.32954407 96.23021698
v 147.08532715 101.68490601 74.66954803
v 144.48077393 99.13067627 95.1867981
v 146.83752441 101.4418869 71.22987366
v 145.23364258 99.8690033 93.49238586
v 146.43510437 101.04724121 68.05984497
v 149.13635254 101.3398056 78.24669647
v 149.01487732 101.26595306 74.66954803
v 144.04766846 98.24621582 96.23021698
v 145.23364258 98.96720886 95.1867981
v 148.65512085 101.04724121 71.22987366
v 146.3266449 99.63168335 93.49238586
v 148.07089233 100.69207764 68.05984497
v 147.28466797 100.21409607 91.21208954
v 147.28466797 100.21409607 65.28129578
v 148.07089233 100.69207764 88.43354797
v 146.3266449 99.63168335 63.00099945
v 148.65512085 101.04724121 85.26351929
v 145.23364258 98.96720886 61.3065834
v 149.01487732 101.26595306 81.82384491
v 144.04766846 98.24621582 60.26316833
v 148.5039978 99.80761719 65.28129578
v 147.28466797 99.31230927 63.00099945
v 149.50468445 100.21409607 88.43354797
v 150.2482605 100.5161438 85.26351929
v 145.89353943 98.7472229 61.3065834
v 150.70614624 100.70214081 81.82383728
v 144.38407898 98.13406372 60.26316833
v 150.86074829 100.76494598 78.24669647
v 144.38407898 98.13406372 96.23021698
v 150.70614624 100.70214081 74.66954803
v 145.89353943 98.7472229 95.1867981
v 150.2482605 100.5161438 71.22986603
v 147.28466797 99.31230927 93.49238586
v 149.50468445 100.21409607 68.05984497
v 148.5039978 99.80761719 91.21208954
v 152.09413147 100.01513672 74.66954803
v 151.55570984 99.86899567 71.22986603
v 146.43510437 98.47916412 95.1867981
v 148.07089233 98.92314911 93.49238586
v 150.68135071 99.63168335 68.05984497
v 149.50468445 99.31230927 91.21208954
v 149.50468445 99.31230927 65.28129578
v 150.68135071 99.63168335 88.43354797
v 148.07089233 98.92314911 63.00099945
v 151.55570984 99.86899567 85.26351929
v 146.43510437 98.47916412 61.3065834
v 152.09413147 100.01513672 81.82383728
v 144.66017151 97.99740601 60.26316833
v 152.27592468 100.06448364 78.24669647
v 144.66017151 97.99740601 96.23021698
v 148.65512085 98.47916412 63.00099945
v 146.83752441 98.17333984 61.3065834
v 152.52722168 99.13067627 85.26351929
v 153.12548828 99.2313385 81.82383728
v 144.86532593 97.84150696 60.26316833
v 153.32749939 99.26532745 78.24669647
v 144.86532593 97.84150696 96.23021698
v 153.12548828 99.2313385 74.66954803
v 146.83752441 98.17333984 95.1867981
v 152.52722168 99.13067627 71.22986603
v 148.65512085 98.47916412 93.49238586
v 151.55570984 98.96720886 68.05984497
v 150.2482605 98.7472229 91.21208954
v 150.2482605 98.7472229 65.28129578
v 151.55570984 98.96720886 88.43354797
v 147.08532715 97.84149933 95.1867981
v 149.01487732 97.99740601 93.49238586
v 153.12548828 98.32954407 71.22986603
v 152.09413147 98.24621582 68.05984497
v 150.70614624 98.13406372 91.21208954
v 150.70614624 98.13406372 65.28129578
v 152.09413147 98.24621582 88.43354797
v 149.01487732 97.99740601 63.00099945
v 153.12548828 98.32954407 85.26351929
v 147.08532715 97.84149933 61.3065834
v 153.76060486 98.380867 81.82383728
v 144.99165344 97.67233276 60.26316833
v 153.97505188 98.39819336 78.24669647
v 144.99165344 97.67233276 96.23021698
v 153.76060486 98.380867 74.66954803
v 153.32749939 97.49639893 85.26351929
v 153.97505188 97.49639893 81.82383728
v 147.16900635 97.49639893 61.3065834
v 145.03430176 97.49639893 60.26316833
v 154.19371033 97.49639893 78.24669647
v 145.03430176 97.49639893 96.23021698
v 153.97505188 97.49639893 74.66954803
v 147.16900635 97.49639893 95.1867981
v 153.32749939 97.49639893 71.22986603
v 149.13635254 97.49639893 93.49238586
v 152.27592468 97.49639893 68.05984497
v 150.86074829 97.49639893 91.21208954
v 150.86074829 97.49639893 65.28129578
v 152.27592468 97.49639893 88.43354797
v 149.13635254 97.49639893 63.00099945
v 153.12548828 96.66325378 71.22986603
v 152.09413147 96.74659729 68.05984497
v 149.01487732 96.99539185 93.49238586
v 150.70614624 96.85874176 91.21208954
v 150.70614624 96.85874176 65.28129578
v 152.09413147 96.74659729 88.43354797
v 149.01487732 96.99539185 63.00099945
v 153.12548828 96.66325378 85.26351929
v 147.08532715 97.15130615 61.3065834
v 153.76060486 96.61193848 81.82383728
v 144.99165344 97.32047272 60.26316833
v 153.97505188 96.59461212 78.24669647
v 144.99165344 97.32047272 96.23021698
v 153.76060486 96.61193848 74.66954803
v 147.08532715 97.15130615 95.1867981
v 146.83752441 96.81946564 61.3065834
v 144.86532593 97.15130615 60.26316833
v 153.12548828 95.76146698 81.82383728
v 153.32749939 95.72747803 78.24669647
v 144.86532593 97.15130615 96.23021698
v 153.12548828 95.76146698 74.66954803
v 146.83752441 96.81946564 95.1867981
v 152.52722168 95.86212921 71.22986603
v 148.65512085 96.51364136 93.49238586
v 151.55570984 96.02559662 68.05984497
v 150.24824524 96.24558258 91.21208954
v 150.24824524 96.24558258 65.28129578
v 151.55570984 96.02559662 88.43354797
v 148.65512085 96.51364136 63.00099945
v 152.52722168 95.86212921 85.26351929
v 148.07089233 96.06965637 93.49238586
v 149.50468445 95.68049622 91.21208954
v 150.68135071 95.36112213 68.05984497
v 149.50468445 95.68049622 65.28129578
v 150.68135071 95.36112213 88.43354797
v 148.07089233 96.06965637 63.00099945
v 151.55569458 95.12380981 85.26351929
v 146.43510437 96.51364136 61.3065834
v 152.09411621 94.97766876 81.82383728
v 144.66017151 96.99539185 60.26316833
v 152.27592468 94.92832184 78.24669647
v 144.66017151 96.99539185 96.23021698
v 152.09411621 94.97766876 74.66954803
v 146.43510437 96.51364136 95.1867981
v 151.55570984 95.12380981 71.22986603
v 150.70614624 94.29066467 81.82383728
v 150.86074829 94.2278595 78.24669647
v 144.38407898 96.85874176 96.23021698
v 144.38407898 96.85874176 60.26316833
v 150.70614624 94.29066467 74.66954803
v 145.89353943 96.24558258 95.1867981
v 150.24824524 94.47666168 71.22986603
v 147.28466797 95.68049622 93.49238586
v 149.50468445 94.77870941 68.05984497
v 148.5039978 95.18519592 91.21208954
v 148.5039978 95.18519592 65.28129578
v 149.50468445 94.77870941 88.43354797
v 147.28466797 95.68049622 63.00099945
v 150.24824524 94.47666168 85.26351929
v 145.89353943 96.24558258 61.3065834
v 148.07089233 94.30073547 68.05984497
v 147.28466797 94.77870941 65.28129578
v 147.28466797 94.77870941 91.21208954
v 148.07089233 94.30073547 88.43354797
v 146.3266449 95.36112213 63.00099945
v 148.65512085 93.94556427 85.26351929
v 145.23364258 96.02559662 61.3065834
v 149.01487732 93.72685242 81.82384491
v 144.04766846 96.74659729 60.26316833
v 149.13635254 93.65299988 78.24669647
v 144.04766846 96.74659729 96.23021698
v 149.01487732 93.72685242 74.66954803
v 145.23364258 96.02559662 95.1867981
v 148.65512085 93.94556427 71.22987366
v 146.3266449 95.36112213 93.49238586
v 143.66384888 96.66325378 60.26316833
v 147.16900635 93.22584534 78.24669647
v 147.08532715 93.30789948 74.66954803
v 143.66384888 96.66325378 96.23021698
v 144.48077393 95.86212921 95.1867981
v 146.83752441 93.55091858 71.22987366
v 145.23364258 95.12380219 93.49238586
v 146.43510437 93.94556427 68.05984497
v 145.89353943 94.47666168 91.21208954
v 145.89353943 94.47666168 65.28129578
v 146.43510437 93.94556427 88.43354797
v 145.23364258 95.12380219 63.00099945
v 146.83752441 93.55091858 85.26351929
v 144.48077393 95.86212921 61.3065834
v 147.08532715 93.30789948 81.82384491
v 144.38407898 94.29066467 65.28129578
v 144.04766846 94.97766876 63.00099945
v 144.66017151 93.72685242 88.43354797
v 144.86531067 93.30789948 85.26351929
v 143.66384888 95.76146698 61.3065834
v 144.99165344 93.0499115 81.82384491
v 143.24739075 96.61193848 60.26316833
v 145.03430176 92.96279907 78.24669647
v 143.24739075 96.61193848 96.23021698
v 144.99165344 93.0499115 74.66954803
v 143.66384888 95.76146698 95.1867981
v 144.86531067 93.30789948 71.22987366
v 144.04766846 94.97766876 93.49238586
v 144.66017151 93.72685242 68.05984497
v 144.38407898 94.29066467 91.21208954
v 142.81430054 96.59461212 96.23021698
v 142.81430054 95.72747803 95.1867981
v 142.81428528 92.96279907 74.66954803
v 142.81428528 93.22584534 71.22987366
v 142.81430054 94.92832184 93.49238586
v 142.81428528 93.65299988 68.05984497
v 142.81428528 94.2278595 91.21208954
v 142.81428528 94.2278595 65.28129578
v 142.81428528 93.65299988 88.43354797
v 142.81428528 94.92832184 63.00099945
v 142.81428528 93.22584534 85.26351929
v 142.81430054 95.72747803 61.3065834
v 142.81428528 92.96279907 81.82384491
v 142.81430054 96.59461212 60.26316833
v 142.81428528 92.87398529 78.24669647
v 140.96841431 93.72685242 88.43354797
v 140.76327515 93.30789948 85.26351929
v 141.58091736 94.97766876 63.00099945
v 141.96473694 95.76146698 61.3065834
v 140.63693237 93.0499115 81.82384491
v 142.38119507 96.61193848 60.26316833
v 140.59428406 92.96279907 78.24669647
v 142.38119507 96.61193848 96.23021698
v 140.63693237 93.0499115 74.66954803
v 141.96473694 95.76146698 95.1867981
v 140.76325989 93.30789948 71.22987366
v 141.58091736 94.97766876 93.49238586
v 140.96841431 93.72685242 68.05984497
v 141.24450684 94.29066467 91.21208954
v 141.24450684 94.29066467 65.28129578
v 138.54325867 93.3079071 74.66954803
v 138.7910614 93.55091858 71.22986603
v 141.14781189 95.86212921 95.1867981
v 140.39494324 95.12380981 93.49238586
v 139.19348145 93.94556427 68.05984497
v 139.73504639 94.47666168 91.21208954
v 139.73504639 94.47666168 65.28129578
v 139.19348145 93.94556427 88.43354797
v 140.39494324 95.12380981 63.00099945
v 138.7910614 93.55091858 85.26351929
v 141.14781189 95.86212921 61.3065834
v 138.54325867 93.3079071 81.82384491
v 141.96473694 96.66325378 60.26316833
v 138.45957947 93.22584534 78.24669647
v 141.96473694 96.66325378 96.23021698
v 139.30194092 95.36112213 63.00099945
v 140.39494324 96.02559662 61.3065834
v 136.97346497 93.94556427 85.26351929
v 136.6137085 93.72685242 81.82384491
v 141.58091736 96.74659729 60.26316833
v 136.49223328 93.65299988 78.24669647
v 141.58091736 96.74659729 96.23021698
v 136.6137085 93.72685242 74.66954803
v 140.39494324 96.02559662 95.1867981
v 136.97346497 93.94556427 71.22986603
v 139.30194092 95.36112213 93.49238586
v 137.55769348 94.30073547 68.05984497
v 138.34391785 94.77870941 91.21208954
v 138.34391785 94.77870941 65.28129578
v 137.55769348 94.30073547 88.43354797
v 139.73504639 96.24559021 95.1867981
v 138.34391785 95.68049622 93.49238586
v 135.38034058 94.47666168 71.22986603
v 136.12390137 94.77870941 68.05984497
v 137.12458801 95.18519592 91.21209717
v 137.12458801 95.18519592 65.28129578
v 136.12390137 94.77870941 88.43354797
v 138.34391785 95.68049622 63.00099945
v 135.38034058 94.47666168 85.26351929
v 139.73504639 96.24559021 61.3065834
v 134.92243958 94.29066467 81.82384491
v 141.24450684 96.85874176 60.26316833
v 134.76783752 94.2278595 78.24669647
v 141.24450684 96.85874176 96.23021698
v 134.92243958 94.29066467 74.66954803
v 134.07289124 95.12380981 85.26351929
v 133.53445435 94.97766876 81.82383728
v 139.19348145 96.51364136 61.3065834
v 140.96841431 96.99539185 60.26316833
v 133.35266113 94.92832184 78.24669647
v 140.96841431 96.99539185 96.23021698
v 133.53445435 94.97766876 74.66954803
v 139.19348145 96.51364136 95.1867981
v 134.07289124 95.12380981 71.22986603
v 137.55769348 96.06965637 93.49239349
v 134.94723511 95.36112213 68.05984497
v 136.12391663 95.68049622 91.21209717
v 136.12390137 95.68049622 65.28129578
v 134.94723511 95.36112213 88.43354797
v 137.55769348 96.06965637 63.00099945
v 133.10136414 95.86213684 71.22986603
v 134.07287598 96.02559662 68.05984497
v 136.97346497 96.51364136 93.49239349
v 135.38034058 96.24559021 91.21209717
v 135.38034058 96.24559021 65.28129578
v 134.07289124 96.02559662 88.43354797
v 136.97346497 96.51364136 63.00099945
v 133.10136414 95.86213684 85.26351929
v 138.7910614 96.81946564 61.3065834
v 132.50309753 95.76146698 81.82383728
v 140.76327515 97.15130615 60.26316833
v 132.30108643 95.72747803 78.24669647
v 140.76327515 97.15130615 96.23021698
v 132.50309753 95.76146698 74.66954803
v 138.7910614 96.81946564 95.1867981
v 138.54325867 97.15130615 61.3065834
v 140.63693237 97.32047272 60.26317215
v 131.86798096 96.61193848 81.82383728
v 131.65353394 96.59461212 78.24669647
v 140.63693237 97.32047272 96.23021698
v 131.86798096 96.61193848 74.66954803
v 138.54325867 97.15130615 95.1867981
v 132.50309753 96.66326141 71.22986603
v 136.6137085 96.99539185 93.49239349
v 133.53445435 96.74659729 68.05984497
v 134.92245483 96.85874176 91.21209717
v 134.92245483 96.85874176 65.28129578
v 133.53445435 96.74659729 88.43354797
v 136.6137085 96.99539185 63.00099945
v 132.50309753 96.66326141 85.26351929
v 133.35266113 97.49640656 68.05984497
v 134.76783752 97.49639893 65.28129578
v 134.76783752 97.49639893 91.21209717
v 133.35266113 97.49640656 88.43354797
v 136.49223328 97.49639893 63.00099945
v 132.30108643 97.49640656 85.26351929
v 138.45957947 97.49639893 61.3065834
v 131.65353394 97.49640656 81.82383728
v 140.59428406 97.49639893 60.26317215
v 131.43487549 97.49640656 78.24669647
v 140.59428406 97.49639893 96.23021698
v 131.65353394 97.49640656 74.66954803
v 138.45957947 97.49639893 95.1867981
v 132.30108643 97.49640656 71.22986603
v 136.49223328 97.49639893 93.49239349
v 140.63693237 97.67233276 96.23021698
v 140.63693237 97.67233276 60.26317215
v 131.65353394 98.39819336 78.24669647
v 131.86799622 98.380867 74.66954803
v 138.54325867 97.84150696 95.1867981
v 132.50309753 98.32954407 71.22986603
v 136.6137085 97.99740601 93.49239349
v 133.53445435 98.24621582 68.05984497
v 134.92245483 98.13406372 91.21209717
v 134.92245483 98.13406372 65.28129578
v 133.5344696 98.24621582 88.43354797
v 136.6137085 97.99740601 63.00099945
v 132.50309753 98.32954407 85.26351929
v 138.54325867 97.84150696 61.3065834
v 131.86799622 98.380867 81.82383728
v 135.38034058 98.7472229 91.21209717
v 134.07289124 98.96720886 88.43354797
v 135.38034058 98.7472229 65.28129578
v 136.97346497 98.47916412 63.00099945
v 133.10136414 99.13067627 85.26351929
v 138.7910614 98.17333984 61.3065834
v 132.50309753 99.2313385 81.82383728
v 140.76327515 97.84150696 60.26316833
v 132.30108643 99.26532745 78.24669647
v 140.76327515 97.84150696 96.23021698
v 132.50309753 99.2313385 74.66954803
v 138.7910614 98.17333984 95.1867981
v 133.10136414 99.13067627 71.22986603
v 136.97346497 98.47916412 93.49239349
v 134.07289124 98.96720886 68.05984497
v 133.35266113 100.06448364 78.24669647
v 133.5344696 100.01513672 74.66954803
v 140.96841431 97.99740601 96.23021698
v 139.19348145 98.47916412 95.1867981
v 134.07289124 99.86899567 71.22986603
v 137.55769348 98.92314911 93.49239349
v 134.94723511 99.63168335 68.05984497
v 136.12391663 99.31230927 91.21209717
v 136.12391663 99.31230927 65.28129578
v 134.94723511 99.63168335 88.43354797
v 137.55769348 98.92314911 63.00099945
v 134.07289124 99.86899567 85.26351929
v 139.19348145 98.47916412 61.3065834
v 133.5344696 100.01513672 81.82383728
v 140.96841431 97.99740601 60.26316833
v 137.12458801 99.80761719 65.28129578
v 138.34391785 99.31230927 63.00099945
v 136.12391663 100.21409607 88.43354797
v 135.38034058 100.5161438 85.26351929
v 139.73504639 98.7472229 61.3065834
v 134.92245483 100.70214081 81.82384491
v 141.24450684 98.13406372 60.26316833
v 134.76783752 100.76494598 78.24669647
v 141.24450684 98.13406372 96.23021698
v 134.92245483 100.70214081 74.66954803
v 139.73504639 98.7472229 95.1867981
v 135.38034058 100.5161438 71.22986603
v 138.34391785 99.31230927 93.49238586
v 136.12391663 100.21409607 68.05984497
v 137.12458801 99.80761719 91.21209717
v 141.58091736 98.24621582 96.23021698
v 140.39494324 98.96720886 95.1867981
v 136.6137085 101.26595306 74.66954803
v 136.97348022 101.04724121 71.22986603
v 139.30194092 99.63168335 93.49238586
v 137.55769348 100.69207764 68.05984497
v 138.34391785 100.21409607 91.21208954
v 138.34393311 100.21409607 65.28129578
v 137.55769348 100.69207764 88.43354797
v 139.30194092 99.63168335 63.00099945
v 136.97346497 101.04724121 85.26351929
v 140.39494324 98.96720886 61.3065834
v 136.6137085 101.26595306 81.82384491
v 141.58091736 98.24621582 60.26316833
v 136.49223328 101.3398056 78.24669647
v 139.19348145 101.04724121 88.43354797
v 138.7910614 101.44187927 85.26351929
v 140.39494324 99.8690033 63.00099945
v 141.14781189 99.13067627 61.3065834
v 138.54325867 101.68490601 81.82384491
v 141.96473694 98.32954407 60.26316833
v 138.45957947 101.76696014 78.24669647
v 141.96473694 98.32954407 96.23021698
v 138.54325867 101.68490601 74.66954803
v 141.14781189 99.13067627 95.1867981
v 138.7910614 101.44187927 71.22986603
v 140.39494324 99.8690033 93.49238586
v 139.19348145 101.04724121 68.05984497
v 139.73504639 100.5161438 91.21208954
v 139.73504639 100.5161438 65.28129578
v 140.63694763 101.94288635 74.66954803
v 140.76327515 101.68490601 71.22987366
v 141.96473694 99.2313385 95.1867981
v 141.58091736 100.01513672 93.49238586
v 140.96842957 101.26595306 68.05984497
v 141.24450684 100.70214081 91.21208954
v 141.24450684 100.70214081 65.28129578
v 140.96842957 101.26595306 88.43354797
v 141.58091736 100.01513672 63.00099945
v 140.76327515 101.68490601 85.26351929
v 141.96473694 99.2313385 61.3065834
v 140.63694763 101.94288635 81.82384491
v 142.38119507 98.38085938 60.26316833
v 140.59428406 102.02999878 78.24669647
v 142.38119507 98.38085938 96.23021698
v 142.81430054 62.59363556 61.3065834
v 142.81430054 63.39279938 63.00099945
v 144.04766846 63.34344864 63.00099945
v 143.66384888 62.55964661 61.3065834
v 142.81430054 65.35831451 81.82384491
v 142.81430054 65.09526825 85.26351929
v 144.86532593 65.01321411 85.26351929
v 144.99165344 65.27120972 81.82384491
v 142.81430054 61.72650909 60.26316833
v 143.24739075 61.70917511 60.26316833
v 142.81430054 65.44713593 78.24669647
v 145.03430176 65.35831451 78.24669647
v 142.81430054 61.72650909 96.23021698
v 142.81430054 60.82471466 96.58253479
v 143.24739075 61.70917511 96.23021698
v 142.81430054 60.82471466 59.91085052
v 142.81428528 65.35831451 74.66954803
v 144.99165344 65.27120972 74.66954803
v 142.81430054 62.59363556 95.1867981
v 143.66384888 62.55964661 95.1867981
v 142.81430054 65.09527588 71.22987366
v 144.86532593 65.01321411 71.22987366
v 142.81430054 63.39279556 93.49238586
v 144.04766846 63.34344864 93.49238586
v 142.81430054 64.66812134 68.05984497
v 144.66017151 64.5942688 68.05984497
v 142.81428528 64.09326172 91.21208954
v 144.38407898 64.03045654 91.21208954
v 142.81430054 64.09326172 65.28129578
v 144.38407898 64.03045654 65.28129578
v 142.81430054 64.66812134 88.43354797
v 144.66017151 64.5942688 88.43354797
v 145.89353943 63.84445953 91.21208954
v 146.43510437 64.37555695 88.43354797
v 145.89353943 63.84445953 65.28129578
v 145.23364258 63.1973114 63.00099945
v 146.83752441 64.77019501 85.26351929
v 144.48077393 62.45898819 61.3065834
v 147.08532715 65.01321411 81.82384491
v 143.66386414 61.6578598 60.26316833
v 147.16900635 65.09527588 78.24669647
v 143.66386414 61.6578598 96.23021698
v 147.08532715 65.01321411 74.66954803
v 144.48077393 62.45898819 95.1867981
v 146.83752441 64.77019501 71.22987366
v 145.23364258 63.1973114 93.49238586
v 146.43510437 64.37555695 68.05984497
v 149.13635254 64.66811371 78.24669647
v 149.01487732 64.5942688 74.66954803
v 144.04766846 61.57452393 96.23021698
v 145.23364258 62.2955246 95.1867981
v 148.65512085 64.37555695 71.22987366
v 146.3266449 62.95999527 93.49238586
v 148.07089233 64.02038574 68.05984497
v 147.28466797 63.5424118 91.21208954
v 147.28466797 63.5424118 65.28129578
v 148.07089233 64.02038574 88.43354797
v 146.3266449 62.95999527 63.00099945
v 148.65512085 64.37555695 85.26351929
v 145.23364258 62.2955246 61.3065834
v 149.01487732 64.5942688 81.82384491
v 144.04766846 61.57452393 60.26316833
v 148.5039978 63.13592529 65.28129578
v 147.28466797 62.640625 63.00099945
v 149.50468445 63.5424118 88.43354797
v 150.2482605 63.84445572 85.26351929
v 145.89353943 62.07553101 61.3065834
v 150.70614624 64.03045654 81.82383728
v 144.38407898 61.46237946 60.26316833
v 150.86074829 64.09326172 78.24669647
v 144.38407898 61.46237946 96.23021698
v 150.70614624 64.03045654 74.66954803
v 145.89353943 62.07553101 95.1867981
v 150.2482605 63.84445572 71.22986603
v 147.28466797 62.640625 93.49238586
v 149.50468445 63.5424118 68.05984497
v 148.5039978 63.13592529 91.21208954
v 152.09413147 63.34344864 74.66954803
v 151.55570984 63.1973114 71.22986603
v 146.43510437 61.80747604 95.1867981
v 148.07089233 62.25146484 93.49238586
v 150.68135071 62.95999527 68.05984497
v 149.50468445 62.64062119 91.21208954
v 149.50468445 62.64062119 65.28129578
v 150.68135071 62.95999527 88.43354797
v 148.07089233 62.25146484 63.00099945
v 151.55570984 63.1973114 85.26351929
v 146.43510437 61.80747604 61.3065834
v 152.09413147 63.34344864 81.82383728
v 144.66017151 61.32572174 60.26316833
v 152.27592468 63.39279556 78.24669647
v 144.66017151 61.32572174 96.23021698
v 148.65512085 61.80747604 63.00099945
v 146.83752441 61.50165558 61.3065834
v 152.52722168 62.45898819 85.26351929
v 153.12548828 62.55964661 81.82383728
v 144.86532593 61.16981506 60.26316833
v 153.32749939 62.59363937 78.24669647
v 144.86532593 61.16981506 96.23021698
v 153.12548828 62.55964661 74.66954803
v 146.83752441 61.50165558 95.1867981
v 152.52722168 62.45898819 71.22986603
v 148.65512085 61.80747604 93.49238586
v 151.55570984 62.29552078 68.05984497
v 150.2482605 62.07553101 91.21208954
v 150.2482605 62.07553101 65.28129578
v 151.55570984 62.29552078 88.43354797
v 147.08532715 61.16981506 95.1867981
v 149.01487732 61.32572174 93.49238586
v 153.12548828 61.6578598 71.22986603
v 152.09413147 61.57452393 68.05984497
v 150.70614624 61.46237946 91.21208954
v 150.70614624 61.46237946 65.28129578
v 152.09413147 61.57452393 88.43354797
v 149.01487732 61.32572174 63.00099945
v 153.12548828 61.6578598 85.26351929
v 147.08532715 61.16981506 61.3065834
v 153.76060486 61.70917511 81.82383728
v 144.99165344 61.0006485 60.26316833
v 153.97505188 61.72650146 78.24669647
v 144.99165344 61.0006485 96.23021698
v 153.76060486 61.70917511 74.66954803
v 153.32749939 60.82471466 85.26351929
v 153.97505188 60.82471466 81.82383728
v 147.16900635 60.82471466 61.3065834
v 145.03430176 60.82471466 60.26316833
v 154.19371033 60.82471466 78.24669647
v 145.03430176 60.82471466 96.23021698
v 153.97505188 60.82471466 74.66954803
v 147.16900635 60.82471466 95.1867981
v 153.32749939 60.82471466 71.22986603
v 149.13635254 60.82471466 93.49238586
v 152.27592468 60.82471466 68.05984497
v 150.86074829 60.82471466 91.21208954
v 150.86074829 60.82471466 65.28129578
v 152.27592468 60.82471466 88.43354797
v 149.13635254 60.82471466 63.00099945
v 153.12548828 59.99156952 71.22986603
v 152.09413147 60.0749054 68.05984497
v 149.01487732 60.32370758 93.49238586
v 150.70614624 60.1870575 91.21208954
v 150.70614624 60.1870575 65.28129578
v 152.09413147 60.0749054 88.43354797
v 149.01487732 60.32370758 63.00099945
v 153.12548828 59.99156952 85.26351929
v 147.08532715 60.47961426 61.3065834
v 153.76060486 59.94025421 81.82383728
v 144.99165344 60.64878845 60.26316833
v 153.97505188 59.92292786 78.24669647
v 144.99165344 60.64878845 96.23021698
v 153.76060486 59.94025421 74.66954803
v 147.08532715 60.47961426 95.1867981
v 146.83752441 60.14778137 61.3065834
v 144.86532593 60.47961426 60.26316833
v 153.12548828 59.08978271 81.82383728
v 153.32749939 59.05579376 78.24669647
v 144.86532593 60.47961426 96.23021698
v 153.12548828 59.08978271 74.66954803
v 146.83752441 60.14778137 95.1867981
v 152.52722168 59.19044113 71.22986603
v 148.65512085 59.84195328 93.49238586
v 151.55570984 59.35390854 68.05984497
v 150.24824524 59.57389832 91.21208954
v 150.24824524 59.57389832 65.28129578
v 151.55570984 59.35390854 88.43354797
v 148.65512085 59.84195328 63.00099945
v 152.52722168 59.19044113 85.26351929
v 148.07089233 59.39796448 93.49238586
v 149.50468445 59.00880814 91.21208954
v 150.68135071 58.68943787 68.05984497
v 149.50468445 59.00880814 65.28129578
v 150.68135071 58.68943787 88.43354797
v 148.07089233 59.39796448 63.00099945
v 151.55569458 58.45211792 85.26351929
v 146.43510437 59.84195709 61.3065834
v 152.09411621 58.3059845 81.82383728
v 144.66017151 60.32370758 60.26316833
v 152.27592468 58.25663376 78.24669647
v 144.66017151 60.32370758 96.23021698
v 152.09411621 58.3059845 74.66954803
v 146.43510437 59.84195709 95.1867981
v 151.55570984 58.45211792 71.22986603
v 150.70614624 57.61897659 81.82383728
v 150.86074829 57.5561676 78.24669647
v 144.38407898 60.1870575 96.23021698
v 144.38407898 60.1870575 60.26316833
v 150.70614624 57.61897659 74.66954803
v 145.89353943 59.57389832 95.1867981
v 150.24824524 57.8049736 71.22986603
v 147.28466797 59.00880814 93.49238586
v 149.50468445 58.10701752 68.05984497
v 148.5039978 58.51350403 91.21208954
v 148.5039978 58.51350403 65.28129578
v 149.50468445 58.10701752 88.43354797
v 147.28466797 59.00880814 63.00099945
v 150.24824524 57.8049736 85.26351929
v 145.89353943 59.57389832 61.3065834
v 148.07089233 57.62904358 68.05984497
v 147.28466797 58.10701752 65.28129578
v 147.28466797 58.10701752 91.21208954
v 148.07089233 57.62904358 88.43354797
v 146.3266449 58.68943787 63.00099945
v 148.65512085 57.27387238 85.26351929
v 145.23364258 59.35390854 61.3065834
v 149.01487732 57.05516434 81.82384491
v 144.04766846 60.0749054 60.26316833
v 149.13635254 56.98131561 78.24669647
v 144.04766846 60.0749054 96.23021698
v 149.01487732 57.05516434 74.66954803
v 145.23364258 59.35390854 95.1867981
v 148.65512085 57.27387238 71.22987366
v 146.3266449 58.68943787 93.49238586
v 143.66384888 59.99156952 60.26316833
v 147.16900635 56.55415726 78.24669647
v 147.08532715 56.63621521 74.66954803
v 143.66384888 59.99156952 96.23021698
v 144.48077393 59.19044495 95.1867981
v 146.83752441 56.87923431 71.22987366
v 145.23364258 58.45211792 93.49238586
v 146.43510437 57.27387238 68.05984497
v 145.89353943 57.80497742 91.21208954
v 145.89353943 57.80497742 65.28129578
v 146.43510437 57.27387238 88.43354797
v 145.23364258 58.45211792 63.00099945
v 146.83752441 56.87923431 85.26351929
v 144.48077393 59.19044495 61.3065834
v 147.08532715 56.63621521 81.82384491
v 144.38407898 57.61897659 65.28129578
v 144.04766846 58.3059845 63.00099945
v 144.66017151 57.05516434 88.43354797
v 144.86531067 56.63621521 85.26351929
v 143.66384888 59.08978271 61.3065834
v 144.99165344 56.37822723 81.82384491
v 143.24739075 59.94025421 60.26316833
v 145.03430176 56.29111481 78.24669647
v 143.24739075 59.94025421 96.23021698
v 144.99165344 56.37822723 74.66954803
v 143.66384888 59.08978271 95.1867981
v 144.86531067 56.63621521 71.22987366
v 144.04766846 58.3059845 93.49238586
v 144.66017151 57.05516434 68.05984497
v 144.38407898 57.61897659 91.21208954
v 142.81430054 59.92292786 96.23021698
v 142.81430054 59.05579376 95.1867981
v 142.81428528 56.29111481 74.66954803
v 142.81428528 56.55415726 71.22987366
v 142.81430054 58.25663757 93.49238586
v 142.81428528 56.98131561 68.05984497
v 142.81428528 57.55617523 91.21208954
v 142.81428528 57.55617523 65.28129578
v 142.81428528 56.98131561 88.43354797
v 142.81428528 58.25663757 63.00099945
v 142.81428528 56.55415726 85.26351929
v 142.81430054 59.05579376 61.3065834
v 142.81428528 56.29111481 81.82384491
v 142.81430054 59.92292786 60.26316833
v 142.81428528 56.2022934 78.24669647
v 140.96841431 57.05516052 88.43354797
v 140.76327515 56.63621521 85.26351929
v 141.58091736 58.30598068 63.00099945
v 141.96473694 59.08978271 61.3065834
v 140.63693237 56.37822342 81.82384491
v 142.38119507 59.9402504 60.26316833
v 140.59428406 56.29111099 78.24669647
v 142.38119507 59.9402504 96.23021698
v 140.63693237 56.37822342 74.66954803
v 141.96473694 59.08978271 95.1867981
v 140.76325989 56.63621521 71.22987366
v 141.58091736 58.30598068 93.49238586
v 140.96841431 57.05516052 68.05984497
v 141.24450684 57.61897278 91.21208954
v 141.24450684 57.61897278 65.28129578
v 138.54325867 56.63621521 74.66954803
v 138.7910614 56.87923431 71.22986603
v 141.14781189 59.19044113 95.1867981
v 140.39494324 58.45211792 93.49238586
v 139.19348145 57.27387238 68.05984497
v 139.73504639 57.8049736 91.21208954
v 139.73504639 57.8049736 65.28129578
v 139.19348145 57.27387238 88.43354797
v 140.39494324 58.45211792 63.00099945
v 138.7910614 56.87923431 85.26351929
v 141.14781189 59.19044113 61.3065834
v 138.54325867 56.63621521 81.82384491
v 141.96473694 59.99156952 60.26316833
v 138.45957947 56.55415344 78.24669647
v 141.96473694 59.99156952 96.23021698
v 139.30194092 58.68943405 63.00099945
v 140.39494324 59.35390854 61.3065834
v 136.97346497 57.27387238 85.26351929
v 136.6137085 57.05516434 81.82384491
v 141.58091736 60.0749054 60.26316833
v 136.49223328 56.9813118 78.24669647
v 141.58091736 60.0749054 96.23021698
v 136.6137085 57.05516434 74.66954803
v 140.39494324 59.35390854 95.1867981
v 136.97346497 57.27387238 71.22986603
v 139.30194092 58.68943405 93.49238586
v 137.55769348 57.62904358 68.05984497
v 138.34391785 58.10702133 91.21208954
v 138.34391785 58.10702133 65.28129578
v 137.55769348 57.62904358 88.43354797
v 139.73504639 59.57389832 95.1867981
v 138.34391785 59.00880814 93.49238586
v 135.38034058 57.8049736 71.22986603
v 136.12390137 58.10701752 68.05984497
v 137.12458801 58.51350403 91.21209717
v 137.12458801 58.51350403 65.28129578
v 136.12390137 58.10701752 88.43354797
v 138.34391785 59.00880814 63.00099945
v 135.38034058 57.8049736 85.26351929
v 139.73504639 59.57389832 61.3065834
v 134.92243958 57.61897278 81.82384491
v 141.24450684 60.18704987 60.26316833
v 134.76783752 57.5561676 78.24669647
v 141.24450684 60.18704987 96.23021698
v 134.92243958 57.61897278 74.66954803
v 134.07289124 58.45211792 85.26351929
v 133.53445435 58.30598068 81.82383728
v 139.19348145 59.84195328 61.3065834
v 140.96841431 60.32370758 60.26316833
v 133.35266113 58.25663757 78.24669647
v 140.96841431 60.32370758 96.23021698
v 133.53445435 58.30598068 74.66954803
v 139.19348145 59.84195328 95.1867981
v 134.07289124 58.45211792 71.22986603
v 137.55769348 59.39796448 93.49239349
v 134.94723511 58.68943405 68.05984497
v 136.12391663 59.00881195 91.21209717
v 136.12390137 59.00881195 65.28129578
v 134.94723511 58.68943405 88.43354797
v 137.55769348 59.39796448 63.00099945
v 133.10136414 59.19044495 71.22986603
v 134.07287598 59.35390854 68.05984497
v 136.97346497 59.84195328 93.49239349
v 135.38034058 59.57389832 91.21209717
v 135.38034058 59.57389832 65.28129578
v 134.07289124 59.35390854 88.43354797
v 136.97346497 59.84195328 63.00099945
v 133.10136414 59.19044495 85.26351929
v 138.7910614 60.14777374 61.3065834
v 132.50309753 59.08978271 81.82383728
v 140.76327515 60.47961426 60.26316833
v 132.30108643 59.05579376 78.24669647
v 140.76327515 60.47961426 96.23021698
v 132.50309753 59.08978271 74.66954803
v 138.7910614 60.14777374 95.1867981
v 138.54325867 60.47961426 61.3065834
v 140.63693237 60.64878082 60.26317215
v 131.86798096 59.94025421 81.82383728
v 131.65353394 59.92292786 78.24669647
v 140.63693237 60.64878082 96.23021698
v 131.86798096 59.94025421 74.66954803
v 138.54325867 60.47961426 95.1867981
v 132.50309753 59.99156952 71.22986603
v 136.6137085 60.32370758 93.49239349
v 133.53445435 60.0749054 68.05984497
v 134.92245483 60.18704987 91.21209717
v 134.92245483 60.18704987 65.28129578
v 133.5344696 60.0749054 88.43354797
v 136.6137085 60.32370758 63.00099945
v 132.50309753 59.99156952 85.26351929
v 133.35266113 60.82471466 68.05984497
v 134.76783752 60.82471466 65.28129578
v 134.76783752 60.82471466 91.21209717
v 133.35266113 60.82471466 88.43354797
v 136.49223328 60.82471466 63.00099945
v 132.30108643 60.82471466 85.26351929
v 138.45957947 60.82471466 61.3065834
v 131.65353394 60.82471466 81.82383728
v 140.59428406 60.82471466 60.26317215
v 131.43487549 60.82471466 78.24669647
v 140.59428406 60.82471466 96.23021698
v 131.65353394 60.82471466 74.66954803
v 138.45957947 60.82471466 95.1867981
v 132.30108643 60.82471466 71.22986603
v 136.49223328 60.82471466 93.49239349
v 140.63693237 61.00064087 96.23021698
v 140.63693237 61.00064087 60.26317215
v 131.65353394 61.72650146 78.24669647
v 131.86798096 61.70917511 74.66954803
v 138.54325867 61.16981506 95.1867981
v 132.50309753 61.6578598 71.22986603
v 136.6137085 61.32572174 93.49239349
v 133.53445435 61.57452393 68.05984497
v 134.92245483 61.46237183 91.21209717
v 134.92245483 61.46237183 65.28129578
v 133.5344696 61.57452393 88.43354797
v 136.6137085 61.32572174 63.00099945
v 132.50309753 61.6578598 85.26351929
v 138.54325867 61.16981506 61.3065834
v 131.86798096 61.70917511 81.82383728
v 135.38034058 62.07553101 91.21209717
v 134.07289124 62.29552078 88.43354797
v 135.38034058 62.07553101 65.28129578
v 136.97346497 61.80747604 63.00099945
v 133.10136414 62.45898438 85.26351929
v 138.7910614 61.50164795 61.3065834
v 132.50309753 62.55964661 81.82383728
v 140.76327515 61.16981506 60.26316833
v 132.30108643 62.59363937 78.24669647
v 140.76327515 61.16981506 96.23021698
v 132.50309753 62.55964661 74.66954803
v 138.7910614 61.50164795 95.1867981
v 133.10136414 62.45898438 71.22986603
v 136.97346497 61.80747604 93.49239349
v 134.07289124 62.29552078 68.05984497
v 133.35266113 63.39279556 78.24669647
v 133.5344696 63.34344482 74.66954803
v 140.96841431 61.32572174 96.23021698
v 139.19348145 61.80747223 95.1867981
v 134.07289124 63.1973114 71.22986603
v 137.55769348 62.25145721 93.49239349
v 134.94723511 62.95999146 68.05984497
v 136.12391663 62.64061737 91.21209717
v 136.12391663 62.64061737 65.28129578
v 134.94723511 62.95999146 88.43354797
v 137.55769348 62.25145721 63.00099945
v 134.07289124 63.1973114 85.26351929
v 139.19348145 61.80747223 61.3065834
v 133.5344696 63.34344482 81.82383728
v 140.96841431 61.32572174 60.26316833
v 137.12458801 63.13592529 65.28129578
v 138.34391785 62.64062119 63.00099945
v 136.12391663 63.54240799 88.43354797
v 135.38034058 63.84445572 85.26351929
v 139.73504639 62.07553101 61.3065834
v 134.92245483 64.03045654 81.82384491
v 141.24450684 61.46237183 60.26316833
v 134.76783752 64.09326172 78.24669647
v 141.24450684 61.46237183 96.23021698
v 134.92245483 64.03045654 74.66954803
v 139.73504639 62.07553101 95.1867981
v 135.38034058 63.84445572 71.22986603
v 138.34391785 62.64062119 93.49238586
v 136.12391663 63.54240799 68.05984497
v 137.12458801 63.13592529 91.21209717
v 141.58091736 61.57452393 96.23021698
v 140.39494324 62.29551697 95.1867981
v 136.6137085 64.5942688 74.66954803
v 136.97348022 64.37555695 71.22986603
v 139.30194092 62.95999146 93.49238586
v 137.55769348 64.02038574 68.05984497
v 138.34391785 63.54240799 91.21208954
v 138.34393311 63.54240799 65.28129578
v 137.55769348 64.02038574 88.43354797
v 139.30194092 62.95999146 63.00099945
v 136.97348022 64.37555695 85.26351929
v 140.39494324 62.29551697 61.3065834
v 136.6137085 64.5942688 81.82384491
v 141.58091736 61.57452393 60.26316833
v 136.49223328 64.66811371 78.24669647
v 139.19348145 64.37555695 88.43354797
v 138.7910614 64.77019501 85.26351929
v 140.39494324 63.1973114 63.00099945
v 141.14781189 62.45898438 61.3065834
v 138.54325867 65.01321411 81.82384491
v 141.96473694 61.6578598 60.26316833
v 138.45957947 65.09527588 78.24669647
v 141.96473694 61.6578598 96.23021698
v 138.54325867 65.01321411 74.66954803
v 141.14781189 62.45898438 95.1867981
v 138.7910614 64.77019501 71.22986603
v 140.39494324 63.1973114 93.49238586
v 139.19348145 64.37555695 68.05984497
v 139.73504639 63.8444519 91.21208954
v 139.73504639 63.8444519 65.28129578
v 140.63694763 65.27120209 74.66954803
v 140.76327515 65.01321411 71.22987366
v 141.96473694 62.55964661 95.1867981
v 141.58091736 63.34344482 93.49238586
v 140.96842957 64.5942688 68.05984497
v 141.24450684 64.03045654 91.21208954
v 141.24450684 64.03045654 65.28129578
v 140.96842957 64.5942688 88.43354797
v 141.58091736 63.34344482 63.00099945
v 140.76327515 65.01321411 85.26351929
v 141.96473694 62.55964661 61.3065834
v 140.63694763 65.27120209 81.82384491
v 142.38119507 61.70917511 60.26316833
v 140.59428406 65.35831451 78.24669647
v 142.38119507 61.70917511 96.23021698
v 178.09025574 71.0927887 57.60419083
v 176.39584351 71.0927887 58.21883774
v 176.39584351 70.39568329 58.18088531
v 178.09025574 70.61260986 57.57804871
v 157.57299805 71.0927887 59.73055649
v 154.13331604 71.0927887 59.52824402
v 154.13331604 69.93354034 59.46513367
v 157.57299805 69.86213684 59.66355896
v 179.13366699 71.0927887 56.93725967
v 179.13366699 70.84799194 56.92393494
v 161.15014648 71.0927887 59.79886627
v 161.15014648 69.83802795 59.73055649
v 143.16661072 71.0927887 56.93726349
v 142.81430054 71.0927887 56.24368286
v 143.16661072 70.84799194 56.92393494
v 179.48599243 71.0927887 56.24367905
v 164.72729492 71.0927887 59.73055649
v 164.72729492 69.86213684 59.66355896
v 144.21003723 71.0927887 57.60419083
v 144.21003723 70.61260986 57.57804871
v 168.16696167 71.0927887 59.52824402
v 168.16696167 69.93354034 59.46513367
v 145.90444946 71.09278107 58.21883774
v 145.90444946 70.39567566 58.18088531
v 171.33699036 71.0927887 59.19971085
v 171.33699036 70.04949188 59.14291
v 148.18473816 71.0927887 58.7575798
v 148.18473816 70.20553589 58.70927429
v 174.11553955 71.0927887 58.75757599
v 174.11553955 70.20553589 58.70927429
v 150.96328735 71.0927887 59.19971466
v 150.96328735 70.04949188 59.14291382
v 148.18473816 69.35238647 58.56621933
v 150.96328735 69.04628754 58.97469711
v 174.11553955 69.35238647 58.56621552
v 176.39584351 69.72536469 58.06848907
v 154.13331604 68.81884003 59.27822495
v 178.09025574 70.15089417 57.50062561
v 157.57299805 68.6787796 59.46513367
v 179.13366699 70.61260986 56.88446808
v 161.15014648 68.63148499 59.52824402
v 143.16661072 70.61260986 56.88446808
v 164.72729492 68.6787796 59.46513367
v 144.21003723 70.15088654 57.50063324
v 168.16696167 68.81884003 59.27822495
v 145.90444946 69.72536469 58.06848907
v 171.33699036 69.04629517 58.9746933
v 161.15014648 67.51953888 59.19971085
v 164.72729492 67.5881958 59.14291
v 143.16661072 70.39567566 56.82037354
v 144.21003723 69.72536469 57.37490845
v 168.16696167 67.79153442 58.97469711
v 145.90444946 69.10759735 57.88596344
v 171.33699036 68.12174225 58.70153046
v 148.18473816 68.56611633 58.3339119
v 174.11553955 68.56611633 58.33390808
v 150.96328735 68.12173462 58.70153046
v 176.39584351 69.10759735 57.88596344
v 154.13331604 67.79153442 58.97469711
v 178.09025574 69.72536469 57.37490082
v 157.57299805 67.5881958 59.14291
v 179.13366699 70.39568329 56.82037354
v 174.11553955 67.8769455 58.02127075
v 176.39584351 68.56611633 57.64032745
v 150.96328735 67.31135559 58.3339119
v 154.13331604 66.89109039 58.56621933
v 178.09025574 69.35238647 57.20570374
v 157.57299805 66.63228607 58.70927429
v 179.13366699 70.20553589 56.7341156
v 161.15014648 66.54490662 58.75757599
v 143.16661072 70.20553589 56.73411942
v 164.72729492 66.63228607 58.70927429
v 144.21003723 69.35238647 57.20571136
v 168.16696167 66.89109039 58.56621552
v 145.90444946 68.56611633 57.64032745
v 171.33699036 67.31136322 58.33390808
v 148.18473816 67.8769455 58.02127457
v 164.72729492 65.84779358 58.18088531
v 168.16696167 66.15211487 58.06848907
v 144.21003723 69.04628754 56.99954224
v 145.90444946 68.12173462 57.34101868
v 171.33699036 66.64630127 57.88596344
v 148.18473816 67.31135559 57.64032745
v 174.11553955 67.31136322 57.64032745
v 150.96328735 66.64630127 57.88596344
v 176.39584351 68.12174225 57.34101868
v 154.13331604 66.15211487 58.06848907
v 178.09025574 69.04629517 56.99953842
v 157.57299805 65.84779358 58.18088531
v 179.13366699 70.04949188 56.62901306
v 161.15014648 65.74504089 58.21883774
v 143.16661072 70.04949188 56.62901306
v 176.39584351 67.79153442 56.99953842
v 178.09025574 68.81884766 56.76432419
v 154.13331604 65.60300446 57.50062943
v 157.57299805 65.26486206 57.57804871
v 179.13366699 69.93354034 56.50910187
v 161.15014648 65.15068817 57.60419083
v 143.16661072 69.93354034 56.50910568
v 164.72729492 65.26486206 57.57804871
v 144.21003723 68.81884003 56.764328
v 168.16696167 65.60300446 57.50062943
v 145.90444946 67.79153442 56.99954224
v 171.33699036 66.15211487 57.37490082
v 148.18473816 66.89109039 57.20570755
v 174.11553955 66.89109039 57.20570374
v 150.96328735 66.15211487 57.37490463
v 144.21003723 68.6787796 56.50910568
v 145.90444946 67.5881958 56.62901306
v 168.16696167 65.26486206 56.88446808
v 171.33699036 65.84780121 56.82037354
v 148.18473816 66.63228607 56.73411942
v 174.11553955 66.63228607 56.7341156
v 150.96328735 65.84779358 56.82037354
v 176.39584351 67.5881958 56.62901306
v 154.13331604 65.26486206 56.88446808
v 178.09025574 68.67878723 56.50910187
v 157.57299805 64.90589905 56.92393494
v 179.13366699 69.86213684 56.37899017
v 161.15014648 64.78469086 56.93726349
v 143.16661072 69.86213684 56.37899017
v 164.72729492 64.90589905 56.92393494
v 154.13331604 65.1506958 56.24368286
v 157.57299805 64.78469086 56.24368286
v 178.09025574 68.63149261 56.24367905
v 179.13366699 69.83802795 56.24367905
v 161.15014648 64.66110992 56.24368286
v 143.16661072 69.83802795 56.24368286
v 164.72729492 64.78469086 56.24368286
v 144.21003723 68.63148499 56.24368286
v 168.16696167 65.1506958 56.24368286
v 145.90444946 67.51953888 56.24368286
v 171.33699036 65.74504089 56.24368286
v 148.18473816 66.54489899 56.24368286
v 174.11553955 66.54490662 56.24367905
v 150.96328735 65.74504089 56.24368286
v 176.39584351 67.51953888 56.24367905
v 168.16696167 65.26486969 55.60289001
v 171.33699036 65.84780121 55.66698456
v 145.90444946 67.5881958 55.85834885
v 148.18473816 66.63228607 55.75324249
v 174.11553955 66.6322937 55.75324249
v 150.96328735 65.84779358 55.66698837
v 176.39584351 67.5881958 55.85834503
v 154.13331604 65.26486969 55.60289383
v 178.09025574 68.67878723 55.97825623
v 157.57299805 64.90589905 55.56342316
v 179.13366699 69.86213684 56.10836792
v 161.15014648 64.78469086 55.55009842
v 143.16661072 69.86213684 56.10836792
v 164.72729492 64.90589905 55.56342316
v 144.21003723 68.6787796 55.97825623
v 178.09025574 68.81884766 55.72303391
v 179.13366699 69.93354034 55.97825623
v 157.57299805 65.26486969 54.90930939
v 161.15014648 65.15068817 54.88317108
v 143.16661072 69.93354034 55.97825623
v 164.72729492 65.26486969 54.90930939
v 144.21003723 68.81884003 55.72303772
v 168.16696167 65.60300446 54.98673248
v 145.90444946 67.79153442 55.48782349
v 171.33699036 66.15211487 55.11245728
v 148.18473816 66.89109039 55.28165436
v 174.11553955 66.89109039 55.28165436
v 150.96328735 66.15211487 55.11245728
v 176.39584351 67.79153442 55.48781967
v 154.13331604 65.60300446 54.98673248
v 145.90444946 68.12173462 55.14634323
v 148.18473816 67.31135559 54.84703445
v 174.11553955 67.31136322 54.84703064
v 171.33699036 66.526474 54.72531891
v 172.73875427 66.98181915 54.72531891
v 150.96328735 66.52646637 54.72531891
v 149.5615387 66.98181152 54.72531891
v 176.39584351 68.12174225 55.14633942
v 154.13331604 65.85578918 54.72531891
v 178.09025574 69.04629517 55.48781967
v 157.57299805 65.44278717 54.72531891
v 179.13366699 70.04949188 55.85834503
v 161.15014648 65.30332947 54.72531891
v 143.16661072 70.04949188 55.85834885
v 164.72727966 65.44278717 54.72531891
v 144.21003723 69.04629517 55.48782349
v 168.16696167 65.85578918 54.72531891
v 143.16661072 70.20553589 55.75324249
v 179.13366699 70.20554352 55.75324249
v 144.21003723 69.35238647 55.28165436
v 145.90444946 68.56611633 54.84703445
v 148.18473816 67.49206543 54.72531891
v 146.63301086 68.34592438 54.72531891
v 174.11553955 67.49206543 54.72531891
v 176.39584351 68.56611633 54.84703064
v 175.66726685 68.34593201 54.72531891
v 178.09025574 69.35238647 55.28165436
v 176.39584351 68.83442688 54.72531891
v 178.09025574 69.72536469 55.11245728
v 176.80670166 69.25739288 54.72531891
v 179.13366699 70.39568329 55.66698456
v 143.16661072 70.39567566 55.66698837
v 144.21003723 69.72536469 55.11245728
v 145.90444946 68.83442688 54.72531891
v 145.49359131 69.25739288 54.72531891
v 179.13366699 70.61260986 55.60289001
v 143.16661072 70.61260986 55.60289383
v 144.21003723 70.15088654 54.98673248
v 177.31022644 69.95500183 54.72531891
v 178.09025574 70.15089417 54.98673248
v 177.57310486 70.54640198 54.72531891
v 178.09025574 70.61260986 54.90930939
v 179.13366699 70.84799194 55.56342316
v 143.16661072 70.84799194 55.56342697
v 144.21003723 70.61260986 54.9093132
v 143.16661072 71.0927887 55.55010223
v 144.21003723 71.0927887 54.88317108
v 177.65510559 71.0927887 54.72531891
v 178.09025574 71.0927887 54.88317108
v 179.13366699 71.0927887 55.5500946
v 177.5730896 71.63917542 54.72531891
v 178.09025574 71.5729599 54.90930939
v 179.13366699 71.33757782 55.56342316
v 143.16661072 71.33757782 55.56342697
v 144.21003723 71.5729599 54.9093132
v 177.31022644 72.23057556 54.72531891
v 178.09025574 72.03468323 54.98673248
v 179.13366699 71.5729599 55.60289001
v 143.16661072 71.5729599 55.60289383
v 144.21003723 72.03468323 54.98673248
v 176.80670166 72.92817688 54.72531891
v 178.09025574 72.46021271 55.11245728
v 179.13366699 71.7898941 55.66698456
v 143.16661072 71.78988647 55.66699219
v 144.21003723 72.46020508 55.11245728
v 178.09025574 72.83318329 55.28165436
v 176.39584351 73.35115051 54.72531891
v 176.39584351 73.61945343 54.84703064
v 179.13366699 71.98003387 55.75324249
v 143.16661072 71.98003387 55.75324249
v 144.21003723 72.83318329 55.28165436
v 178.09025574 73.13928223 55.48781967
v 179.13366699 72.13607788 55.85834503
v 143.16661072 72.13607788 55.85834885
v 144.21003723 73.1392746 55.48782349
v 145.90444946 73.61945343 54.84703445
v 145.90444946 74.06383514 55.14634323
v 176.39584351 74.06383514 55.14633942
v 175.66726685 73.83964539 54.72531891
v 174.11553955 74.69350433 54.72531891
v 174.11553955 74.87421417 54.84703445
v 148.18473816 74.87420654 54.84703827
v 145.90444946 74.39403534 55.48782349
v 148.18473816 75.29447937 55.28165436
v 174.11553955 75.29447937 55.28165436
v 172.73873901 75.20375824 54.72531891
v 171.33699036 75.65910339 54.72531891
v 171.33699036 76.0334549 55.11245728
v 176.39584351 74.39403534 55.48781967
v 178.09025574 73.36672974 55.72303391
v 179.13366699 72.25202942 55.97825623
v 143.16661072 72.25202942 55.97825623
v 144.21003723 73.36672211 55.72303772
v 178.09025574 73.50679016 55.97825623
v 179.13366699 72.32343292 56.10836792
v 161.15014648 77.03488159 54.88317108
v 157.57299805 76.92070007 54.9093132
v 157.57299805 77.27967072 55.56342316
v 161.15014648 77.40087891 55.55009842
v 143.16661072 72.32343292 56.10837173
v 164.72727966 76.92070007 54.9093132
v 164.72727966 77.27967072 55.56342316
v 144.21003723 73.50678253 55.97825623
v 168.16696167 76.58256531 54.98673248
v 168.16696167 76.92070007 55.60289383
v 145.90444946 74.59737396 55.85834885
v 171.33699036 76.33777618 55.66698837
v 148.18473816 75.55327606 55.75324249
v 174.11553955 75.55328369 55.75324249
v 150.96328735 76.0334549 55.11245728
v 150.96328735 76.33777618 55.66699219
v 176.39584351 74.59737396 55.85834503
v 154.13331604 76.58256531 54.98673248
v 154.13331604 76.92070007 55.60289383
v 171.33699036 76.44052887 56.24368286
v 174.11553955 75.64066315 56.24368286
v 148.18473816 75.64066315 56.24368286
v 150.96328735 76.44052887 56.24368286
v 176.39584351 74.66603851 56.24368286
v 154.13331604 77.03487396 56.24368286
v 178.09025574 73.55408478 56.24367905
v 157.57299805 77.40087891 56.24368286
v 179.13366699 72.34754181 56.24367905
v 161.15014648 77.52445984 56.24368286
v 143.16661072 72.34754181 56.24368286
v 164.72727966 77.40087891 56.24368286
v 144.21003723 73.55407715 56.24368286
v 168.16696167 77.03488159 56.24368286
v 145.90444946 74.66603088 56.24368286
v 143.16661072 72.32343292 56.37899017
v 179.13366699 72.32343292 56.37899017
v 161.15014648 77.40087891 56.93726349
v 164.72727966 77.27967072 56.92393494
v 144.21003723 73.50678253 56.50910187
v 168.16696167 76.92070007 56.88446808
v 145.90444946 74.59737396 56.62901306
v 171.33699036 76.33777618 56.82037354
v 148.18473816 75.55327606 56.73411942
v 174.11553955 75.55328369 56.7341156
v 150.96328735 76.33776855 56.82037354
v 176.39584351 74.59737396 56.62901306
v 154.13331604 76.92070007 56.88446808
v 178.09025574 73.50679016 56.50910187
v 157.57299805 77.27967072 56.92393494
v 148.18473816 75.29447937 57.20570755
v 150.96328735 76.0334549 57.37490463
v 174.11553955 75.29447937 57.20570374
v 176.39584351 74.39403534 56.99953842
v 154.13331604 76.58256531 57.50062943
v 178.09025574 73.36672974 56.76432419
v 157.57299805 76.92070007 57.57804871
v 179.13366699 72.25202942 56.50910187
v 161.15014648 77.03488159 57.60419083
v 143.16661072 72.25202942 56.50910568
v 164.72727966 76.92070007 57.57804871
v 144.21003723 73.36672211 56.764328
v 168.16696167 76.58256531 57.50062943
v 145.90444946 74.39403534 56.99954224
v 171.33699036 76.0334549 57.37490082
v 161.15014648 76.44052887 58.21883774
v 164.72727966 76.33776855 58.18088531
v 143.16661072 72.13607788 56.62901306
v 144.21003723 73.1392746 56.99954224
v 168.16696167 76.0334549 58.06848907
v 145.90444946 74.06383514 57.34101868
v 171.33699036 75.53926849 57.88596344
v 148.18473816 74.87420654 57.64032745
v 174.11553955 74.87420654 57.64032745
v 150.96328735 75.53926849 57.88596344
v 176.39584351 74.06383514 57.34101868
v 154.13331604 76.0334549 58.06848907
v 178.09025574 73.13928223 56.99953842
v 157.57299805 76.33776855 58.18088531
v 179.13366699 72.13607788 56.62901306
v 174.11553955 74.30862427 58.02127075
v 176.39584351 73.61945343 57.64032745
v 150.96328735 74.87420654 58.33390808
v 154.13331604 75.29447937 58.56621552
v 178.09025574 72.83318329 57.20570374
v 157.57299805 75.55327606 58.70927429
v 179.13366699 71.98003387 56.7341156
v 161.15014648 75.64067078 58.75757599
v 143.16661072 71.98003387 56.73411942
v 164.72727966 75.55327606 58.70927429
v 144.21003723 72.83318329 57.20570755
v 168.16696167 75.29447937 58.56621552
v 145.90444946 73.61945343 57.64032745
v 171.33699036 74.87421417 58.33390808
v 148.18473816 74.30862427 58.02127457
v 143.16661072 71.78988647 56.82037354
v 144.21003723 72.46020508 57.37490463
v 164.72727966 74.59737396 59.14291
v 168.16696167 74.39403534 58.9746933
v 145.90444946 73.07797241 57.88596344
v 171.33699036 74.06383514 58.70152664
v 148.18473816 73.61945343 58.33390808
v 174.11553955 73.61945343 58.33390808
v 150.96328735 74.06382751 58.70153046
v 176.39584351 73.07798004 57.88596344
v 154.13331604 74.39403534 58.9746933
v 178.09025574 72.46021271 57.37490082
v 157.57299805 74.59737396 59.14291
v 179.13366699 71.7898941 56.82037354
v 161.15014648 74.66603088 59.19971085
v 150.96328735 73.1392746 58.9746933
v 154.13331604 73.36672211 59.27822113
v 176.39584351 72.46021271 58.06848907
v 178.09025574 72.03468323 57.50062561
v 157.57299805 73.50679016 59.46513367
v 179.13366699 71.5729599 56.88446808
v 161.15014648 73.55408478 59.52824402
v 143.16661072 71.5729599 56.88446808
v 164.72729492 73.50679016 59.46513367
v 144.21003723 72.03468323 57.50062943
v 168.16696167 73.36672211 59.27822113
v 145.90444946 72.46020508 58.06848907
v 171.33699036 73.13928223 58.9746933
v 148.18473816 72.83318329 58.56621552
v 174.11553955 72.83318329 58.56621552
v 164.72729492 72.32343292 59.66355515
v 168.16696167 72.25202942 59.46512985
v 144.21003723 71.5729599 57.57804871
v 145.90444946 71.78988647 58.18088531
v 171.33699036 72.13607788 59.14291
v 148.18473816 71.98003387 58.70927429
v 174.11553955 71.98003387 58.70927048
v 150.96328735 72.13607788 59.14291
v 176.39584351 71.7898941 58.18088531
v 154.13331604 72.25202942 59.46512985
v 178.09025574 71.5729599 57.57804871
v 157.57299805 72.32343292 59.66355515
v 179.13366699 71.33757782 56.92393494
v 161.15014648 72.34754181 59.73055649
v 143.16661072 71.33757782 56.92393494
v 142.81430054 93.54737854 114.26296997
v 142.81430054 93.82922363 117.12467957
v 145.67601013 93.54737854 117.12467957
v 145.62103271 93.27093506 114.26296997
v 142.81430054 84.7740097 130.67675781
v 142.81430054 82.0222702 131.51148987
v 143.37258911 81.96728516 131.51148987
v 143.90942383 84.66615295 130.67675781
v 142.81430054 92.71264648 111.51121521
v 145.45817566 92.45224762 111.51121521
v 142.81430054 87.31003571 129.32122803
v 144.4041748 87.15345001 129.32122803
v 142.81430054 91.3571167 108.97520447
v 145.19372559 91.12275696 108.97520447
v 142.81430054 89.53287506 127.49699402
v 144.83782959 89.33357239 127.49699402
v 142.81430054 89.53287506 106.75235748
v 144.83782959 89.33357239 106.75235748
v 142.81430054 91.3571167 125.27416229
v 145.19372559 91.12275696 125.27416229
v 142.81430054 87.31003571 104.92811584
v 144.4041748 87.15345001 104.92811584
v 142.81430054 92.71263123 122.73814392
v 145.45817566 92.45224762 122.73814392
v 142.81430054 84.7740097 103.57258606
v 143.90942383 84.66615295 103.57258606
v 142.81430054 93.54737854 119.98639679
v 145.62103271 93.27093506 119.98639679
v 142.81430054 82.0222702 102.73786163
v 143.37258911 81.96728516 102.73786163
v 142.81430054 79.16056061 131.79335022
v 142.81430054 79.16056061 102.45600128
v 144.96247864 84.34671783 103.57258606
v 143.90942383 81.80443573 102.73786163
v 148.31990051 92.45224762 119.98639679
v 148.42774963 92.71264648 117.12467957
v 143.90942383 81.80443573 131.51148987
v 148.31990051 92.45224762 114.26296997
v 144.96247864 84.34671783 130.67675781
v 148.00045776 91.68105316 111.51122284
v 145.93296814 86.68969727 129.32122803
v 147.48171997 90.42871094 108.97520447
v 146.78361511 88.74333191 127.49699402
v 146.78361511 88.74333191 106.75235748
v 147.48171997 90.42871094 125.27416229
v 145.93296814 86.68969727 104.92811584
v 148.00045776 91.68105316 122.73814392
v 149.59034729 89.30162048 108.97520447
v 148.57684326 87.78482819 106.75235748
v 148.57684326 87.78482819 127.49699402
v 149.59034729 89.30162048 125.27416229
v 147.34190369 85.93659973 104.92811584
v 150.34342957 90.42870331 122.73814392
v 145.93296814 83.82798004 103.57258606
v 150.80718994 91.12275696 119.98639679
v 144.4041748 81.53998566 102.73786163
v 150.96377563 91.3571167 117.12467957
v 144.4041748 81.53998566 131.51148987
v 150.80718994 91.12275696 114.26296997
v 145.93296814 83.82798004 130.67675781
v 150.34342957 90.42870331 111.51122284
v 147.34190369 85.93659973 129.32122803
v 144.83782959 81.18409729 131.51148987
v 144.83782959 81.18409729 102.73786163
v 153.18661499 89.53287506 117.12467957
v 152.98731995 89.33357239 114.26296997
v 146.78361511 83.12987518 130.67675781
v 152.39706421 88.74333191 111.51122284
v 148.57684326 84.92311096 129.32122803
v 151.43856812 87.78482056 108.97520447
v 150.14863586 86.49489594 127.49699402
v 150.14863586 86.49489594 106.75235748
v 151.43856812 87.78482056 125.27416229
v 148.57684326 84.92311096 104.92811584
v 152.39706421 88.74333191 122.73814392
v 146.78361511 83.12987518 103.57258606
v 152.98731995 89.33357239 119.98639679
v 151.43856812 84.92311096 127.49699402
v 152.95536804 85.93659973 125.27416229
v 151.43856812 84.92311096 106.75235748
v 149.59034729 83.68816376 104.92811584
v 154.08244324 86.68968964 122.73814392
v 147.48171997 82.27922821 103.57258606
v 154.77650452 87.15344238 119.98639679
v 145.19372559 80.7504425 102.73786163
v 155.010849 87.31003571 117.12467957
v 145.19372559 80.7504425 131.51148987
v 154.77650452 87.15344238 114.26296997
v 147.48171997 82.27922821 130.67675781
v 154.08244324 86.68968964 111.51122284
v 149.59034729 83.68816376 129.32122803
v 152.95536804 85.93659973 108.97520447
v 156.36637878 84.77401733 117.12467957
v 156.10598755 84.66615295 114.26296997
v 145.45817566 80.25569153 131.51148987
v 148.00045776 81.30873871 130.67675781
v 155.33479309 84.34671783 111.51122284
v 150.34342957 82.27922821 129.32122803
v 154.08244324 83.82797241 108.97520447
v 152.39706421 83.12986755 127.49699402
v 152.39706421 83.12986755 106.75235748
v 154.08244324 83.82797241 125.27416229
v 150.34342957 82.27922821 104.92811584
v 155.33479309 84.34671783 122.73814392
v 148.00045776 81.30873871 103.57258606
v 156.10598755 84.66615295 119.98639679
v 145.45817566 80.25569153 102.73786163
v 152.98731995 81.18409729 106.75235748
v 150.80718994 80.7504425 104.92811584
v 154.77650452 81.53998566 125.27416229
v 156.10598755 81.80443573 122.73814392
v 148.31990051 80.25569153 103.57258606
v 156.92468262 81.96728516 119.98639679
v 145.62103271 79.71884918 102.73786163
v 157.20111084 82.0222702 117.12467957
v 145.62103271 79.71884918 131.51148987
v 156.92468262 81.96728516 114.26296997
v 148.31990051 80.25569153 130.67675781
v 156.10598755 81.80443573 111.51122284
v 150.80718994 80.7504425 129.32122803
v 154.77650452 81.53998566 108.97520447
v 152.98731995 81.18409729 127.49699402
v 145.67601013 79.16056061 131.51148987
v 148.42774963 79.16056061 130.67675781
v 157.20111084 79.16056061 114.26296997
v 156.36637878 79.16055298 111.51122284
v 150.96377563 79.16056061 129.32122803
v 155.010849 79.16056061 108.97520447
v 153.18661499 79.16055298 127.49699402
v 153.18661499 79.16055298 106.75235748
v 155.010849 79.16056061 125.27416229
v 150.96377563 79.16056061 104.92811584
v 156.36637878 79.16055298 122.73814392
v 148.42774963 79.16056061 103.57258606
v 157.20111084 79.16056061 119.98639679
v 145.67601013 79.16056061 102.73786163
v 157.48297119 79.16056061 117.12467957
v 154.77650452 76.78112793 125.27416229
v 156.10598755 76.51667786 122.73814392
v 150.80718994 77.57067108 104.92811584
v 148.31990051 78.06542969 103.57258606
v 156.92468262 76.35382843 119.98639679
v 145.62103271 78.6022644 102.73786163
v 157.20111084 76.29884338 117.12467957
v 145.62103271 78.6022644 131.51148987
v 156.92468262 76.35382843 114.26296997
v 148.31990051 78.06542969 130.67675781
v 156.10598755 76.51667786 111.51122284
v 150.80718994 77.57067108 129.32122803
v 154.77650452 76.78112793 108.97520447
v 152.98731995 77.1370163 127.49699402
v 152.98731995 77.1370163 106.75235748
v 156.10598755 73.65496063 114.26296997
v 155.33479309 73.97439575 111.51122284
v 148.00045776 77.01238251 130.67675781
v 150.34342957 76.04188538 129.32122803
v 154.08244324 74.49314117 108.97520447
v 152.39706421 75.19124603 127.49699402
v 152.39706421 75.19124603 106.75235748
v 154.08244324 74.49314117 125.27416229
v 150.34342957 76.04188538 104.92811584
v 155.33479309 73.97439575 122.73814392
v 148.00045776 77.01238251 103.57258606
v 156.10598755 73.65496063 119.98639679
v 145.45817566 78.06542969 102.73786163
v 156.36637878 73.54709625 117.12467957
v 145.45817566 78.06542969 131.51148987
v 149.59034729 74.63294983 104.92811584
v 147.48171997 76.04188538 103.57258606
v 154.08244324 71.63142395 122.73814392
v 154.77650452 71.1676712 119.98639679
v 145.19372559 77.57067108 102.73786163
v 155.010849 71.01107788 117.12467957
v 145.19372559 77.57067108 131.51148987
v 154.77648926 71.1676712 114.26296997
v 147.48171997 76.04188538 130.67675781
v 154.08244324 71.63142395 111.51122284
v 149.59034729 74.63294983 129.32122803
v 152.95535278 72.38451385 108.97520447
v 151.43856812 73.39800262 127.49699402
v 151.43856812 73.39800262 106.75235748
v 152.95535278 72.38451385 125.27416229
v 152.39706421 69.57778931 111.51122284
v 151.43856812 70.53629303 108.97520447
v 148.57684326 73.39800262 129.32122803
v 150.14863586 71.82621765 127.49699402
v 150.14863586 71.82621765 106.75235748
v 151.43856812 70.53629303 125.27416229
v 148.57684326 73.39800262 104.92811584
v 152.39706421 69.57778931 122.73814392
v 146.78361511 75.19124603 103.57258606
v 152.98730469 68.9875412 119.98639679
v 144.83782959 77.1370163 102.73786163
v 153.18661499 68.78823853 117.12467957
v 144.83782959 77.1370163 131.51148987
v 152.98730469 68.9875412 114.26296997
v 146.78361511 75.19124603 130.67675781
v 145.93296814 74.49314117 103.57258606
v 144.4041748 76.78112793 102.73786163
v 150.80717468 67.19835663 119.98639679
v 150.96377563 66.96400452 117.12467957
v 144.4041748 76.78112793 131.51148987
v 150.80717468 67.19835663 114.26296997
v 145.93296814 74.49314117 130.67675781
v 150.34342957 67.89241028 111.51122284
v 147.34190369 72.38451385 129.32122803
v 149.59033203 69.0194931 108.97520447
v 148.57684326 70.53629303 127.49699402
v 148.57684326 70.53629303 106.75235748
v 149.59033203 69.0194931 125.27416229
v 147.34190369 72.38451385 104.92811584
v 150.34342957 67.89241028 122.73814392
v 145.93296814 71.63142395 129.32122803
v 146.78361511 69.57778931 127.49699402
v 147.48171997 67.89241028 108.97520447
v 146.78361511 69.57778931 106.75235748
v 147.48171997 67.89241028 125.27416229
v 145.93296814 71.63142395 104.92811584
v 148.00045776 66.64006805 122.73814392
v 144.96247864 73.97439575 103.57258606
v 148.31988525 65.8688736 119.98639679
v 143.90942383 76.51667786 102.73786163
v 148.42774963 65.60847473 117.12467957
v 143.90942383 76.51667786 131.51148987
v 148.31988525 65.8688736 114.26296997
v 144.96247864 73.97439575 130.67675781
v 148.00045776 66.64006805 111.51122284
v 145.62101746 65.05017853 119.98639679
v 145.67601013 64.77374268 117.12467957
v 143.37258911 76.35382843 131.51148987
v 143.37258911 76.35382843 102.73786163
v 145.62101746 65.05017853 114.26296997
v 143.90942383 73.65496063 130.67675781
v 145.45817566 65.8688736 111.51121521
v 144.4041748 71.1676712 129.32122803
v 145.19372559 67.19835663 108.97520447
v 144.83782959 68.9875412 127.49699402
v 144.83782959 68.9875412 106.75235748
v 145.19372559 67.19835663 125.27416229
v 144.4041748 71.1676712 104.92811584
v 145.45817566 65.8688736 122.73814392
v 143.90942383 73.65496063 103.57258606
v 142.81430054 66.96400452 108.97520447
v 142.81430054 68.78824615 106.75235748
v 142.81430054 68.78824615 127.49699402
v 142.81430054 66.96400452 125.27416229
v 142.81430054 71.01107788 104.92811584
v 142.81430054 65.60847473 122.73814392
v 142.81430054 73.54710388 103.57258606
v 142.81430054 64.77374268 119.98639679
v 142.81430054 76.29884338 102.73786163
v 142.81430054 64.49188995 117.12467957
v 142.81430054 76.29884338 131.51148987
v 142.81430054 64.77374268 114.26296997
v 142.81430054 73.54710388 130.67675781
v 142.81430054 65.60847473 111.51121521
v 142.81430054 71.01107788 129.32122803
v 142.2559967 76.35382843 131.51148987
v 142.2559967 76.35382843 102.73786163
v 139.95257568 64.77374268 117.12467957
v 140.00756836 65.05018616 114.26296997
v 141.71916199 73.65496063 130.67675781
v 140.17041016 65.8688736 111.51121521
v 141.22441101 71.1676712 129.32122803
v 140.43486023 67.19835663 108.97520447
v 140.79075623 68.98754883 127.49699402
v 140.79075623 68.98754883 106.75235748
v 140.43486023 67.19835663 125.27416229
v 141.22441101 71.1676712 104.92811584
v 140.17041016 65.8688736 122.73814392
v 141.71916199 73.65496063 103.57258606
v 140.00756836 65.05018616 119.98639679
v 138.84498596 69.57778931 127.49699402
v 138.1468811 67.89241028 125.27416229
v 138.84498596 69.57778931 106.75235748
v 139.69561768 71.63142395 104.92811584
v 137.62814331 66.64006805 122.73812866
v 140.66612244 73.97440338 103.57258606
v 137.30870056 65.86888123 119.98638916
v 141.71916199 76.51667786 102.73786163
v 137.20083618 65.60847473 117.12467957
v 141.71916199 76.51667786 131.51148987
v 137.30870056 65.86888123 114.26296997
v 140.66612244 73.97440338 130.67675781
v 137.62814331 66.64006805 111.51122284
v 139.69563293 71.63142395 129.32122803
v 138.1468811 67.89241028 108.97520447
v 134.66482544 66.96400452 117.12467957
v 134.82141113 67.19836426 114.26296997
v 141.22441101 76.78112793 131.51148987
v 139.69563293 74.49314117 130.67675781
v 135.28515625 67.89241791 111.51122284
v 138.28668213 72.38451385 129.32122803
v 136.03825378 69.01950073 108.97520447
v 137.05174255 70.53630066 127.49699402
v 137.05174255 70.53630066 106.75236511
v 136.03825378 69.01950073 125.27416229
v 138.28668213 72.38451385 104.92811584
v 135.28515625 67.89241791 122.73812866
v 139.69563293 74.49314117 103.57258606
v 134.82141113 67.19836426 119.98638916
v 141.22441101 76.78112793 102.73786163
v 135.47996521 71.82622528 106.75236511
v 137.05174255 73.39801025 104.92812347
v 134.19003296 70.53629303 125.27416229
v 133.23152161 69.57778931 122.73812866
v 138.84498596 75.19124603 103.57258606
v 132.64128113 68.98754883 119.98638916
v 140.79075623 77.13702393 102.73786163
v 132.44198608 68.78823853 117.12467957
v 140.79075623 77.13702393 131.51148987
v 132.64128113 68.98754883 114.26296997
v 138.84498596 75.19124603 130.67675781
v 133.23152161 69.57778931 111.51122284
v 137.05174255 73.39801025 129.32122803
v 134.19003296 70.53629303 108.97520447
v 135.47996521 71.82622528 127.49699402
v 130.85209656 71.16767883 114.26296997
v 131.54615784 71.63142395 111.51122284
v 138.1468811 76.04189301 130.67675781
v 136.03825378 74.63294983 129.32122803
v 132.67323303 72.38452148 108.97520447
v 134.19003296 73.39801025 127.49699402
v 134.19003296 73.39801025 106.75236511
v 132.67323303 72.38452148 125.27416229
v 136.03825378 74.63294983 104.92812347
v 131.54615784 71.63142395 122.73812866
v 138.1468811 76.04189301 103.57258606
v 130.85209656 71.16767883 119.98638916
v 140.43487549 77.57067108 102.73786163
v 130.61773682 71.01108551 117.12467957
v 140.43487549 77.57067108 131.51148987
v 135.28515625 76.04188538 104.92812347
v 137.62814331 77.01238251 103.57259369
v 130.29380798 73.97440338 122.73812866
v 129.52261353 73.65496826 119.98638916
v 140.17041016 78.06542969 102.73786163
v 129.26222229 73.54710388 117.12467957
v 140.17042542 78.06542969 131.51148987
v 129.52261353 73.65496826 114.26296997
v 137.62814331 77.01238251 130.67675781
v 130.29380798 73.97440338 111.51122284
v 135.28515625 76.04188538 129.32122803
v 131.54615784 74.49314117 108.97520447
v 133.23153687 75.19124603 127.49699402
v 133.23153687 75.19124603 106.75236511
v 131.54614258 74.49314117 125.27416229
v 137.30870056 78.06542969 130.67675781
v 134.82141113 77.57067108 129.32122803
v 129.52261353 76.51667786 111.51122284
v 130.85209656 76.78112793 108.97520447
v 132.64128113 77.13702393 127.49699402
v 132.64129639 77.13702393 106.75236511
v 130.85209656 76.78112793 125.27416229
v 134.82141113 77.57067108 104.92812347
v 129.52261353 76.51667786 122.73812866
v 137.30870056 78.06542969 103.57259369
v 128.70391846 76.35383606 119.98638916
v 140.00756836 78.6022644 102.73786163
v 128.42749023 76.29884338 117.12467957
v 140.00756836 78.6022644 131.51148987
v 128.70391846 76.35383606 114.26296997
v 129.26222229 79.16056061 122.73812866
v 128.42749023 79.16056061 119.98638916
v 137.20083618 79.16056061 103.57259369
v 139.95257568 79.16056061 102.73786163
v 128.14562988 79.16056061 117.12467957
v 139.95257568 79.16056061 131.51148987
v 128.42749023 79.16056061 114.26296997
v 137.20083618 79.16056061 130.67675781
v 129.26222229 79.16056061 111.51122284
v 134.66482544 79.16056061 129.32122803
v 130.61775208 79.16056061 108.97520447
v 132.44198608 79.16056061 127.49699402
v 132.44198608 79.16056061 106.75236511
v 130.61775208 79.16056061 125.27416229
v 134.66482544 79.16056061 104.92812347
v 129.52261353 81.80443573 111.51122284
v 130.85209656 81.53998566 108.97520447
v 134.82141113 80.7504425 129.32122803
v 132.64129639 81.18409729 127.49699402
v 132.64129639 81.18409729 106.75236511
v 130.85209656 81.53998566 125.27416229
v 134.82141113 80.7504425 104.92812347
v 129.52261353 81.80443573 122.73812866
v 137.30870056 80.25569153 103.57259369
v 128.70391846 81.96728516 119.98638916
v 140.00756836 79.71884918 102.73786163
v 128.42749023 82.02227783 117.12467957
v 140.00756836 79.71884918 131.51148987
v 128.70391846 81.96728516 114.26296997
v 137.30870056 80.25569153 130.67675781
v 137.62814331 81.30873108 103.57259369
v 140.17042542 80.25569153 102.73786163
v 129.52261353 84.66615295 119.98638916
v 129.26222229 84.77401733 117.12467957
v 140.17041016 80.25569153 131.51148987
v 129.52261353 84.66615295 114.26296997
v 137.62814331 81.30873108 130.67675781
v 130.29380798 84.34671783 111.51122284
v 135.28515625 82.27922821 129.32122803
v 131.54615784 83.82798004 108.97520447
v 133.23153687 83.12986755 127.49699402
v 133.23153687 83.12986755 106.75236511
v 131.54615784 83.82798004 125.27416229
v 135.28515625 82.27922821 104.92812347
v 130.29380798 84.34671783 122.73812866
v 136.03825378 83.68816376 129.32122803
v 134.19003296 84.92310333 127.49699402
v 132.67323303 85.93659973 108.97520447
v 134.19003296 84.92310333 106.75236511
v 132.67323303 85.93659973 125.27416229
v 136.03825378 83.68816376 104.92812347
v 131.54615784 86.68968964 122.73812866
v 138.1468811 82.27922821 103.57258606
v 130.85209656 87.15344238 119.98638916
v 140.43487549 80.7504425 102.73786163
v 130.61775208 87.31003571 117.12467957
v 140.43487549 80.7504425 131.51148987
v 130.85209656 87.15344238 114.26296997
v 138.1468811 82.27922821 130.67675781
v 131.54615784 86.68968964 111.51122284
v 132.64129639 89.33357239 119.98638916
v 132.44198608 89.53287506 117.12467957
v 140.79075623 81.18409729 131.51148987
v 140.79075623 81.18409729 102.73786163
v 132.64129639 89.33357239 114.26296997
v 138.84498596 83.12986755 130.67675781
v 133.23153687 88.74332428 111.51122284
v 137.05174255 84.92311096 129.32122803
v 134.19003296 87.78482056 108.97520447
v 135.47996521 86.49488831 127.49699402
v 135.47996521 86.49488831 106.75236511
v 134.19003296 87.78482056 125.27416229
v 137.05174255 84.92311096 104.92812347
v 133.23153687 88.74332428 122.73812866
v 138.84498596 83.12986755 103.57258606
v 136.03825378 89.30162048 108.97520447
v 137.05175781 87.78482056 106.75236511
v 137.05175781 87.78482056 127.49699402
v 136.03825378 89.30162048 125.27416229
v 138.28669739 85.93659973 104.92811584
v 135.28517151 90.42869568 122.73812866
v 139.69563293 83.82797241 103.57258606
v 134.82141113 91.12275696 119.98638916
v 141.22441101 81.53998566 102.73786163
v 134.66482544 91.35710907 117.12467957
v 141.22441101 81.53998566 131.51148987
v 134.82141113 91.12275696 114.26296997
v 139.69563293 83.82797241 130.67675781
v 135.28517151 90.42869568 111.51122284
v 138.28669739 85.93659973 129.32122803
v 141.71916199 81.80443573 102.73786163
v 137.20083618 92.71263885 117.12467957
v 137.30870056 92.45223999 114.26296997
v 141.71916199 81.80443573 131.51148987
v 140.66612244 84.34671021 130.67675781
v 137.62814331 91.68104553 111.51122284
v 139.69563293 86.68968964 129.32122803
v 138.1468811 90.42870331 108.97520447
v 138.84498596 88.74332428 127.49699402
v 138.84498596 88.74332428 106.75235748
v 138.1468811 90.42870331 125.27416229
v 139.69563293 86.68968964 104.92811584
v 137.62814331 91.68104553 122.73812866
v 140.66612244 84.34671021 103.57258606
v 137.30871582 92.45223999 119.98638916
v 140.79077148 89.33356476 106.75235748
v 141.22441101 87.15344238 104.92811584
v 140.43487549 91.12275696 125.27416229
v 140.17042542 92.45223236 122.73814392
v 141.71916199 84.66615295 103.57258606
v 140.00756836 93.27092743 119.98639679
v 142.25601196 81.96728516 102.73786163
v 139.95259094 93.54737091 117.12467957
v 142.25601196 81.96728516 131.51148987
v 140.00756836 93.27092743 114.26296997
v 141.71916199 84.66615295 130.67675781
v 140.17042542 92.45223236 111.51121521
v 141.22441101 87.15344238 129.32122803
v 140.43487549 91.12275696 108.97520447
v 140.79075623 89.33356476 127.49699402
v 152.47341919 87.76647949 114.67086792
v 152.47340393 86.90569305 116.10283661
v 154.51036072 86.75686646 116.10283661
v 154.73674011 87.60112762 114.67086792
v 152.47341919 88.29656219 113.11709595
v 154.87615967 88.12101746 113.11709595
v 152.47341919 80.97782135 119.62475586
v 152.47341919 79.16056061 119.78390503
v 152.95135498 80.94290161 119.62475586
v 152.47341919 82.72525024 119.15342712
v 153.41091919 82.65675354 119.15342712
v 152.47341919 84.33568573 118.38802338
v 153.8344574 84.23625183 118.38802338
v 152.47341919 85.74725342 117.35796356
v 154.20568848 85.62068939 117.35796356
v 155.87139893 85.2458725 117.35796356
v 156.46902466 86.31612396 116.10283661
v 156.9131012 87.11140442 114.67086792
v 157.18655396 87.60112762 113.11709595
v 153.41091919 80.8394928 119.62475586
v 154.31239319 82.4539032 119.15342712
v 155.14318848 83.9417572 118.38802338
v 153.8344574 80.67155457 119.62475586
v 155.14318848 82.12448883 119.15342712
v 156.34933472 83.46352386 118.38802338
v 157.40652466 84.63719177 117.35796356
v 158.2741394 85.60040283 116.10283661
v 158.9188385 86.31612396 114.67086792
v 159.31584167 86.75686646 113.11709595
v 158.7520752 83.8180542 117.35796356
v 159.8563385 84.63719177 116.10283661
v 160.67687988 85.2458725 114.67086792
v 161.18217468 85.62068939 113.11709595
v 154.20568848 80.44555664 119.62475586
v 155.87139893 81.68117523 119.15342712
v 157.40652466 82.81993103 118.38802338
v 154.51036072 80.17017365 119.62475586
v 156.46902466 81.14099884 119.15342712
v 158.2741394 82.03570557 118.38802338
v 159.8563385 82.81993103 117.35796356
v 161.15481567 83.46352386 116.10283661
v 162.11967468 83.9417572 114.67086792
v 162.71383667 84.23625183 113.11709595
v 162.11967468 82.12448883 116.10283661
v 163.19177246 82.4539032 114.67086792
v 163.85195923 82.65675354 113.11709595
v 154.73674011 79.85599518 119.62475586
v 156.9131012 80.52470398 119.15342712
v 158.9188385 81.14099884 118.38802338
v 160.67687988 81.68117523 117.35796356
v 154.87615967 79.51509094 119.62475586
v 157.18655396 79.85599518 119.15342712
v 159.31584167 80.17017365 118.38802338
v 161.18217468 80.44555664 117.35796356
v 162.71383667 80.67155457 116.10283661
v 163.85195923 80.8394928 114.67086792
v 164.55281067 80.94290161 113.11709595
v 162.91445923 79.16056061 116.10283661
v 164.07487488 79.16056061 114.67086792
v 164.78945923 79.16056061 113.11709595
v 154.92321777 79.16056061 119.62475586
v 157.27890015 79.16056061 119.15342712
v 159.44989014 79.16056061 118.38802338
v 161.3527832 79.16056061 117.35796356
v 157.18655396 78.46511841 119.15342712
v 159.31584167 78.15093994 118.38802338
v 161.18217468 77.87555695 117.35796356
v 162.71383667 77.64955902 116.10283661
v 163.85195923 77.48162079 114.67086792
v 164.55281067 77.37821198 113.11709595
v 154.87615967 78.80603027 119.62475586
v 163.1917572 75.86721039 114.67086792
v 163.85195923 75.66436005 113.11709595
v 154.73674011 78.46511841 119.62475586
v 156.9131012 77.79640961 119.15342712
v 158.9188385 77.18012238 118.38802338
v 160.67687988 76.63993835 117.35796356
v 162.11967468 76.19662476 116.10283661
v 158.2741394 76.28540802 118.38802338
v 159.8563385 75.50119019 117.35796356
v 161.15481567 74.85759735 116.10283661
v 162.11967468 74.37936401 114.67086792
v 162.71382141 74.08486938 113.11709595
v 154.51036072 78.15093994 119.62475586
v 156.46902466 77.18012238 119.15342712
v 154.20568848 77.87555695 119.62475586
v 155.87139893 76.63993835 119.15342712
v 157.40652466 75.50119019 118.38802338
v 158.7520752 74.50306702 117.35796356
v 159.8563385 73.68392181 116.10283661
v 160.67687988 73.07524872 114.67086792
v 161.18217468 72.70043182 113.11709595
v 156.34933472 74.85758972 118.38802338
v 157.40652466 73.68392181 117.35796356
v 158.2741394 72.72071838 116.10283661
v 158.9188385 72.00498962 114.67086792
v 159.31584167 71.56424713 113.11709595
v 153.8344574 77.64955902 119.62475586
v 155.14318848 76.19662476 119.15342712
v 153.41091919 77.48162842 119.62475586
v 154.31239319 75.86721039 119.15342712
v 155.14318848 74.37936401 118.38802338
v 155.87139893 73.07524872 117.35796356
v 156.46902466 72.00498962 116.10283661
v 156.9131012 71.2097168 114.67086792
v 157.18655396 70.71999359 113.11709595
v 154.20568848 72.70043182 117.35796356
v 154.51036072 71.56425476 116.10283661
v 154.73674011 70.71999359 114.67086792
v 154.87614441 70.20010376 113.11709595
v 152.95133972 77.37821198 119.62475586
v 153.41091919 75.66436005 119.15342712
v 153.8344574 74.08486938 118.38802338
v 152.47340393 77.34329224 119.62475586
v 152.47341919 75.59587097 119.15342712
v 152.47340393 73.98542786 118.38802338
v 152.47340393 72.5738678 117.35796356
v 152.47340393 71.41542816 116.10283661
v 152.47340393 70.55463409 114.67086792
v 152.47340393 70.02455902 113.11709595
v 150.74113464 72.70043182 117.35796356
v 150.4364624 71.56424713 116.10283661
v 150.21008301 70.71999359 114.67086792
v 150.07066345 70.20010376 113.11709595
v 151.9954834 77.37821198 119.62475586
v 151.53590393 75.66436005 119.15342712
v 151.11236572 74.08486176 118.38802338
v 151.53590393 77.48162842 119.62475586
v 150.63442993 75.86721039 119.15342712
v 149.80361938 74.37935638 118.38802338
v 149.07542419 73.07524872 117.35796356
v 148.47779846 72.00498962 116.10283661
v 148.03372192 71.2097168 114.67086792
v 147.76026917 70.71999359 113.11709595
v 146.67268372 72.72071838 116.10283661
v 146.02798462 72.00499725 114.67086792
v 145.63098145 71.56425476 113.11709595
v 151.11236572 77.64955902 119.62475586
v 149.80363464 76.19662476 119.15342712
v 148.5974884 74.85758972 118.38802338
v 147.54029846 73.68392944 117.35796356
v 149.07542419 76.63993835 119.15342712
v 147.54029846 75.50119019 118.38802338
v 146.19474792 74.50306702 117.35796356
v 145.09048462 73.68392944 116.10283661
v 144.26994324 73.07524872 114.67086792
v 143.76464844 72.70043182 113.11709595
v 150.74113464 77.87555695 119.62475586
v 142.82714844 74.37936401 114.67086792
v 142.23300171 74.08486938 113.11709595
v 150.4364624 78.15093994 119.62475586
v 148.47779846 77.18012238 119.15342712
v 146.67268372 76.28540802 118.38802338
v 145.09048462 75.50119019 117.35796356
v 143.79200745 74.85759735 116.10283661
v 148.03372192 77.79640961 119.15342712
v 146.02798462 77.18012238 118.38802338
v 144.26994324 76.63994598 117.35796356
v 142.82714844 76.19662476 116.10283661
v 141.75506592 75.86721802 114.67086792
v 141.09487915 75.66436768 113.11709595
v 150.21008301 78.46511841 119.62475586
v 141.09487915 77.48162842 114.67086792
v 140.39401245 77.37821198 113.11709595
v 150.07067871 78.80603027 119.62475586
v 147.76026917 78.46511841 119.15342712
v 145.63098145 78.15093994 118.38802338
v 143.7646637 77.87555695 117.35796356
v 142.23300171 77.64955902 116.10283661
v 145.49693298 79.16056061 118.38802338
v 143.59403992 79.16056061 117.35796356
v 142.03237915 79.16056061 116.10283661
v 140.8719635 79.16056061 114.67086792
v 140.15736389 79.16056061 113.11709595
v 150.02360535 79.16056061 119.62475586
v 147.66793823 79.16056061 119.15342712
v 150.07067871 79.51509094 119.62475586
v 147.76026917 79.85599518 119.15342712
v 145.63098145 80.17017365 118.38802338
v 143.7646637 80.44555664 117.35796356
v 142.23300171 80.67156219 116.10283661
v 141.09487915 80.8394928 114.67086792
v 140.39401245 80.94290924 113.11709595
v 146.02798462 81.14099884 118.38802338
v 144.26994324 81.68117523 117.35796356
v 142.82714844 82.12448883 116.10283661
v 141.75506592 82.4539032 114.67086792
v 141.09487915 82.65675354 113.11709595
v 150.21008301 79.85599518 119.62475586
v 148.03372192 80.52470398 119.15342712
v 150.4364624 80.17017365 119.62475586
v 148.47779846 81.14099121 119.15342712
v 146.67268372 82.03570557 118.38802338
v 145.09048462 82.8199234 117.35796356
v 143.79200745 83.46352386 116.10283661
v 142.82714844 83.9417572 114.67086792
v 142.23300171 84.23625183 113.11709595
v 146.19474792 83.8180542 117.35796356
v 145.09048462 84.63719177 116.10283661
v 144.26994324 85.24586487 114.67086792
v 143.7646637 85.62068939 113.11709595
v 150.74113464 80.44555664 119.62475586
v 149.07542419 81.68117523 119.15342712
v 147.54029846 82.81993103 118.38802338
v 151.11236572 80.67155457 119.62475586
v 149.80363464 82.12448883 119.15342712
v 148.5974884 83.46352386 118.38802338
v 147.54029846 84.63719177 117.35796356
v 146.67268372 85.6003952 116.10283661
v 146.02798462 86.31612396 114.67086792
v 145.6309967 86.75686646 113.11709595
v 148.47779846 86.31612396 116.10283661
v 148.03372192 87.11139679 114.67086792
v 147.76026917 87.60112 113.11709595
v 151.53590393 80.8394928 119.62475586
v 150.63442993 82.4539032 119.15342712
v 149.80363464 83.9417572 118.38802338
v 149.07542419 85.24586487 117.35796356
v 151.9954834 80.94290161 119.62475586
v 151.53590393 82.65675354 119.15342712
v 151.11236572 84.23625183 118.38802338
v 150.74113464 85.62068176 117.35796356
v 150.4364624 86.75686646 116.10283661
v 150.21008301 87.60112 114.67086792
v 150.07067871 88.12100983 113.11709595
v 157.22723389 70.64713287 112.40510559
v 159.37490845 71.49867249 112.40510559
v 162.80223083 84.28006744 112.40510559
v 161.25735474 85.67645264 112.40510559
v 154.89689636 88.19836426 112.40510559
v 152.47341919 88.37542725 112.40510559
v 145.57191467 71.49868011 112.40510559
v 147.71957397 70.64713287 112.40510559
v 147.71958923 87.67398071 112.40510559
v 145.57192993 86.8224411 112.40510559
v 163.95018005 82.68693542 112.40510559
v 150.04992676 88.19836426 112.40510559
v 159.37490845 86.8224411 112.40510559
v 157.22724915 87.67398834 112.40510559
v 143.68948364 85.67645264 112.40510559
v 142.14459229 84.28006744 112.40510559
v 150.04992676 70.12275696 112.40510559
v 152.47340393 69.94569397 112.40510559
v 161.25733948 72.64466095 112.40510559
v 162.80223083 74.04105377 112.40510559
v 154.89689636 70.12274933 112.40510559
v 140.99665833 82.68693542 112.40510559
v 140.28974915 80.9582901 112.40510559
v 164.65707397 77.36282349 112.40510559
v 164.89576721 79.16056061 112.40510559
v 163.95018005 75.63417816 112.40510559
v 143.68948364 72.64466095 112.40510559
v 164.65707397 80.9582901 112.40510559
v 142.14459229 74.04105377 112.40510559
v 140.99664307 75.63418579 112.40510559
v 140.28974915 77.36283112 112.40510559
v 140.05105591 79.16056061 112.40510559
v 149.41520691 76.43157959 129.8480835
v 149.41520691 75.35843658 129.95378113
v 149.6245575 76.41096497 129.8480835
v 149.41520691 75.35843658 118.95227051
v 149.41520691 76.43157959 119.05796814
v 149.6245575 76.41096497 119.05796814
v 149.41520691 80.75349426 123.37988281
v 149.41520691 80.85919189 124.45302582
v 150.48834229 80.75349426 124.45302582
v 150.46772766 80.64983368 123.37988281
v 149.41520691 77.46348572 129.5350647
v 149.82588196 77.42303467 129.5350647
v 149.41520691 80.44047546 122.34797668
v 150.40666199 80.34281921 122.34797668
v 149.41520691 78.41448975 129.0267334
v 150.01141357 78.35577393 129.0267334
v 149.41520691 79.93214417 121.39697266
v 150.30749512 79.84426117 121.39697266
v 149.41520691 79.2480545 128.34265137
v 150.17402649 79.17331696 128.34265137
v 149.41520691 79.2480545 120.56341553
v 150.17402649 79.17331696 120.56341553
v 149.41520691 79.93214417 127.50907898
v 150.30749512 79.84426117 127.50907898
v 149.41520691 78.41448975 119.87931824
v 150.01141357 78.35577393 119.87931824
v 149.41520691 80.44046783 126.55807495
v 150.40666199 80.34281921 126.55807495
v 149.41520691 77.46348572 119.37099457
v 149.82588196 77.42303467 119.37099457
v 149.41520691 80.75349426 125.52616882
v 150.46772766 80.64983368 125.52616882
v 150.22076416 77.30324554 119.37099457
v 149.82588196 76.34989166 119.05796814
v 151.47979736 80.34281921 125.52616882
v 151.52024841 80.44047546 124.45302582
v 149.82588196 76.34989166 129.8480835
v 151.47979736 80.34281921 123.37988281
v 150.22076416 77.30324554 129.5350647
v 151.36001587 80.05362701 122.34797668
v 150.58470154 78.18186188 129.0267334
v 151.16548157 79.583992 121.39697266
v 150.90370178 78.95198059 128.34265137
v 150.90370178 78.95198059 120.56341553
v 151.16548157 79.583992 127.50907898
v 150.58470154 78.18186188 119.87931824
v 151.36001587 80.05362701 126.55807495
v 151.11305237 77.89945221 129.0267334
v 151.57615662 78.59253693 128.34265137
v 151.95622253 79.16133881 121.39697266
v 151.57615662 78.59253693 120.56341553
v 151.95622253 79.16133881 127.50907898
v 151.11305237 77.89945221 119.87931824
v 152.2386322 79.583992 126.55807495
v 150.58470154 77.10871887 119.37099457
v 152.41253662 79.84426117 125.52616882
v 150.01141357 76.25072479 119.05796814
v 152.47125244 79.93214417 124.45302582
v 150.01141357 76.25072479 129.8480835
v 152.41253662 79.84426117 123.37988281
v 150.58470154 77.10871887 129.5350647
v 152.2386322 79.583992 122.34797668
v 153.23008728 79.17331696 125.52616882
v 153.30482483 79.2480545 124.45302582
v 150.17402649 76.11726379 129.8480835
v 150.17402649 76.11726379 119.05796814
v 153.23008728 79.17331696 123.37988281
v 150.90370178 76.84693146 129.5350647
v 153.00874329 78.95198059 122.34797668
v 151.57615662 77.51939392 129.0267334
v 152.64930725 78.59253693 121.39697266
v 152.16557312 78.10881805 128.34265137
v 152.16557312 78.10881805 120.56341553
v 152.64930725 78.59253693 127.50907898
v 151.57615662 77.51939392 119.87931824
v 153.00874329 78.95198059 126.55807495
v 150.90370178 76.84693146 119.37099457
v 153.21810913 77.89945221 121.39697266
v 152.64930725 77.51939392 120.56341553
v 152.64930725 77.51939392 128.34265137
v 153.21810913 77.89945221 127.50907898
v 151.95622253 77.05628967 119.87931824
v 153.64076233 78.18186188 126.55807495
v 151.16548157 76.52793884 119.37099457
v 153.90103149 78.35577393 125.52616882
v 150.30749512 75.95464325 119.05796814
v 153.98890686 78.41448975 124.45302582
v 150.30749512 75.95464325 129.8480835
v 153.90103149 78.35577393 123.37988281
v 151.16548157 76.52793884 129.5350647
v 153.64076233 78.18186188 122.34797668
v 151.95622253 77.05628967 129.0267334
v 150.40666199 75.76911163 129.8480835
v 150.40666199 75.76911163 119.05796814
v 154.49723816 77.46348572 124.45302582
v 154.39958191 77.42303467 123.37988281
v 151.36001587 76.16400146 129.5350647
v 154.11038208 77.30324554 122.34797668
v 152.2386322 76.52793884 129.0267334
v 153.64076233 77.10871887 121.39697266
v 153.00874329 76.84693146 128.34265137
v 153.00874329 76.84693146 120.56341553
v 153.64076233 77.10871887 127.50907898
v 152.2386322 76.52793884 119.87931824
v 154.11038208 77.30324554 126.55807495
v 151.36001587 76.16400146 119.37099457
v 154.39958191 77.42303467 125.52616882
v 153.23008728 76.11726379 128.34265137
v 153.90103149 76.25072479 127.50907898
v 153.23008728 76.11726379 120.56341553
v 152.41253662 75.95464325 119.87931824
v 154.39958191 76.34989166 126.55807495
v 151.47979736 75.76911163 119.37099457
v 154.70658875 76.41095734 125.52616882
v 150.46772766 75.5677948 119.05796814
v 154.81025696 76.43157959 124.45302582
v 150.46772766 75.5677948 129.8480835
v 154.70658875 76.41095734 123.37988281
v 151.47979736 75.76911163 129.5350647
v 154.39958191 76.34989166 122.34797668
v 152.41253662 75.95464325 129.0267334
v 153.90103149 76.25072479 121.39697266
v 154.91595459 75.35843658 124.45302582
v 154.81025696 75.35843658 123.37988281
v 150.48834229 75.35843658 129.8480835
v 151.52024841 75.35843658 129.5350647
v 154.49723816 75.35843658 122.34797668
v 152.47125244 75.35843658 129.0267334
v 153.98890686 75.35843658 121.39697266
v 153.30482483 75.35843658 128.34265137
v 153.30482483 75.35843658 120.56341553
v 153.98890686 75.35843658 127.50907898
v 152.47125244 75.35843658 119.87931824
v 154.49723816 75.35843658 126.55807495
v 151.52024841 75.35843658 119.37099457
v 154.81025696 75.35843658 125.52616882
v 150.48834229 75.35843658 119.05796814
v 153.23008728 74.59960938 120.56341553
v 152.41253662 74.76222992 119.87931824
v 153.90103149 74.46615601 127.50907898
v 154.39958191 74.36698151 126.55807495
v 151.47979736 74.94776154 119.37099457
v 154.70658875 74.30591583 125.52616882
v 150.46772766 75.14907837 119.05796814
v 154.81025696 74.28529358 124.45302582
v 150.46772766 75.14907837 129.8480835
v 154.70658875 74.30591583 123.37988281
v 151.47979736 74.94776154 129.5350647
v 154.39958191 74.36698151 122.34797668
v 152.41253662 74.76222992 129.0267334
v 153.90103149 74.46615601 121.39697266
v 153.23008728 74.59960938 128.34265137
v 154.39958191 73.2938385 123.37988281
v 154.11038208 73.41362762 122.34797668
v 151.36001587 74.5528717 129.5350647
v 152.2386322 74.18893433 129.0267334
v 153.64076233 73.6081543 121.39697266
v 153.00874329 73.86994171 128.34265137
v 153.00874329 73.86994171 120.56341553
v 153.64076233 73.6081543 127.50907898
v 152.2386322 74.18893433 119.87931824
v 154.11038208 73.41362762 126.55807495
v 151.36001587 74.5528717 119.37099457
v 154.39958191 73.2938385 125.52616882
v 150.40666199 74.94776154 119.05796814
v 154.49723816 73.25339508 124.45302582
v 150.40666199 74.94776154 129.8480835
v 151.95622253 73.6605835 119.87931824
v 151.16548157 74.18893433 119.37099457
v 153.64076233 72.53501129 126.55807495
v 153.90103149 72.36110687 125.52616882
v 150.30749512 74.76222992 119.05796814
v 153.98890686 72.30238342 124.45302582
v 150.30749512 74.76222992 129.8480835
v 153.90103149 72.36110687 123.37988281
v 151.16548157 74.18893433 129.5350647
v 153.64076233 72.53501129 122.34797668
v 151.95622253 73.6605835 129.0267334
v 153.21810913 72.81742096 121.39697266
v 152.64930725 73.19747925 128.34265137
v 152.64930725 73.19747925 120.56341553
v 153.21809387 72.81742096 127.50907898
v 150.90368652 73.86994171 129.5350647
v 151.57615662 73.19747925 129.0267334
v 153.00874329 71.76490021 122.34797668
v 152.64930725 72.12433624 121.39697266
v 152.16557312 72.60806274 128.34265137
v 152.16557312 72.60806274 120.56341553
v 152.64930725 72.12433624 127.50907898
v 151.57615662 73.19747925 119.87931824
v 153.00874329 71.76490021 126.55807495
v 150.90368652 73.86994171 119.37099457
v 153.23008728 71.54355621 125.52616882
v 150.17402649 74.59960938 119.05796814
v 153.30482483 71.46881866 124.45302582
v 150.17402649 74.59960938 129.8480835
v 153.23008728 71.54355621 123.37988281
v 152.2386322 71.13288116 126.55807495
v 152.41253662 70.872612 125.52616882
v 150.58470154 73.6081543 119.37099457
v 150.01141357 74.46614838 119.05796814
v 152.47125244 70.784729 124.45302582
v 150.01141357 74.46614838 129.8480835
v 152.41253662 70.872612 123.37988281
v 150.58470154 73.6081543 129.5350647
v 152.2386322 71.13288116 122.34797668
v 151.11305237 72.81742096 129.0267334
v 151.95622253 71.55554199 121.39697266
v 151.57615662 72.12433624 128.34265137
v 151.57615662 72.12433624 120.56341553
v 151.95622253 71.55554199 127.50907898
v 151.11305237 72.81742096 119.87931824
v 151.36001587 70.66325378 122.34797668
v 151.16548157 71.13288116 121.39697266
v 150.58470154 72.53501129 129.0267334
v 150.90368652 71.76490021 128.34265137
v 150.90368652 71.76490021 120.56341553
v 151.16548157 71.13288116 127.50907898
v 150.58470154 72.53501129 119.87931824
v 151.36001587 70.66325378 126.55807495
v 150.22076416 73.41362762 119.37099457
v 151.47979736 70.37405396 125.52616882
v 149.82588196 74.36698151 119.05796814
v 151.52024841 70.27640533 124.45302582
v 149.82588196 74.36698151 129.8480835
v 151.47979736 70.37405396 123.37988281
v 150.22076416 73.41362762 129.5350647
v 149.82588196 73.2938385 119.37099457
v 149.6245575 74.30591583 119.05796814
v 150.46772766 70.06704712 125.52616882
v 150.48834229 69.96337891 124.45302582
v 149.6245575 74.30591583 129.8480835
v 150.46772766 70.06704712 123.37988281
v 149.82588196 73.2938385 129.5350647
v 150.40666199 70.37405396 122.34797668
v 150.01141357 72.36109924 129.0267334
v 150.30749512 70.872612 121.39697266
v 150.17402649 71.54355621 128.34265137
v 150.17402649 71.54355621 120.56341553
v 150.30749512 70.872612 127.50907898
v 150.01141357 72.36109924 119.87931824
v 150.40666199 70.37405396 126.55807495
v 149.41520691 72.30238342 129.0267334
v 149.41520691 71.46881866 128.34265137
v 149.41520691 70.784729 121.39697266
v 149.41520691 71.46881866 120.56341553
v 149.41520691 70.784729 127.50907898
v 149.41520691 72.30238342 119.87931824
v 149.41520691 70.27640533 126.55807495
v 149.41520691 73.25339508 119.37099457
v 149.41520691 69.96337891 125.52616882
v 149.41520691 74.28529358 119.05796814
v 149.41520691 69.85768127 124.45302582
v 149.41520691 74.28529358 129.8480835
v 149.41520691 69.96337891 123.37988281
v 149.41520691 73.25339508 129.5350647
v 149.41520691 70.27640533 122.34797668
v 148.3626709 70.06704712 125.52616882
v 148.34205627 69.96337891 124.45302582
v 149.20584106 74.30591583 129.8480835
v 149.20584106 74.30591583 119.05796814
v 148.3626709 70.06704712 123.37988281
v 149.00453186 73.2938385 129.5350647
v 148.42375183 70.37405396 122.34797668
v 148.81900024 72.36109924 129.0267334
v 148.5229187 70.872612 121.39697266
v 148.65637207 71.54355621 128.34265137
v 148.65637207 71.54355621 120.56341553
v 148.5229187 70.872612 127.50907898
v 148.81900024 72.36109924 119.87931824
v 148.42375183 70.37405396 126.55807495
v 149.00453186 73.2938385 119.37099457
v 147.66491699 71.13288116 121.39697266
v 147.92671204 71.76490021 120.56341553
v 147.92671204 71.76490021 128.34265137
v 147.66491699 71.13288116 127.50907898
v 148.24569702 72.53501129 119.87931824
v 147.47039795 70.66325378 126.55807495
v 148.6096344 73.41362762 119.37099457
v 147.3506012 70.37405396 125.52616882
v 149.00453186 74.36698151 119.05796814
v 147.31015015 70.27640533 124.45302582
v 149.00453186 74.36698151 129.8480835
v 147.3506012 70.37405396 123.37988281
v 148.6096344 73.41362762 129.5350647
v 147.47039795 70.66325378 122.34797668
v 148.24569702 72.53501129 129.0267334
v 148.81900024 74.46615601 119.05796814
v 146.35914612 70.784729 124.45302582
v 146.4178772 70.872612 123.37988281
v 148.81900024 74.46615601 129.8480835
v 148.24569702 73.6081543 129.5350647
v 146.59178162 71.13288879 122.34797668
v 147.71734619 72.81742096 129.0267334
v 146.87419128 71.55554199 121.39697266
v 147.25424194 72.12433624 128.34265137
v 147.25424194 72.12433624 120.56341553
v 146.87419128 71.55554199 127.50907898
v 147.71734619 72.81742096 119.87931824
v 146.59178162 71.13288879 126.55807495
v 148.24569702 73.6081543 119.37099457
v 146.4178772 70.872612 125.52616882
v 146.66482544 72.60806274 120.56341553
v 147.25424194 73.19747925 119.87931824
v 146.18110657 72.12433624 127.50907898
v 145.82167053 71.76490021 126.55807495
v 147.92671204 73.86994171 119.37099457
v 145.60032654 71.54355621 125.52616882
v 148.65637207 74.59960938 119.05796814
v 145.52558899 71.46881866 124.45302582
v 148.65637207 74.59960938 129.8480835
v 145.60032654 71.54355621 123.37988281
v 147.92671204 73.86994171 129.5350647
v 145.82167053 71.76490021 122.34797668
v 147.25424194 73.19747925 129.0267334
v 146.18110657 72.12433624 121.39697266
v 146.66482544 72.60806274 128.34265137
v 148.5229187 74.76222992 129.8480835
v 147.66491699 74.18893433 129.5350647
v 144.92938232 72.36110687 123.37988281
v 145.18965149 72.53501129 122.34797668
v 146.87419128 73.6605835 129.0267334
v 145.61230469 72.81742096 121.39697266
v 146.18110657 73.19747925 128.34265137
v 146.18110657 73.19747925 120.56341553
v 145.61230469 72.81742096 127.50907898
v 146.87419128 73.6605835 119.87931824
v 145.18965149 72.53501129 126.55807495
v 147.66491699 74.18893433 119.37099457
v 144.92938232 72.36110687 125.52616882
v 148.5229187 74.76222992 119.05796814
v 144.8414917 72.30238342 124.45302582
v 145.18965149 73.6081543 127.50907898
v 144.72001648 73.41362762 126.55807495
v 146.59178162 74.18893433 119.87931824
v 147.47039795 74.5528717 119.37099457
v 144.43081665 73.2938385 125.52616882
v 148.42375183 74.94776154 119.05796814
v 144.33317566 73.25339508 124.45302582
v 148.42375183 74.94776154 129.8480835
v 144.43081665 73.2938385 123.37988281
v 147.47039795 74.5528717 129.5350647
v 144.72001648 73.41362762 122.34797668
v 146.59178162 74.18893433 129.0267334
v 145.18965149 73.6081543 121.39697266
v 145.82167053 73.86994934 128.34265137
v 145.82167053 73.86994934 120.56341553
v 144.12380981 74.30591583 123.37988281
v 144.43081665 74.36698151 122.34797668
v 147.3506012 74.94776154 129.5350647
v 146.4178772 74.76222992 129.0267334
v 144.92938232 74.46615601 121.39697266
v 145.60032654 74.59960938 128.34265137
v 145.60032654 74.59960938 120.56341553
v 144.92938232 74.46615601 127.50907898
v 146.41786194 74.76222992 119.87931824
v 144.43081665 74.36698151 126.55807495
v 147.3506012 74.94776154 119.37099457
v 144.12380981 74.30591583 125.52616882
v 148.36268616 75.14907837 119.05796814
v 144.0201416 74.28529358 124.45302582
v 148.36268616 75.14907837 129.8480835
v 146.35914612 75.35843658 119.87931824
v 147.31015015 75.35843658 119.37099457
v 144.33317566 75.35843658 126.55807495
v 144.0201416 75.35843658 125.52616882
v 148.34205627 75.35843658 119.05796814
v 143.91444397 75.35843658 124.45302582
v 148.34205627 75.35843658 129.8480835
v 144.0201416 75.35843658 123.37988281
v 147.31015015 75.35843658 129.5350647
v 144.33317566 75.35843658 122.34797668
v 146.35914612 75.35843658 129.0267334
v 144.8414917 75.35843658 121.39697266
v 145.52558899 75.35843658 128.34265137
v 145.52558899 75.35843658 120.56341553
v 144.8414917 75.35843658 127.50907898
v 147.3506012 75.76911163 129.5350647
v 146.4178772 75.95464325 129.0267334
v 144.43081665 76.34989166 122.34797668
v 144.92938232 76.25072479 121.39697266
v 145.60032654 76.11726379 128.34265137
v 145.60032654 76.11726379 120.56341553
v 144.92938232 76.25072479 127.50907898
v 146.41786194 75.95464325 119.87931824
v 144.43081665 76.34989166 126.55807495
v 147.3506012 75.76911163 119.37099457
v 144.12380981 76.41096497 125.52616882
v 148.36268616 75.5677948 119.05796814
v 144.0201416 76.43157959 124.45302582
v 148.36268616 75.5677948 129.8480835
v 144.12380981 76.41096497 123.37988281
v 144.72001648 77.30324554 126.55807495
v 144.43081665 77.42303467 125.52616882
v 147.47039795 76.16400146 119.37099457
v 148.42375183 75.76911163 119.05796814
v 144.33317566 77.46348572 124.45302582
v 148.42375183 75.76911163 129.8480835
v 144.43081665 77.42303467 123.37988281
v 147.47039795 76.16400146 129.5350647
v 144.72001648 77.30324554 122.34797668
v 146.59178162 76.52793884 129.0267334
v 145.18965149 77.10871887 121.39697266
v 145.82167053 76.84693146 128.34265137
v 145.82167053 76.84693146 120.56341553
v 145.18965149 77.10871887 127.50907898
v 146.59178162 76.52793884 119.87931824
v 145.18965149 78.18186188 122.34797668
v 145.61230469 77.89945221 121.39697266
v 146.87419128 77.05628967 129.0267334
v 146.18110657 77.51939392 128.34265137
v 146.18110657 77.51939392 120.56341553
v 145.61230469 77.89945221 127.50907898
v 146.87419128 77.05628967 119.87931824
v 145.18965149 78.18186188 126.55807495
v 147.66491699 76.52793884 119.37099457
v 144.92938232 78.35577393 125.52616882
v 148.5229187 75.95464325 119.05796814
v 144.8414917 78.41448975 124.45302582
v 148.5229187 75.95464325 129.8480835
v 144.92938232 78.35577393 123.37988281
v 147.66491699 76.52793884 129.5350647
v 147.92671204 76.84693146 119.37099457
v 148.65637207 76.11726379 119.05796814
v 145.60032654 79.17331696 125.52616882
v 145.52558899 79.2480545 124.45302582
v 148.65637207 76.11726379 129.8480835
v 145.60032654 79.17331696 123.37988281
v 147.92671204 76.84693146 129.5350647
v 145.82167053 78.95197296 122.34797668
v 147.25424194 77.51939392 129.0267334
v 146.18110657 78.59253693 121.39697266
v 146.66482544 78.10881042 128.34265137
v 146.66482544 78.10881042 120.56341553
v 146.18110657 78.59253693 127.50907898
v 147.25424194 77.51939392 119.87931824
v 145.82167053 78.95197296 126.55807495
v 146.87419128 79.16133881 121.39697266
v 147.25424194 78.59253693 120.56341553
v 147.25424194 78.59253693 128.34265137
v 146.87419128 79.16133881 127.50907898
v 147.71734619 77.89945221 119.87931824
v 146.59178162 79.583992 126.55807495
v 148.24569702 77.10871887 119.37099457
v 146.4178772 79.84426117 125.52616882
v 148.81900024 76.25072479 119.05796814
v 146.35914612 79.93214417 124.45302582
v 148.81900024 76.25072479 129.8480835
v 146.4178772 79.84426117 123.37988281
v 148.24569702 77.10871887 129.5350647
v 146.59178162 79.583992 122.34797668
v 147.71734619 77.89945221 129.0267334
v 149.00453186 76.34989166 129.8480835
v 149.00453186 76.34989166 119.05796814
v 147.31015015 80.44046783 124.45302582
v 147.3506012 80.34281921 123.37988281
v 148.6096344 77.30324554 129.5350647
v 147.47039795 80.05361938 122.34797668
v 148.24569702 78.18186188 129.0267334
v 147.66491699 79.583992 121.39697266
v 147.92671204 78.95197296 128.34265137
v 147.92671204 78.95197296 120.56341553
v 147.66491699 79.583992 127.50907898
v 148.24569702 78.18186188 119.87931824
v 147.47039795 80.05361938 126.55807495
v 148.6096344 77.30324554 119.37099457
v 147.3506012 80.34281921 125.52616882
v 148.65637207 79.17331696 128.34265137
v 148.5229187 79.84426117 127.50907898
v 148.65637207 79.17331696 120.56341553
v 148.81900024 78.35577393 119.87931824
v 148.42375183 80.34281921 126.55807495
v 149.00453186 77.42303467 119.37099457
v 148.36268616 80.64982605 125.52616882
v 149.20584106 76.41095734 119.05796814
v 148.34205627 80.75349426 124.45302582
v 149.20584106 76.41095734 129.8480835
v 148.36268616 80.64982605 123.37988281
v 149.00453186 77.42303467 129.5350647
v 148.42375183 80.34281921 122.34797668
v 148.81900024 78.35577393 129.0267334
v 148.5229187 79.84426117 121.39697266
v 149.41520691 84.44134521 129.8480835
v 149.41520691 83.36820221 129.95378113
v 149.6245575 84.42072296 129.8480835
v 149.41520691 83.36820221 118.95227051
v 149.41520691 84.44134521 119.05796814
v 149.6245575 84.42072296 119.05796814
v 149.41520691 88.76325989 123.37988281
v 149.41520691 88.86894989 124.45302582
v 150.48834229 88.76325989 124.45302582
v 150.46772766 88.65959167 123.37988281
v 149.41520691 85.47324371 129.5350647
v 149.82588196 85.43280029 129.5350647
v 149.41520691 88.45023346 122.34797668
v 150.40666199 88.35258484 122.34797668
v 149.41520691 86.42425537 129.0267334
v 150.01141357 86.36553192 129.0267334
v 149.41520691 87.94190979 121.39697266
v 150.30749512 87.85402679 121.39697266
v 149.41520691 87.25782013 128.34265137
v 150.17402649 87.18308258 128.34265137
v 149.41520691 87.25782013 120.56341553
v 150.17402649 87.18308258 120.56341553
v 149.41520691 87.94190979 127.50907898
v 150.30749512 87.85402679 127.50907898
v 149.41520691 86.42425537 119.87931824
v 150.01141357 86.36553192 119.87931824
v 149.41520691 88.45022583 126.55807495
v 150.40666199 88.35258484 126.55807495
v 149.41520691 85.47324371 119.37099457
v 149.82588196 85.43280029 119.37099457
v 149.41520691 88.76325989 125.52616882
v 150.46772766 88.65959167 125.52616882
v 150.22076416 85.31301117 119.37099457
v 149.82588196 84.35965729 119.05796814
v 151.47979736 88.35258484 125.52616882
v 151.52024841 88.45023346 124.45302582
v 149.82588196 84.35965729 129.8480835
v 151.47979736 88.35258484 123.37988281
v 150.22076416 85.31301117 129.5350647
v 151.36001587 88.06338501 122.34797668
v 150.58470154 86.1916275 129.0267334
v 151.16548157 87.59375763 121.39697266
v 150.90370178 86.96173859 128.34265137
v 150.90368652 86.96173859 120.56341553
v 151.16548157 87.59375763 127.50907898
v 150.58470154 86.1916275 119.87931824
v 151.36001587 88.06338501 126.55807495
v 151.11305237 85.90921783 129.0267334
v 151.57615662 86.60230255 128.34265137
v 151.95622253 87.1710968 121.39697266
v 151.57615662 86.60230255 120.56341553
v 151.95622253 87.1710968 127.50907898
v 151.11305237 85.90921783 119.87931824
v 152.2386322 87.59375763 126.55807495
v 150.58470154 85.1184845 119.37099457
v 152.41253662 87.85402679 125.52616882
v 150.01141357 84.26049042 119.05796814
v 152.47125244 87.94190979 124.45302582
v 150.01141357 84.26049042 129.8480835
v 152.41253662 87.85402679 123.37988281
v 150.58470154 85.1184845 129.5350647
v 152.2386322 87.59375763 122.34797668
v 153.23008728 87.18308258 125.52616882
v 153.30482483 87.25782013 124.45302582
v 150.17402649 84.12702942 129.8480835
v 150.17402649 84.12702942 119.05796814
v 153.23008728 87.18308258 123.37988281
v 150.90368652 84.85669708 129.5350647
v 153.00874329 86.96173859 122.34797668
v 151.57615662 85.52915955 129.0267334
v 152.64930725 86.60230255 121.39697266
v 152.16557312 86.11857605 128.34265137
v 152.16557312 86.11857605 120.56341553
v 152.64930725 86.60230255 127.50907898
v 151.57615662 85.52915955 119.87931824
v 153.00874329 86.96173859 126.55807495
v 150.90368652 84.85669708 119.37099457
v 153.21810913 85.90921783 121.39697266
v 152.64930725 85.52915955 120.56341553
v 152.64930725 85.52915955 128.34265137
v 153.21810913 85.90921783 127.50907898
v 151.95622253 85.0660553 119.87931824
v 153.64076233 86.1916275 126.55807495
v 151.16548157 84.53770447 119.37099457
v 153.90103149 86.36553192 125.52616882
v 150.30749512 83.96440887 119.05796814
v 153.98890686 86.42425537 124.45302582
v 150.30749512 83.96440887 129.8480835
v 153.90103149 86.36553192 123.37988281
v 151.16548157 84.53770447 129.5350647
v 153.64076233 86.1916275 122.34797668
v 151.95622253 85.0660553 129.0267334
v 150.40666199 83.77887726 129.8480835
v 150.40666199 83.77887726 119.05796814
v 154.49723816 85.47324371 124.45302582
v 154.39958191 85.43280029 123.37988281
v 151.36001587 84.17376709 129.5350647
v 154.11038208 85.31301117 122.34797668
v 152.2386322 84.53770447 129.0267334
v 153.64076233 85.1184845 121.39697266
v 153.00874329 84.85668945 128.34265137
v 153.00874329 84.85668945 120.56341553
v 153.64076233 85.1184845 127.50907898
v 152.2386322 84.53770447 119.87931824
v 154.11038208 85.31301117 126.55807495
v 151.36001587 84.17376709 119.37099457
v 154.39958191 85.43280029 125.52616882
v 153.23008728 84.12702942 128.34265137
v 153.90103149 84.26048279 127.50907898
v 153.23008728 84.12702942 120.56341553
v 152.41253662 83.96440887 119.87931824
v 154.39958191 84.35965729 126.55807495
v 151.47979736 83.77887726 119.37099457
v 154.70658875 84.42072296 125.52616882
v 150.46772766 83.57756042 119.05796814
v 154.81025696 84.44134521 124.45302582
v 150.46772766 83.57756042 129.8480835
v 154.70658875 84.42072296 123.37988281
v 151.47979736 83.77887726 129.5350647
v 154.39958191 84.35965729 122.34797668
v 152.41253662 83.96440887 129.0267334
v 153.90103149 84.26048279 121.39697266
v 154.91595459 83.36820221 124.45302582
v 154.81025696 83.36820221 123.37988281
v 150.48834229 83.36820221 129.8480835
v 151.52024841 83.36820221 129.5350647
v 154.49723816 83.36820221 122.34797668
v 152.47125244 83.36820221 129.0267334
v 153.98890686 83.36820221 121.39697266
v 153.30482483 83.36820221 128.34265137
v 153.30482483 83.36820221 120.56341553
v 153.98890686 83.36820221 127.50907898
v 152.47125244 83.36820221 119.87931824
v 154.49723816 83.36820221 126.55807495
v 151.52024841 83.36820221 119.37099457
v 154.81025696 83.36820221 125.52616882
v 150.48834229 83.36820221 119.05796814
v 153.23008728 82.609375 120.56341553
v 152.41253662 82.77199554 119.87931824
v 153.90103149 82.475914 127.50907898
v 154.39958191 82.37674713 126.55807495
v 151.47979736 82.95752716 119.37099457
v 154.70658875 82.31567383 125.52616882
v 150.46772766 83.15884399 119.05796814
v 154.81025696 82.2950592 124.45302582
v 150.46772766 83.15884399 129.8480835
v 154.70658875 82.31567383 123.37988281
v 151.47979736 82.95752716 129.5350647
v 154.39958191 82.37674713 122.34797668
v 152.41253662 82.77199554 129.0267334
v 153.90103149 82.475914 121.39697266
v 153.23008728 82.609375 128.34265137
v 154.39958191 81.30360413 123.37988281
v 154.11038208 81.42339325 122.34797668
v 151.36001587 82.56263733 129.5350647
v 152.2386322 82.19869995 129.0267334
v 153.64076233 81.61791992 121.39697266
v 153.00874329 81.87970734 128.34265137
v 153.00874329 81.87970734 120.56341553
v 153.64076233 81.61791992 127.50907898
v 152.2386322 82.19869995 119.87931824
v 154.11038208 81.42339325 126.55807495
v 151.36001587 82.56263733 119.37099457
v 154.39958191 81.30360413 125.52616882
v 150.40666199 82.95752716 119.05796814
v 154.49723816 81.26315308 124.45302582
v 150.40666199 82.95752716 129.8480835
v 151.95622253 81.67034912 119.87931824
v 151.16548157 82.19869995 119.37099457
v 153.64076233 80.54477692 126.55807495
v 153.90103149 80.37086487 125.52616882
v 150.30747986 82.77199554 119.05796814
v 153.98890686 80.31214905 124.45302582
v 150.30747986 82.77199554 129.8480835
v 153.90103149 80.37086487 123.37988281
v 151.16548157 82.19869995 129.5350647
v 153.64076233 80.54477692 122.34797668
v 151.95622253 81.67034912 129.0267334
v 153.21809387 80.82718658 121.39697266
v 152.64930725 81.20724487 128.34265137
v 152.64930725 81.20724487 120.56341553
v 153.21809387 80.82718658 127.50907898
v 150.90368652 81.87970734 129.5350647
v 151.57615662 81.20724487 129.0267334
v 153.00874329 79.7746582 122.34797668
v 152.64930725 80.13410187 121.39697266
v 152.16557312 80.61782837 128.34265137
v 152.16557312 80.61782837 120.56341553
v 152.64930725 80.13410187 127.50907898
v 151.57615662 81.20724487 119.87931824
v 153.00874329 79.7746582 126.55807495
v 150.90368652 81.87970734 119.37099457
v 153.23008728 79.55332184 125.52616882
v 150.17402649 82.609375 119.05796814
v 153.30482483 79.47858429 124.45302582
v 150.17402649 82.609375 129.8480835
v 153.23008728 79.55332184 123.37988281
v 152.2386322 79.14264679 126.55807495
v 152.41253662 78.88237762 125.52616882
v 150.58470154 81.61791992 119.37099457
v 150.01141357 82.475914 119.05796814
v 152.47125244 78.79449463 124.45302582
v 150.01141357 82.475914 129.8480835
v 152.41253662 78.88237762 123.37988281
v 150.58470154 81.61791992 129.5350647
v 152.2386322 79.14264679 122.34797668
v 151.11305237 80.82718658 129.0267334
v 151.95622253 79.56529999 121.39697266
v 151.57615662 80.13410187 128.34265137
v 151.57615662 80.13410187 120.56341553
v 151.95622253 79.56529999 127.50907898
v 151.11305237 80.82718658 119.87931824
v 151.36001587 78.67301941 122.34797668
v 151.16548157 79.14264679 121.39697266
v 150.58470154 80.54477692 129.0267334
v 150.90368652 79.77466583 128.34265137
v 150.90368652 79.77466583 120.56341553
v 151.16548157 79.14264679 127.50907898
v 150.58470154 80.54477692 119.87931824
v 151.36001587 78.67301941 126.55807495
v 150.22076416 81.42339325 119.37099457
v 151.47979736 78.38381958 125.52616882
v 149.82588196 82.37674713 119.05796814
v 151.52024841 78.28617096 124.45302582
v 149.82588196 82.37674713 129.8480835
v 151.47979736 78.38381958 123.37988281
v 150.22076416 81.42339325 129.5350647
v 149.82588196 81.30360413 119.37099457
v 149.6245575 82.31568146 119.05796814
v 150.46772766 78.07681274 125.52616882
v 150.48834229 77.97314453 124.45302582
v 149.6245575 82.31568146 129.8480835
v 150.46772766 78.07681274 123.37988281
v 149.82588196 81.30360413 129.5350647
v 150.40666199 78.38381958 122.34797668
v 150.01141357 80.37086487 129.0267334
v 150.30747986 78.88237762 121.39697266
v 150.17402649 79.55332184 128.34265137
v 150.17402649 79.55332184 120.56341553
v 150.30749512 78.88237762 127.50907898
v 150.01141357 80.37086487 119.87931824
v 150.40666199 78.38381958 126.55807495
v 149.41520691 80.31214905 129.0267334
v 149.41520691 79.47858429 128.34265137
v 149.41520691 78.79449463 121.39697266
v 149.41520691 79.47858429 120.56341553
v 149.41520691 78.79449463 127.50907898
v 149.41520691 80.31214905 119.87931824
v 149.41520691 78.28617096 126.55807495
v 149.41520691 81.26315308 119.37099457
v 149.41520691 77.97314453 125.52616882
v 149.41520691 82.2950592 119.05796814
v 149.41520691 77.8674469 124.45302582
v 149.41520691 82.2950592 129.8480835
v 149.41520691 77.97314453 123.37988281
v 149.41520691 81.26315308 129.5350647
v 149.41520691 78.28617096 122.34797668
v 148.3626709 78.07681274 125.52616882
v 148.34205627 77.97314453 124.45302582
v 149.20584106 82.31567383 129.8480835
v 149.20584106 82.31567383 119.05796814
v 148.3626709 78.07681274 123.37988281
v 149.00453186 81.30360413 129.5350647
v 148.42375183 78.38381958 122.34797668
v 148.81900024 80.37086487 129.0267334
v 148.5229187 78.88237762 121.39697266
v 148.65637207 79.55332184 128.34265137
v 148.65637207 79.55332184 120.56341553
v 148.5229187 78.88237762 127.50907898
v 148.81900024 80.37086487 119.87931824
v 148.42375183 78.38381958 126.55807495
v 149.00453186 81.30360413 119.37099457
v 147.66491699 79.14264679 121.39697266
v 147.92671204 79.77466583 120.56341553
v 147.92671204 79.77466583 128.34265137
v 147.66491699 79.14264679 127.50907898
v 148.24569702 80.54477692 119.87931824
v 147.47039795 78.67301941 126.55807495
v 148.6096344 81.42339325 119.37099457
v 147.3506012 78.38381958 125.52616882
v 149.00453186 82.37674713 119.05796814
v 147.31015015 78.28617096 124.45302582
v 149.00453186 82.37674713 129.8480835
v 147.3506012 78.38381958 123.37988281
v 148.6096344 81.42339325 129.5350647
v 147.47039795 78.67301941 122.34797668
v 148.24569702 80.54477692 129.0267334
v 148.81900024 82.475914 119.05796814
v 146.35914612 78.79449463 124.45302582
v 146.41786194 78.88237762 123.37988281
v 148.81900024 82.475914 129.8480835
v 148.24569702 81.61791992 129.5350647
v 146.59178162 79.14264679 122.34797668
v 147.71734619 80.82718658 129.0267334
v 146.87419128 79.56529999 121.39697266
v 147.25424194 80.13410187 128.34265137
v 147.25424194 80.13410187 120.56341553
v 146.87419128 79.56529999 127.50907898
v 147.71734619 80.82718658 119.87931824
v 146.59178162 79.14264679 126.55807495
v 148.24569702 81.61791992 119.37099457
v 146.41786194 78.88237762 125.52616882
v 146.66482544 80.61782837 120.56341553
v 147.25424194 81.20724487 119.87931824
v 146.18110657 80.13410187 127.50907898
v 145.82167053 79.77466583 126.55807495
v 147.92671204 81.87970734 119.37099457
v 145.60032654 79.55332184 125.52616882
v 148.65637207 82.609375 119.05796814
v 145.52558899 79.47858429 124.45302582
v 148.65637207 82.609375 129.8480835
v 145.60032654 79.55332184 123.37988281
v 147.92671204 81.87970734 129.5350647
v 145.82167053 79.77466583 122.34797668
v 147.25424194 81.20724487 129.0267334
v 146.18110657 80.13410187 121.39697266
v 146.66482544 80.61782837 128.34265137
v 148.5229187 82.77199554 129.8480835
v 147.66491699 82.19869995 129.5350647
v 144.92938232 80.3708725 123.37988281
v 145.18965149 80.54477692 122.34797668
v 146.87419128 81.67034912 129.0267334
v 145.61230469 80.82718658 121.39697266
v 146.18110657 81.20724487 128.34265137
v 146.18110657 81.20724487 120.56341553
v 145.61230469 80.82718658 127.50907898
v 146.87419128 81.67034912 119.87931824
v 145.18965149 80.54477692 126.55807495
v 147.66491699 82.19869995 119.37099457
v 144.92938232 80.3708725 125.52616882
v 148.5229187 82.77199554 119.05796814
v 144.8414917 80.31214905 124.45302582
v 145.18965149 81.61791992 127.50907898
v 144.72001648 81.42339325 126.55807495
v 146.59178162 82.19869995 119.87931824
v 147.47039795 82.56263733 119.37099457
v 144.43081665 81.30360413 125.52616882
v 148.42375183 82.95752716 119.05796814
v 144.33317566 81.26315308 124.45302582
v 148.42375183 82.95752716 129.8480835
v 144.43081665 81.30360413 123.37988281
v 147.47039795 82.56263733 129.5350647
v 144.72001648 81.42339325 122.34797668
v 146.59178162 82.19869995 129.0267334
v 145.18965149 81.61791992 121.39697266
v 145.82167053 81.87970734 128.34265137
v 145.82167053 81.87970734 120.56341553
v 144.12380981 82.31568146 123.37988281
v 144.43081665 82.37674713 122.34797668
v 147.3506012 82.95752716 129.5350647
v 146.41786194 82.77199554 129.0267334
v 144.92938232 82.475914 121.39697266
v 145.60032654 82.609375 128.34265137
v 145.60032654 82.609375 120.56341553
v 144.92938232 82.475914 127.50907898
v 146.41786194 82.77199554 119.87931824
v 144.43081665 82.37674713 126.55807495
v 147.3506012 82.95752716 119.37099457
v 144.12380981 82.31568146 125.52616882
v 148.36268616 83.15884399 119.05796814
v 144.0201416 82.2950592 124.45302582
v 148.3626709 83.15884399 129.8480835
v 146.35914612 83.36820221 119.87931824
v 147.31015015 83.36820221 119.37099457
v 144.33317566 83.36820221 126.55807495
v 144.0201416 83.36820221 125.52616882
v 148.34205627 83.36820221 119.05796814
v 143.91444397 83.36820221 124.45302582
v 148.34205627 83.36820221 129.8480835
v 144.0201416 83.36820221 123.37988281
v 147.31015015 83.36820221 129.5350647
v 144.33317566 83.36820221 122.34797668
v 146.35914612 83.36820221 129.0267334
v 144.8414917 83.36820221 121.39697266
v 145.52558899 83.36820221 128.34265137
v 145.52558899 83.36820221 120.56341553
v 144.8414917 83.36820221 127.50907898
v 147.3506012 83.77887726 129.5350647
v 146.41786194 83.96440887 129.0267334
v 144.43081665 84.35965729 122.34797668
v 144.92938232 84.26049042 121.39697266
v 145.60032654 84.12702942 128.34265137
v 145.60032654 84.12702942 120.56341553
v 144.92938232 84.26049042 127.50907898
v 146.41786194 83.96440887 119.87931824
v 144.43081665 84.35965729 126.55807495
v 147.3506012 83.77887726 119.37099457
v 144.12380981 84.42072296 125.52616882
v 148.36268616 83.57756042 119.05796814
v 144.0201416 84.44134521 124.45302582
v 148.3626709 83.57756042 129.8480835
v 144.12380981 84.42072296 123.37988281
v 144.72001648 85.31301117 126.55807495
v 144.43081665 85.43280029 125.52616882
v 147.47039795 84.17376709 119.37099457
v 148.42375183 83.77887726 119.05796814
v 144.33317566 85.47325134 124.45302582
v 148.42375183 83.77887726 129.8480835
v 144.43081665 85.43280029 123.37988281
v 147.47039795 84.17376709 129.5350647
v 144.72001648 85.31301117 122.34797668
v 146.59178162 84.53770447 129.0267334
v 145.18965149 85.1184845 121.39697266
v 145.82167053 84.85668945 128.34265137
v 145.82167053 84.85668945 120.56341553
v 145.18965149 85.1184845 127.50907898
v 146.59178162 84.53770447 119.87931824
v 145.18965149 86.1916275 122.34797668
v 145.61230469 85.90921783 121.39697266
v 146.87419128 85.0660553 129.0267334
v 146.18110657 85.52915955 128.34265137
v 146.18110657 85.52915955 120.56341553
v 145.61230469 85.90921783 127.50907898
v 146.87419128 85.0660553 119.87931824
v 145.18965149 86.1916275 126.55807495
v 147.66491699 84.53770447 119.37099457
v 144.92938232 86.36553192 125.52616882
v 148.5229187 83.96440887 119.05796814
v 144.8414917 86.42425537 124.45302582
v 148.5229187 83.96440887 129.8480835
v 144.92938232 86.36553192 123.37988281
v 147.66491699 84.53770447 129.5350647
v 147.92671204 84.85668945 119.37099457
v 148.65637207 84.12702942 119.05796814
v 145.60032654 87.18308258 125.52616882
v 145.52558899 87.25782013 124.45302582
v 148.65637207 84.12702942 129.8480835
v 145.60032654 87.18308258 123.37988281
v 147.92671204 84.85668945 129.5350647
v 145.82167053 86.96173859 122.34797668
v 147.25424194 85.52915955 129.0267334
v 146.18110657 86.60230255 121.39697266
v 146.66482544 86.11857605 128.34265137
v 146.66482544 86.11857605 120.56341553
v 146.18110657 86.60230255 127.50907898
v 147.25424194 85.52915955 119.87931824
v 145.82167053 86.96173859 126.55807495
v 146.87419128 87.1710968 121.39697266
v 147.25424194 86.60230255 120.56341553
v 147.25424194 86.60230255 128.34265137
v 146.87419128 87.1710968 127.50907898
v 147.71734619 85.90921783 119.87931824
v 146.59178162 87.59375 126.55807495
v 148.24569702 85.1184845 119.37099457
v 146.4178772 87.85402679 125.52616882
v 148.81900024 84.26048279 119.05796814
v 146.35914612 87.94190979 124.45302582
v 148.81900024 84.26048279 129.8480835
v 146.4178772 87.85402679 123.37988281
v 148.24569702 85.1184845 129.5350647
v 146.59178162 87.59375 122.34797668
v 147.71734619 85.90921783 129.0267334
v 149.00453186 84.35965729 129.8480835
v 149.00453186 84.35965729 119.05796814
v 147.31015015 88.45023346 124.45302582
v 147.3506012 88.35258484 123.37988281
v 148.6096344 85.31301117 129.5350647
v 147.47039795 88.06338501 122.34797668
v 148.24569702 86.1916275 129.0267334
v 147.66491699 87.59375763 121.39697266
v 147.92671204 86.96173859 128.34265137
v 147.92671204 86.96173859 120.56341553
v 147.66491699 87.59375763 127.50907898
v 148.24569702 86.1916275 119.87931824
v 147.47039795 88.06338501 126.55807495
v 148.6096344 85.31301117 119.37099457
v 147.3506012 88.35258484 125.52616882
v 148.65637207 87.18308258 128.34265137
v 148.5229187 87.85402679 127.50907898
v 148.65637207 87.18308258 120.56341553
v 148.81900024 86.36553192 119.87931824
v 148.42375183 88.35257721 126.55807495
v 149.00453186 85.43280029 119.37099457
v 148.36268616 88.65959167 125.52616882
v 149.20584106 84.42072296 119.05796814
v 148.34205627 88.76325226 124.45302582
v 149.20584106 84.42072296 129.8480835
v 148.36268616 88.65959167 123.37988281
v 149.00453186 85.43280029 129.5350647
v 148.42375183 88.35257721 122.34797668
v 148.81900024 86.36553192 129.0267334
v 148.5229187 87.85402679 121.39697266
v 140.94140625 88.57623291 54.72531891
v 139.14048767 88.02993011 54.72531891
v 152.22998047 81.0334549 54.72531891
v 151.68367004 82.83437347 54.72531891
v 144.64518738 87.22833252 54.72531891
v 144.72718811 86.6819458 54.72531891
v 144.99005127 69.9549942 54.72531891
v 134.83207703 84.49411011 54.72531891
v 133.94493103 82.83437347 54.72531891
v 137.48074341 71.1783371 54.72531891
v 138.91595459 70.41120148 54.72531891
v 139.14048767 70.2911911 54.72531891
v 133.39863586 81.0334549 54.72531891
v 154.13331604 92.46533203 54.72531891
v 150.96328735 91.79464722 54.72531891
v 144.68719482 69.74488831 54.72531891
v 146.4881134 70.2911911 54.72531891
v 144.99005127 86.09054565 54.72531891
v 144.72718811 87.77471924 54.72531891
v 144.99005127 88.36611938 54.72531891
v 145.49359131 89.06372833 54.72531891
v 145.90444946 89.48669434 54.72531891
v 146.63301086 89.97518921 54.72531891
v 148.18475342 90.82904816 54.72531891
v 149.56155396 91.33930206 54.72531891
v 157.57299805 92.87833405 54.72531891
v 161.15014648 93.01779175 54.72531891
v 164.72729492 92.87833405 54.72531891
v 168.16696167 92.46533203 54.72531891
v 152.41444397 79.16056061 54.72531891
v 152.22998047 77.28766632 54.72531891
v 151.68367004 75.48674774 54.72531891
v 150.79652405 73.82701111 54.72531891
v 149.60261536 72.37223816 54.72531891
v 148.14784241 71.1783371 54.72531891
v 142.81430054 69.5604248 54.72531891
v 140.94140625 69.74488831 54.72531891
v 136.02598572 72.37223816 54.72531891
v 134.83207703 73.82701111 54.72531891
v 133.94493103 75.48674774 54.72531891
v 133.39863586 77.28766632 54.72531891
v 133.21417236 79.16056061 54.72531891
v 136.02598572 85.94888306 54.72531891
v 137.48075867 87.14277649 54.72531891
v 142.81430054 88.76069641 54.72531891
v 144.68719482 88.57623291 54.72531891
v 146.4881134 88.02993011 54.72531891
v 148.14785767 87.14278412 54.72531891
v 149.60261536 85.94888306 54.72531891
v 150.79652405 84.49411011 54.72531891
v 145.90444946 73.35114288 54.72531891
v 145.49359131 72.92818451 54.72531891
v 168.16696167 76.32978058 54.72531891
v 164.72727966 76.74278259 54.72531891
v 149.56156921 75.20375824 54.72531891
v 148.18473816 74.6934967 54.72531891
v 144.72718811 70.54640198 54.72531891
v 144.72718811 71.63916779 54.72531891
v 144.64518738 71.0927887 54.72531891
v 161.15014648 76.8822403 54.72531891
v 157.57299805 76.74278259 54.72531891
v 146.63302612 73.83964539 54.72531891
v 154.13331604 76.32978058 54.72531891
v 150.96328735 75.65909576 54.72531891
v 144.99005127 72.23057556 54.72531891
vn 0.05497 0.55816 0.82791
vn 0.05497 0.55816 0.82791
vn 0.09031 0.91697 -0.38859
vn 0.09032 0.91697 -0.38859
vn 0.07066 0.71741 0.69306
vn 0.07066 0.71741 0.69306
vn 0.08228 0.83535 -0.54353
vn 0.08228 0.83535 -0.54353
vn 0.08228 0.83535 0.54353
vn 0.08228 0.83535 0.54353
vn 0.07066 0.71741 -0.69306
vn 0.07066 0.71741 -0.69306
vn 0.09032 0.91697 0.38859
vn 0.09031 0.91697 0.38859
vn 0.09532 0.96785 0.23277
vn 0.09533 0.96785 0.23277
vn 0.09772 0.99219 0.07747
vn 0.09772 0.99219 0.07748
vn 0.01214 0.12327 0.9923
vn 0.09772 0.99219 -0.07747
vn 0.09772 0.99219 -0.07748
vn 0.03517 0.35713 0.93339
vn 0.03517 0.35713 0.93339
vn 0.09533 0.96785 -0.23277
vn 0.09532 0.96785 -0.23277
vn 0.10417 0.3434 0.93339
vn 0.10417 0.3434 0.93339
vn 0.28231 0.93065 -0.23277
vn 0.28231 0.93065 -0.23277
vn 0.16281 0.53671 0.82791
vn 0.16281 0.53671 0.82791
vn 0.26747 0.88173 -0.38859
vn 0.26747 0.88173 -0.38859
vn 0.20926 0.68984 0.69306
vn 0.20926 0.68984 0.69306
vn 0.24366 0.80325 -0.54353
vn 0.24366 0.80325 -0.54353
vn 0.24366 0.80325 0.54353
vn 0.24366 0.80325 0.54353
vn 0.20926 0.68984 -0.69306
vn 0.20926 0.68984 -0.69306
vn 0.26747 0.88173 0.38859
vn 0.26747 0.88173 0.38859
vn 0.28231 0.93065 0.23277
vn 0.28231 0.93065 0.23277
vn 0.28941 0.95406 0.07748
vn 0.28941 0.95406 0.07748
vn 0.03596 0.11853 0.9923
vn 0.28941 0.95406 -0.07748
vn 0.28941 0.95406 -0.07748
vn 0.43435 0.81261 0.38859
vn 0.43435 0.81261 0.38859
vn 0.45845 0.8577 0.23277
vn 0.45845 0.8577 0.23277
vn 0.46998 0.87927 0.07748
vn 0.46998 0.87927 0.07748
vn 0.05839 0.10924 0.9923
vn 0.46998 0.87927 -0.07748
vn 0.46998 0.87927 -0.07748
vn 0.16916 0.31648 0.93339
vn 0.16916 0.31648 0.93339
vn 0.45845 0.8577 -0.23277
vn 0.45845 0.8577 -0.23277
vn 0.26439 0.49463 0.82791
vn 0.26439 0.49463 0.82791
vn 0.43435 0.81261 -0.38859
vn 0.43435 0.81261 -0.38859
vn 0.33982 0.63576 0.69306
vn 0.33982 0.63576 0.69306
vn 0.39568 0.74028 -0.54353
vn 0.39569 0.74028 -0.54353
vn 0.39569 0.74028 0.54353
vn 0.39568 0.74028 0.54353
vn 0.33982 0.63576 -0.69306
vn 0.33982 0.63576 -0.69306
vn 0.61697 0.75178 -0.23277
vn 0.61697 0.75178 -0.23277
vn 0.3558 0.43355 0.82791
vn 0.35581 0.43355 0.82791
vn 0.58454 0.71226 -0.38859
vn 0.58454 0.71226 -0.38859
vn 0.45732 0.55725 0.69306
vn 0.45732 0.55725 0.69306
vn 0.5325 0.64886 -0.54353
vn 0.5325 0.64886 -0.54353
vn 0.5325 0.64886 0.54353
vn 0.53251 0.64886 0.54353
vn 0.45732 0.55725 -0.69306
vn 0.45732 0.55724 -0.69306
vn 0.58454 0.71226 0.38859
vn 0.58454 0.71226 0.38859
vn 0.61697 0.75178 0.23277
vn 0.61697 0.75178 0.23277
vn 0.63248 0.77069 0.07748
vn 0.63249 0.77069 0.07748
vn 0.07858 0.09575 0.9923
vn 0.63249 0.77069 -0.07748
vn 0.63248 0.77069 -0.07748
vn 0.22766 0.2774 0.93339
vn 0.22765 0.2774 0.93339
vn 0.75178 0.61697 0.23277
vn 0.75178 0.61697 0.23277
vn 0.77069 0.63249 0.07748
vn 0.77069 0.63249 0.07748
vn 0.09575 0.07858 0.9923
vn 0.77069 0.63249 -0.07748
vn 0.77069 0.63249 -0.07748
vn 0.2774 0.22766 0.93339
vn 0.2774 0.22766 0.93339
vn 0.75178 0.61697 -0.23277
vn 0.75178 0.61697 -0.23277
vn 0.43355 0.35581 0.82791
vn 0.43355 0.35581 0.82791
vn 0.71226 0.58454 -0.38859
vn 0.71226 0.58454 -0.38859
vn 0.55724 0.45732 0.69306
vn 0.55725 0.45732 0.69306
vn 0.64886 0.5325 -0.54353
vn 0.64886 0.5325 -0.54353
vn 0.64886 0.5325 0.54353
vn 0.64886 0.5325 0.54353
vn 0.55725 0.45732 -0.69306
vn 0.55724 0.45732 -0.69306
vn 0.71226 0.58454 0.38859
vn 0.71226 0.58454 0.38859
vn 0.49463 0.26439 0.82791
vn 0.49463 0.26439 0.82791
vn 0.81261 0.43435 -0.38859
vn 0.81261 0.43435 -0.38859
vn 0.63576 0.33982 0.69306
vn 0.63576 0.33982 0.69306
vn 0.74028 0.39569 -0.54353
vn 0.74028 0.39569 -0.54353
vn 0.74028 0.39569 0.54353
vn 0.74028 0.39569 0.54353
vn 0.63576 0.33982 -0.69306
vn 0.63576 0.33982 -0.69306
vn 0.81261 0.43435 0.38859
vn 0.81261 0.43435 0.38859
vn 0.8577 0.45845 0.23277
vn 0.8577 0.45845 0.23277
vn 0.87927 0.46998 0.07748
vn 0.87927 0.46998 0.07748
vn 0.10924 0.05839 0.9923
vn 0.87927 0.46998 -0.07748
vn 0.87927 0.46998 -0.07748
vn 0.31648 0.16916 0.93339
vn 0.31648 0.16916 0.93339
vn 0.8577 0.45845 -0.23277
vn 0.8577 0.45845 -0.23277
vn 0.93065 0.28231 0.23277
vn 0.93066 0.28231 0.23277
vn 0.95406 0.28941 0.07748
vn 0.95406 0.28941 0.07748
vn 0.11853 0.03596 0.9923
vn 0.95406 0.28941 -0.07748
vn 0.95406 0.28941 -0.07748
vn 0.34341 0.10417 0.93339
vn 0.3434 0.10417 0.93339
vn 0.93066 0.28231 -0.23277
vn 0.93066 0.28231 -0.23277
vn 0.53671 0.16281 0.82791
vn 0.53671 0.16281 0.82791
vn 0.88173 0.26747 -0.38859
vn 0.88173 0.26747 -0.38859
vn 0.68984 0.20926 0.69306
vn 0.68984 0.20926 0.69306
vn 0.80325 0.24366 -0.54353
vn 0.80325 0.24366 -0.54353
vn 0.80325 0.24366 0.54353
vn 0.80325 0.24366 0.54353
vn 0.68984 0.20926 -0.69306
vn 0.68984 0.20926 -0.69306
vn 0.88173 0.26747 0.38859
vn 0.88173 0.26747 0.38859
vn 0.91697 0.09031 -0.38859
vn 0.91697 0.09031 -0.38859
vn 0.7174 0.07066 0.69306
vn 0.71741 0.07066 0.69306
vn 0.83535 0.08227 -0.54353
vn 0.83535 0.08227 -0.54353
vn 0.83535 0.08227 0.54353
vn 0.83535 0.08227 0.54353
vn 0.7174 0.07066 -0.69306
vn 0.71741 0.07066 -0.69306
vn 0.91697 0.09031 0.38859
vn 0.91697 0.09031 0.38859
vn 0.96785 0.09533 0.23277
vn 0.96785 0.09533 0.23277
vn 0.99219 0.09772 0.07748
vn 0.99219 0.09772 0.07748
vn 0.12327 0.01214 0.9923
vn 0.99219 0.09772 -0.07748
vn 0.99219 0.09772 -0.07748
vn 0.35713 0.03518 0.93339
vn 0.35713 0.03517 0.93339
vn 0.96785 0.09533 -0.23277
vn 0.96785 0.09533 -0.23277
vn 0.55816 0.05497 0.82791
vn 0.55816 0.05497 0.82791
vn 0.99219 -0.09772 0.07748
vn 0.99219 -0.09772 0.07748
vn 0.12327 -0.01214 0.9923
vn 0.99219 -0.09772 -0.07748
vn 0.99219 -0.09772 -0.07748
vn 0.35713 -0.03518 0.93339
vn 0.35713 -0.03517 0.93339
vn 0.96785 -0.09533 -0.23277
vn 0.96785 -0.09532 -0.23277
vn 0.55816 -0.05497 0.82791
vn 0.55816 -0.05497 0.82791
vn 0.91697 -0.09031 -0.38859
vn 0.91697 -0.09032 -0.38859
vn 0.71741 -0.07066 0.69306
vn 0.71741 -0.07066 0.69306
vn 0.83535 -0.08228 -0.54353
vn 0.83535 -0.08228 -0.54353
vn 0.83535 -0.08228 0.54353
vn 0.83535 -0.08228 0.54353
vn 0.71741 -0.07066 -0.69306
vn 0.71741 -0.07066 -0.69306
vn 0.91697 -0.09032 0.38859
vn 0.91697 -0.09031 0.38859
vn 0.96785 -0.09532 0.23277
vn 0.96785 -0.09533 0.23277
vn 0.80325 -0.24366 -0.54353
vn 0.80325 -0.24366 -0.54353
vn 0.80325 -0.24366 0.54353
vn 0.80325 -0.24366 0.54353
vn 0.68984 -0.20926 -0.69306
vn 0.68984 -0.20926 -0.69306
vn 0.88173 -0.26747 0.38859
vn 0.88173 -0.26747 0.38859
vn 0.93065 -0.28231 0.23277
vn 0.93066 -0.28231 0.23277
vn 0.95406 -0.28941 0.07748
vn 0.95406 -0.28941 0.07748
vn 0.11853 -0.03596 0.9923
vn 0.95406 -0.28941 -0.07748
vn 0.95406 -0.28941 -0.07748
vn 0.3434 -0.10417 0.93339
vn 0.3434 -0.10417 0.93339
vn 0.93066 -0.28231 -0.23277
vn 0.93065 -0.28231 -0.23277
vn 0.53671 -0.16281 0.82791
vn 0.53671 -0.16281 0.82791
vn 0.88173 -0.26747 -0.38859
vn 0.88174 -0.26747 -0.38859
vn 0.68984 -0.20926 0.69306
vn 0.68984 -0.20926 0.69306
vn 0.10924 -0.05839 0.9923
vn 0.87927 -0.46998 -0.07748
vn 0.87927 -0.46998 -0.07748
vn 0.31648 -0.16916 0.93339
vn 0.31648 -0.16916 0.93339
vn 0.8577 -0.45845 -0.23277
vn 0.85769 -0.45845 -0.23277
vn 0.49463 -0.26439 0.82791
vn 0.49463 -0.26439 0.82791
vn 0.81261 -0.43435 -0.38859
vn 0.81261 -0.43435 -0.38859
vn 0.63576 -0.33982 0.69306
vn 0.63576 -0.33982 0.69306
vn 0.74028 -0.39569 -0.54353
vn 0.74028 -0.39568 -0.54353
vn 0.74028 -0.39568 0.54353
vn 0.74028 -0.39569 0.54353
vn 0.63576 -0.33982 -0.69306
vn 0.63576 -0.33982 -0.69306
vn 0.81261 -0.43435 0.38859
vn 0.81261 -0.43435 0.38859
vn 0.85769 -0.45845 0.23277
vn 0.8577 -0.45845 0.23277
vn 0.87927 -0.46998 0.07748
vn 0.87927 -0.46998 0.07748
vn 0.64886 -0.5325 0.54353
vn 0.64886 -0.5325 0.54353
vn 0.55725 -0.45732 -0.69306
vn 0.55724 -0.45732 -0.69306
vn 0.71226 -0.58454 0.38859
vn 0.71226 -0.58454 0.38859
vn 0.75178 -0.61697 0.23277
vn 0.75178 -0.61697 0.23277
vn 0.77069 -0.63249 0.07748
vn 0.77069 -0.63249 0.07748
vn 0.09575 -0.07858 0.9923
vn 0.77069 -0.63249 -0.07748
vn 0.77069 -0.63249 -0.07748
vn 0.2774 -0.22766 0.93339
vn 0.2774 -0.22766 0.93339
vn 0.75178 -0.61697 -0.23277
vn 0.75178 -0.61697 -0.23277
vn 0.43355 -0.35581 0.82791
vn 0.43355 -0.35581 0.82791
vn 0.71226 -0.58454 -0.38859
vn 0.71226 -0.58454 -0.38859
vn 0.55725 -0.45732 0.69306
vn 0.55725 -0.45732 0.69306
vn 0.64886 -0.5325 -0.54353
vn 0.64886 -0.5325 -0.54353
vn 0.63249 -0.77069 -0.07748
vn 0.63249 -0.77069 -0.07748
vn 0.22766 -0.2774 0.93339
vn 0.22766 -0.2774 0.93339
vn 0.61697 -0.75178 -0.23277
vn 0.61697 -0.75178 -0.23277
vn 0.35581 -0.43355 0.82791
vn 0.35581 -0.43355 0.82791
vn 0.58454 -0.71226 -0.38859
vn 0.58454 -0.71226 -0.38859
vn 0.45732 -0.55725 0.69306
vn 0.45732 -0.55725 0.69306
vn 0.5325 -0.64886 -0.54353
vn 0.5325 -0.64886 -0.54353
vn 0.5325 -0.64886 0.54353
vn 0.5325 -0.64886 0.54353
vn 0.45732 -0.55725 -0.69306
vn 0.45732 -0.55725 -0.69306
vn 0.58454 -0.71226 0.38859
vn 0.58454 -0.71226 0.38859
vn 0.61697 -0.75178 0.23277
vn 0.61697 -0.75178 0.23277
vn 0.63249 -0.77069 0.07748
vn 0.63249 -0.77069 0.07748
vn 0.07858 -0.09575 0.9923
vn 0.33982 -0.63576 -0.69306
vn 0.33982 -0.63576 -0.69306
vn 0.43435 -0.81261 0.38859
vn 0.43435 -0.81261 0.38859
vn 0.45845 -0.8577 0.23277
vn 0.45845 -0.8577 0.23277
vn 0.46998 -0.87927 0.07748
vn 0.46998 -0.87927 0.07748
vn 0.05839 -0.10924 0.9923
vn 0.46998 -0.87927 -0.07748
vn 0.46998 -0.87927 -0.07748
vn 0.16916 -0.31648 0.93339
vn 0.16916 -0.31648 0.93339
vn 0.45845 -0.8577 -0.23277
vn 0.45845 -0.8577 -0.23277
vn 0.26439 -0.49463 0.82791
vn 0.26439 -0.49463 0.82791
vn 0.43435 -0.81261 -0.38859
vn 0.43435 -0.81261 -0.38859
vn 0.33982 -0.63576 0.69306
vn 0.33982 -0.63576 0.69306
vn 0.39569 -0.74028 -0.54353
vn 0.39569 -0.74028 -0.54353
vn 0.39569 -0.74028 0.54353
vn 0.39569 -0.74028 0.54353
vn 0.10417 -0.3434 0.93339
vn 0.10417 -0.3434 0.93339
vn 0.28231 -0.93065 -0.23277
vn 0.28231 -0.93065 -0.23277
vn 0.16281 -0.53671 0.82791
vn 0.16281 -0.53671 0.82791
vn 0.26747 -0.88173 -0.38859
vn 0.26747 -0.88173 -0.38859
vn 0.20926 -0.68984 0.69306
vn 0.20926 -0.68984 0.69306
vn 0.24366 -0.80325 -0.54353
vn 0.24366 -0.80325 -0.54353
vn 0.24366 -0.80325 0.54353
vn 0.24366 -0.80325 0.54353
vn 0.20926 -0.68984 -0.69306
vn 0.20926 -0.68984 -0.69306
vn 0.26747 -0.88173 0.38859
vn 0.26747 -0.88174 0.38859
vn 0.28231 -0.93065 0.23277
vn 0.28231 -0.93065 0.23277
vn 0.28941 -0.95406 0.07748
vn 0.28941 -0.95406 0.07748
vn 0.03596 -0.11853 0.9923
vn 0.28941 -0.95406 -0.07748
vn 0.28941 -0.95406 -0.07748
vn 0.09031 -0.91697 0.38859
vn 0.09031 -0.91697 0.38859
vn 0.09533 -0.96785 0.23277
vn 0.09532 -0.96785 0.23277
vn 0.09772 -0.99219 0.07748
vn 0.09772 -0.99219 0.07748
vn 0.01214 -0.12327 0.9923
vn 0.09772 -0.99219 -0.07748
vn 0.09772 -0.99219 -0.07748
vn 0.03517 -0.35713 0.93339
vn 0.03517 -0.35713 0.93339
vn 0.09532 -0.96785 -0.23277
vn 0.09533 -0.96785 -0.23277
vn 0.05497 -0.55816 0.82791
vn 0.05497 -0.55816 0.82791
vn 0.09031 -0.91697 -0.38859
vn 0.09031 -0.91697 -0.38859
vn 0.07066 -0.71741 0.69306
vn 0.07066 -0.71741 0.69306
vn 0.08227 -0.83535 -0.54353
vn 0.08228 -0.83535 -0.54353
vn 0.08228 -0.83535 0.54353
vn 0.08227 -0.83535 0.54353
vn 0.07066 -0.71741 -0.69306
vn 0.07066 -0.71741 -0.69306
vn -0.09532 -0.96785 -0.23277
vn -0.09532 -0.96785 -0.23277
vn -0.05497 -0.55816 0.82791
vn -0.05497 -0.55816 0.82791
vn -0.09031 -0.91697 -0.38859
vn -0.09031 -0.91697 -0.38859
vn -0.07066 -0.71741 0.69306
vn -0.07066 -0.71741 0.69306
vn -0.08227 -0.83535 -0.54353
vn -0.08228 -0.83535 -0.54353
vn -0.08228 -0.83535 0.54353
vn -0.08227 -0.83535 0.54353
vn -0.07066 -0.71741 -0.69306
vn -0.07066 -0.71741 -0.69306
vn -0.09031 -0.91697 0.38859
vn -0.09031 -0.91697 0.38859
vn -0.09532 -0.96785 0.23277
vn -0.09532 -0.96785 0.23277
vn -0.09772 -0.99219 0.07748
vn -0.09772 -0.99219 0.07748
vn -0.01214 -0.12327 0.9923
vn -0.09772 -0.99219 -0.07748
vn -0.09772 -0.99219 -0.07748
vn -0.03517 -0.35713 0.93339
vn -0.03517 -0.35713 0.93339
vn -0.28231 -0.93065 0.23277
vn -0.28231 -0.93065 0.23277
vn -0.28941 -0.95406 0.07748
vn -0.28941 -0.95406 0.07748
vn -0.03596 -0.11853 0.9923
vn -0.28941 -0.95406 -0.07748
vn -0.28941 -0.95406 -0.07748
vn -0.10417 -0.3434 0.93339
vn -0.10417 -0.3434 0.93339
vn -0.28231 -0.93065 -0.23277
vn -0.28231 -0.93065 -0.23277
vn -0.16281 -0.53671 0.82791
vn -0.16281 -0.53671 0.82791
vn -0.26747 -0.88173 -0.38859
vn -0.26747 -0.88173 -0.38859
vn -0.20926 -0.68984 0.69306
vn -0.20926 -0.68984 0.69306
vn -0.24366 -0.80325 -0.54353
vn -0.24366 -0.80325 -0.54353
vn -0.24366 -0.80325 0.54353
vn -0.24366 -0.80325 0.54353
vn -0.20926 -0.68984 -0.69306
vn -0.20926 -0.68984 -0.69306
vn -0.26747 -0.88173 0.38859
vn -0.26747 -0.88173 0.38859
vn -0.43435 -0.81261 -0.38859
vn -0.43435 -0.81261 -0.38859
vn -0.33982 -0.63576 0.69306
vn -0.33982 -0.63576 0.69306
vn -0.39569 -0.74028 -0.54353
vn -0.39569 -0.74028 -0.54353
vn -0.39568 -0.74028 0.54353
vn -0.39569 -0.74028 0.54353
vn -0.33982 -0.63576 -0.69306
vn -0.33982 -0.63576 -0.69306
vn -0.43435 -0.81261 0.38859
vn -0.43435 -0.81261 0.38859
vn -0.45845 -0.8577 0.23277
vn -0.45845 -0.8577 0.23277
vn -0.46998 -0.87927 0.07748
vn -0.46998 -0.87927 0.07748
vn -0.05839 -0.10924 0.9923
vn -0.46998 -0.87927 -0.07748
vn -0.46998 -0.87927 -0.07748
vn -0.16916 -0.31648 0.93339
vn -0.16916 -0.31648 0.93339
vn -0.45845 -0.8577 -0.23277
vn -0.45845 -0.8577 -0.23277
vn -0.26439 -0.49463 0.82791
vn -0.26439 -0.49463 0.82791
vn -0.63249 -0.77069 0.07748
vn -0.63249 -0.77069 0.07748
vn -0.07858 -0.09575 0.9923
vn -0.63249 -0.77069 -0.07748
vn -0.63249 -0.77069 -0.07748
vn -0.22766 -0.2774 0.93339
vn -0.22766 -0.2774 0.93339
vn -0.61697 -0.75178 -0.23277
vn -0.61697 -0.75178 -0.23277
vn -0.35581 -0.43355 0.82791
vn -0.35581 -0.43355 0.82791
vn -0.58454 -0.71226 -0.38859
vn -0.58454 -0.71226 -0.38859
vn -0.45732 -0.55725 0.69306
vn -0.45732 -0.55725 0.69306
vn -0.5325 -0.64886 -0.54353
vn -0.5325 -0.64886 -0.54353
vn -0.5325 -0.64886 0.54353
vn -0.5325 -0.64886 0.54353
vn -0.45732 -0.55725 -0.69306
vn -0.45732 -0.55724 -0.69306
vn -0.58453 -0.71226 0.38859
vn -0.58454 -0.71226 0.38859
vn -0.61697 -0.75178 0.23277
vn -0.61697 -0.75178 0.23277
vn -0.55724 -0.45732 0.69306
vn -0.55725 -0.45732 0.69306
vn -0.64886 -0.5325 -0.54353
vn -0.64886 -0.5325 -0.54353
vn -0.64886 -0.5325 0.54353
vn -0.64886 -0.5325 0.54353
vn -0.55725 -0.45732 -0.69306
vn -0.55724 -0.45732 -0.69306
vn -0.71226 -0.58454 0.38859
vn -0.71226 -0.58454 0.38859
vn -0.75178 -0.61697 0.23277
vn -0.75178 -0.61697 0.23277
vn -0.77069 -0.63249 0.07748
vn -0.77069 -0.63249 0.07748
vn -0.09575 -0.07858 0.9923
vn -0.77069 -0.63249 -0.07748
vn -0.77069 -0.63249 -0.07748
vn -0.2774 -0.22766 0.93339
vn -0.2774 -0.22766 0.93339
vn -0.75178 -0.61697 -0.23277
vn -0.75178 -0.61697 -0.23277
vn -0.43355 -0.35581 0.82791
vn -0.43355 -0.35581 0.82791
vn -0.71226 -0.58454 -0.38859
vn -0.71226 -0.58454 -0.38859
vn -0.87927 -0.46998 0.07748
vn -0.87927 -0.46998 0.07748
vn -0.10924 -0.05839 0.9923
vn -0.87927 -0.46998 -0.07748
vn -0.87927 -0.46998 -0.07748
vn -0.31648 -0.16916 0.93339
vn -0.31648 -0.16916 0.93339
vn -0.8577 -0.45845 -0.23277
vn -0.8577 -0.45845 -0.23277
vn -0.49463 -0.26439 0.82791
vn -0.49463 -0.26439 0.82791
vn -0.81261 -0.43435 -0.38859
vn -0.81261 -0.43435 -0.38859
vn -0.63576 -0.33982 0.69306
vn -0.63576 -0.33982 0.69306
vn -0.74028 -0.39568 -0.54353
vn -0.74028 -0.39568 -0.54353
vn -0.74028 -0.39568 0.54353
vn -0.74028 -0.39568 0.54353
vn -0.63576 -0.33982 -0.69306
vn -0.63576 -0.33982 -0.69306
vn -0.81261 -0.43435 0.38859
vn -0.81261 -0.43435 0.38859
vn -0.8577 -0.45845 0.23277
vn -0.8577 -0.45845 0.23277
vn -0.80325 -0.24366 -0.54353
vn -0.80325 -0.24366 -0.54353
vn -0.80325 -0.24366 0.54353
vn -0.80325 -0.24366 0.54353
vn -0.68984 -0.20926 -0.69306
vn -0.68984 -0.20926 -0.69306
vn -0.88173 -0.26747 0.38859
vn -0.88173 -0.26747 0.38859
vn -0.93066 -0.28231 0.23277
vn -0.93065 -0.28231 0.23277
vn -0.95406 -0.28941 0.07748
vn -0.95406 -0.28941 0.07748
vn -0.11853 -0.03596 0.9923
vn -0.95406 -0.28941 -0.07748
vn -0.95406 -0.28941 -0.07748
vn -0.34341 -0.10417 0.93339
vn -0.3434 -0.10417 0.93339
vn -0.93065 -0.28231 -0.23277
vn -0.93065 -0.28231 -0.23277
vn -0.53671 -0.16281 0.82791
vn -0.53671 -0.16281 0.82791
vn -0.88173 -0.26747 -0.38859
vn -0.88173 -0.26747 -0.38859
vn -0.68984 -0.20926 0.69306
vn -0.68984 -0.20926 0.69306
vn -0.12327 -0.01214 0.9923
vn -0.99219 -0.09772 -0.07748
vn -0.99219 -0.09772 -0.07748
vn -0.35713 -0.03518 0.93339
vn -0.35713 -0.03517 0.93339
vn -0.96785 -0.09532 -0.23277
vn -0.96785 -0.09532 -0.23277
vn -0.55816 -0.05497 0.82791
vn -0.55816 -0.05497 0.82791
vn -0.91697 -0.09031 -0.38859
vn -0.91697 -0.09032 -0.38859
vn -0.71741 -0.07066 0.69306
vn -0.71741 -0.07066 0.69306
vn -0.83535 -0.08228 -0.54353
vn -0.83535 -0.08228 -0.54353
vn -0.83535 -0.08228 0.54353
vn -0.83535 -0.08228 0.54353
vn -0.71741 -0.07066 -0.69306
vn -0.71741 -0.07066 -0.69306
vn -0.91697 -0.09032 0.38859
vn -0.91697 -0.09031 0.38859
vn -0.96785 -0.09532 0.23277
vn -0.96785 -0.09532 0.23277
vn -0.99219 -0.09772 0.07748
vn -0.99219 -0.09772 0.07748
vn -0.83535 0.08228 0.54353
vn -0.83535 0.08228 0.54353
vn -0.71741 0.07066 -0.69306
vn -0.71741 0.07066 -0.69306
vn -0.91697 0.09032 0.38859
vn -0.91697 0.09031 0.38859
vn -0.96785 0.09532 0.23277
vn -0.96785 0.09533 0.23277
vn -0.99219 0.09772 0.07748
vn -0.99219 0.09772 0.07748
vn -0.12327 0.01214 0.9923
vn -0.99219 0.09772 -0.07748
vn -0.99219 0.09772 -0.07748
vn -0.35713 0.03518 0.93339
vn -0.35713 0.03517 0.93339
vn -0.96785 0.09533 -0.23277
vn -0.96785 0.09532 -0.23277
vn -0.55816 0.05497 0.82791
vn -0.55816 0.05497 0.82791
vn -0.91697 0.09031 -0.38859
vn -0.91697 0.09032 -0.38859
vn -0.71741 0.07066 0.69306
vn -0.71741 0.07066 0.69306
vn -0.83535 0.08228 -0.54353
vn -0.83535 0.08228 -0.54353
vn -0.95406 0.28941 -0.07748
vn -0.95406 0.28941 -0.07748
vn -0.3434 0.10417 0.93339
vn -0.3434 0.10417 0.93339
vn -0.93065 0.28231 -0.23277
vn -0.93066 0.28231 -0.23277
vn -0.53671 0.16281 0.82791
vn -0.53671 0.16281 0.82791
vn -0.88173 0.26747 -0.38859
vn -0.88173 0.26747 -0.38859
vn -0.68984 0.20926 0.69306
vn -0.68984 0.20926 0.69306
vn -0.80325 0.24366 -0.54353
vn -0.80325 0.24366 -0.54353
vn -0.80325 0.24366 0.54353
vn -0.80325 0.24366 0.54353
vn -0.68984 0.20926 -0.69306
vn -0.68984 0.20926 -0.69306
vn -0.88173 0.26747 0.38859
vn -0.88173 0.26747 0.38859
vn -0.93065 0.28231 0.23277
vn -0.93065 0.28231 0.23277
vn -0.95406 0.28941 0.07748
vn -0.95406 0.28941 0.07748
vn -0.11853 0.03596 0.9923
vn -0.63576 0.33982 -0.69306
vn -0.63576 0.33982 -0.69306
vn -0.81261 0.43435 0.38859
vn -0.81261 0.43435 0.38859
vn -0.8577 0.45845 0.23277
vn -0.8577 0.45845 0.23277
vn -0.87927 0.46998 0.07748
vn -0.87927 0.46998 0.07748
vn -0.10924 0.05839 0.9923
vn -0.87927 0.46998 -0.07748
vn -0.87927 0.46998 -0.07748
vn -0.31648 0.16916 0.93339
vn -0.31648 0.16916 0.93339
vn -0.8577 0.45845 -0.23277
vn -0.8577 0.45845 -0.23277
vn -0.49463 0.26439 0.82791
vn -0.49463 0.26439 0.82791
vn -0.81261 0.43435 -0.38859
vn -0.81261 0.43435 -0.38859
vn -0.63576 0.33982 0.69306
vn -0.63576 0.33982 0.69306
vn -0.74028 0.39568 -0.54353
vn -0.74028 0.39569 -0.54353
vn -0.74028 0.39569 0.54353
vn -0.74028 0.39568 0.54353
vn -0.75178 0.61697 -0.23277
vn -0.75178 0.61697 -0.23277
vn -0.43355 0.35581 0.82791
vn -0.43355 0.35581 0.82791
vn -0.71226 0.58454 -0.38859
vn -0.71226 0.58454 -0.38859
vn -0.55725 0.45732 0.69306
vn -0.55725 0.45732 0.69306
vn -0.64886 0.53251 -0.54353
vn -0.64886 0.5325 -0.54353
vn -0.64886 0.5325 0.54353
vn -0.64886 0.53251 0.54353
vn -0.55725 0.45732 -0.69306
vn -0.55725 0.45732 -0.69306
vn -0.71226 0.58454 0.38859
vn -0.71226 0.58454 0.38859
vn -0.75178 0.61697 0.23277
vn -0.75178 0.61697 0.23277
vn -0.77069 0.63249 0.07748
vn -0.77069 0.63249 0.07748
vn -0.09575 0.07858 0.9923
vn -0.77069 0.63249 -0.07748
vn -0.77069 0.63249 -0.07748
vn -0.2774 0.22766 0.93339
vn -0.2774 0.22766 0.93339
vn -0.61697 0.75178 0.23277
vn -0.61697 0.75178 0.23277
vn -0.63249 0.77069 0.07748
vn -0.63249 0.77069 0.07748
vn -0.07858 0.09575 0.9923
vn -0.63249 0.77069 -0.07748
vn -0.63249 0.77069 -0.07748
vn -0.22766 0.2774 0.93339
vn -0.22765 0.2774 0.93339
vn -0.61697 0.75178 -0.23277
vn -0.61697 0.75178 -0.23277
vn -0.3558 0.43355 0.82791
vn -0.35581 0.43355 0.82791
vn -0.58453 0.71226 -0.38859
vn -0.58454 0.71226 -0.38859
vn -0.45732 0.55725 0.69306
vn -0.45732 0.55725 0.69306
vn -0.5325 0.64886 -0.54353
vn -0.53251 0.64886 -0.54353
vn -0.53251 0.64886 0.54353
vn -0.5325 0.64886 0.54353
vn -0.45732 0.55725 -0.69306
vn -0.45732 0.55725 -0.69306
vn -0.58454 0.71226 0.38859
vn -0.58454 0.71226 0.38859
vn -0.26439 0.49463 0.82791
vn -0.26439 0.49463 0.82791
vn -0.43435 0.81261 -0.38859
vn -0.43435 0.81261 -0.38859
vn -0.33982 0.63576 0.69306
vn -0.33982 0.63576 0.69306
vn -0.39569 0.74028 -0.54353
vn -0.39568 0.74028 -0.54353
vn -0.39569 0.74028 0.54353
vn -0.39569 0.74028 0.54353
vn -0.33982 0.63576 -0.69306
vn -0.33982 0.63576 -0.69306
vn -0.43435 0.81261 0.38859
vn -0.43435 0.81261 0.38859
vn -0.45845 0.8577 0.23277
vn -0.45845 0.8577 0.23277
vn -0.46998 0.87927 0.07748
vn -0.46998 0.87927 0.07748
vn -0.05839 0.10924 0.9923
vn -0.46998 0.87927 -0.07748
vn -0.46998 0.87927 -0.07748
vn -0.16916 0.31648 0.93339
vn -0.16916 0.31648 0.93339
vn -0.45845 0.8577 -0.23277
vn -0.45845 0.8577 -0.23277
vn -0.28231 0.93065 0.23277
vn -0.28231 0.93065 0.23277
vn -0.28941 0.95406 0.07748
vn -0.28941 0.95406 0.07748
vn -0.03596 0.11853 0.9923
vn -0.28941 0.95406 -0.07748
vn -0.28941 0.95406 -0.07748
vn -0.10417 0.3434 0.93339
vn -0.10417 0.3434 0.93339
vn -0.28231 0.93065 -0.23277
vn -0.28231 0.93065 -0.23277
vn -0.16281 0.53671 0.82791
vn -0.16281 0.53671 0.82791
vn -0.26747 0.88174 -0.38859
vn -0.26747 0.88174 -0.38859
vn -0.20926 0.68984 0.69306
vn -0.20926 0.68984 0.69306
vn -0.24366 0.80325 -0.54353
vn -0.24366 0.80325 -0.54353
vn -0.24366 0.80325 0.54353
vn -0.24366 0.80325 0.54353
vn -0.20926 0.68984 -0.69306
vn -0.20926 0.68984 -0.69306
vn -0.26747 0.88174 0.38859
vn -0.26747 0.88174 0.38859
vn -0.09032 0.91697 -0.38859
vn -0.09032 0.91697 -0.38859
vn -0.07066 0.71741 0.69306
vn -0.07066 0.71741 0.69306
vn -0.08228 0.83535 -0.54353
vn -0.08228 0.83535 -0.54353
vn -0.08228 0.83535 0.54353
vn -0.08228 0.83535 0.54353
vn -0.07066 0.71741 -0.69306
vn -0.07066 0.71741 -0.69306
vn -0.09032 0.91697 0.38859
vn -0.09031 0.91697 0.38859
vn -0.09533 0.96785 0.23277
vn -0.09533 0.96785 0.23277
vn -0.09773 0.99219 0.07748
vn -0.09772 0.99219 0.07747
vn -0.01214 0.12327 0.9923
vn -0.09772 0.99219 -0.07748
vn -0.09773 0.99219 -0.07747
vn -0.03517 0.35713 0.93339
vn -0.03517 0.35713 0.93339
vn -0.09533 0.96785 -0.23277
vn -0.09533 0.96785 -0.23277
vn -0.05497 0.55816 0.82791
vn -0.05497 0.55816 0.82791
vn 0.09802 0.99518 0
vn 0.29029 0.95694 0
vn 0.4714 0.88192 0
vn 0.63439 0.77301 0
vn 0.77301 0.63439 0
vn 0.88192 0.4714 0
vn 0.95694 0.29028 0
vn 0.99518 0.09802 0
vn 0.99518 -0.09802 0
vn 0.95694 -0.29028 0
vn 0.88192 -0.4714 0
vn 0.77301 -0.63439 0
vn 0.63439 -0.77301 0
vn 0.4714 -0.88192 0
vn 0.29028 -0.95694 0
vn 0.09802 -0.99518 0
vn -0.09802 -0.99518 -0
vn -0.29028 -0.95694 -0
vn -0.4714 -0.88192 -0
vn -0.63439 -0.77301 -0
vn -0.77301 -0.63439 -0
vn -0.88192 -0.4714 -0
vn -0.95694 -0.29028 -0
vn -0.99518 -0.09802 -0
vn -0.99518 0.09802 0
vn -0.95694 0.29028 0
vn -0.88192 0.4714 0
vn -0.77301 0.63439 0
vn -0.63439 0.77301 0
vn -0.4714 0.88192 0
vn 0 0 1
vn -0.29029 0.95694 0
vn -0.09802 0.99518 0
vn -0 0 -1
vn 0.34056 -0.05111 0.93883
vn 0.34056 -0.05111 0.93883
vn -0.05863 -0.05426 0.9968
vn -0.05863 -0.05427 0.9968
vn 0.538 -0.04582 0.8417
vn 0.538 -0.0458 0.8417
vn -0.01906 -0.05435 0.99834
vn -0.01906 -0.05435 0.99834
vn -0.89129 -0.02465 0.45276
vn 0.89129 -0.02464 0.45276
vn 0.01907 -0.05435 0.99834
vn 0.01906 -0.05435 0.99834
vn -0.538 -0.04583 0.8417
vn -0.538 -0.04582 0.8417
vn 0.05863 -0.05427 0.9968
vn 0.05863 -0.05427 0.9968
vn -0.34056 -0.05111 0.93883
vn -0.34056 -0.05111 0.93883
vn 0.10294 -0.05407 0.99322
vn 0.10294 -0.05407 0.99322
vn -0.22961 -0.0529 0.97184
vn -0.22961 -0.05291 0.97184
vn 0.15692 -0.05369 0.98615
vn 0.15692 -0.05369 0.98615
vn -0.15692 -0.05369 0.98615
vn -0.15692 -0.05369 0.98615
vn 0.22961 -0.05291 0.97184
vn 0.22961 -0.05291 0.97184
vn -0.10293 -0.05407 0.99322
vn -0.10294 -0.05407 0.99322
vn -0.16107 -0.16321 0.97335
vn -0.16107 -0.16321 0.97335
vn 0.2355 -0.16072 0.95849
vn 0.2355 -0.16072 0.95849
vn -0.1057 -0.16445 0.98071
vn -0.1057 -0.16445 0.98071
vn 0.3487 -0.15499 0.92433
vn 0.3487 -0.15499 0.92433
vn -0.06022 -0.16507 0.98444
vn -0.06022 -0.16507 0.98444
vn 0.54826 -0.1383 0.82479
vn 0.54826 -0.13831 0.82479
vn -0.01958 -0.16534 0.98604
vn -0.01958 -0.16534 0.98604
vn -0.89611 -0.07339 0.43772
vn 0.89612 -0.0734 0.43771
vn 0.01958 -0.16534 0.98604
vn 0.01958 -0.16534 0.98604
vn -0.54826 -0.13829 0.82479
vn -0.54826 -0.1383 0.82479
vn 0.06022 -0.16507 0.98444
vn 0.06022 -0.16507 0.98444
vn -0.3487 -0.15499 0.92433
vn -0.3487 -0.15499 0.92433
vn 0.1057 -0.16445 0.98071
vn 0.1057 -0.16444 0.98071
vn -0.2355 -0.16072 0.95849
vn -0.2355 -0.16072 0.95849
vn 0.16107 -0.16321 0.97335
vn 0.16107 -0.16321 0.97335
vn 0.02066 -0.28329 0.95881
vn 0.02066 -0.28329 0.95881
vn -0.56888 -0.23304 0.78871
vn -0.56888 -0.23303 0.78872
vn 0.06352 -0.28278 0.95708
vn 0.06352 -0.28278 0.95708
vn -0.36541 -0.26376 0.8927
vn -0.36541 -0.26376 0.8927
vn 0.11146 -0.28158 0.95304
vn 0.11146 -0.28158 0.95304
vn -0.2477 -0.27452 0.92913
vn -0.24771 -0.27452 0.92913
vn 0.1697 -0.27924 0.94511
vn 0.1697 -0.27924 0.94511
vn -0.1697 -0.27924 0.94511
vn -0.1697 -0.27924 0.94511
vn 0.24771 -0.27452 0.92913
vn 0.2477 -0.27452 0.92913
vn -0.11146 -0.28158 0.95304
vn -0.11146 -0.28158 0.95304
vn 0.36541 -0.26375 0.8927
vn 0.36541 -0.26375 0.8927
vn -0.06352 -0.28278 0.95708
vn -0.06352 -0.28278 0.95708
vn 0.56888 -0.23303 0.78872
vn 0.56888 -0.23303 0.78872
vn -0.02066 -0.28329 0.95881
vn -0.02066 -0.28329 0.95881
vn -0.90523 -0.1204 0.4075
vn 0.90523 -0.1204 0.4075
vn 0.26694 -0.39813 0.87763
vn 0.26694 -0.39814 0.87763
vn -0.12062 -0.4101 0.90403
vn -0.12062 -0.4101 0.90403
vn 0.39137 -0.38017 0.83803
vn 0.39137 -0.38017 0.83804
vn -0.06879 -0.41214 0.90852
vn -0.06879 -0.41214 0.90852
vn 0.59969 -0.33059 0.72876
vn 0.59969 -0.33059 0.72876
vn -0.02238 -0.41302 0.91045
vn -0.02238 -0.41302 0.91045
vn -0.91757 -0.16424 0.36205
vn 0.91758 -0.16424 0.36205
vn 0.02238 -0.41302 0.91045
vn 0.02238 -0.41302 0.91045
vn -0.59969 -0.33059 0.72876
vn -0.59969 -0.3306 0.72875
vn 0.0688 -0.41214 0.90852
vn 0.0688 -0.41214 0.90852
vn -0.39137 -0.38017 0.83803
vn -0.39137 -0.38016 0.83804
vn 0.12062 -0.4101 0.90403
vn 0.12062 -0.4101 0.90403
vn -0.26694 -0.39813 0.87763
vn -0.26694 -0.39813 0.87763
vn 0.1834 -0.40611 0.89523
vn 0.1834 -0.40611 0.89523
vn -0.18339 -0.40611 0.89523
vn -0.1834 -0.40611 0.89523
vn 0.0763 -0.55702 0.82699
vn 0.0763 -0.55701 0.82699
vn -0.42682 -0.50519 0.75007
vn -0.42682 -0.5052 0.75006
vn 0.13363 -0.55363 0.82197
vn 0.13363 -0.55363 0.82197
vn -0.29383 -0.53399 0.79279
vn -0.29383 -0.53398 0.7928
vn 0.20274 -0.54704 0.81219
vn 0.20274 -0.54704 0.81219
vn -0.20274 -0.54704 0.81218
vn -0.20274 -0.54704 0.81219
vn 0.29383 -0.53398 0.7928
vn 0.29383 -0.53398 0.7928
vn -0.13364 -0.55363 0.82197
vn -0.13363 -0.55363 0.82197
vn 0.42682 -0.5052 0.75007
vn 0.42683 -0.50521 0.75006
vn -0.0763 -0.55701 0.82699
vn -0.0763 -0.55701 0.82699
vn 0.63942 -0.42952 0.63769
vn 0.63942 -0.42952 0.6377
vn -0.02484 -0.55847 0.82915
vn -0.02484 -0.55847 0.82915
vn -0.93152 -0.20317 0.30164
vn 0.93152 -0.20317 0.30164
vn 0.02484 -0.55847 0.82915
vn 0.02484 -0.55847 0.82915
vn -0.63942 -0.42952 0.6377
vn -0.63942 -0.42951 0.6377
vn 0.46991 -0.63456 0.61361
vn 0.46991 -0.63456 0.61361
vn -0.086 -0.71621 0.69256
vn -0.086 -0.71621 0.69256
vn 0.68414 -0.52431 0.507
vn 0.68414 -0.52431 0.507
vn -0.02801 -0.71859 0.69487
vn -0.02801 -0.7186 0.69486
vn -0.94499 -0.23515 0.22738
vn 0.94499 -0.23515 0.22738
vn 0.02802 -0.7186 0.69486
vn 0.02801 -0.71859 0.69487
vn -0.68414 -0.52431 0.507
vn -0.68414 -0.52431 0.50699
vn 0.086 -0.71621 0.69257
vn 0.086 -0.71622 0.69256
vn -0.46991 -0.63457 0.6136
vn -0.46991 -0.63456 0.61362
vn 0.15036 -0.71071 0.68723
vn 0.15036 -0.7107 0.68723
vn -0.32759 -0.6792 0.65679
vn -0.32758 -0.67921 0.65678
vn 0.2274 -0.70004 0.67693
vn 0.2274 -0.70004 0.67693
vn -0.2274 -0.70004 0.67693
vn -0.2274 -0.70004 0.67693
vn 0.32759 -0.67921 0.65678
vn 0.32759 -0.67921 0.65679
vn -0.15036 -0.7107 0.68723
vn -0.15036 -0.7107 0.68724
vn -0.51343 -0.7523 0.41285
vn -0.51343 -0.7523 0.41285
vn 0.16849 -0.86413 0.47423
vn 0.16849 -0.86413 0.47422
vn -0.36308 -0.81684 0.44827
vn -0.36308 -0.81684 0.44826
vn 0.25385 -0.84795 0.46534
vn 0.25385 -0.84795 0.46534
vn -0.25385 -0.84795 0.46534
vn -0.25386 -0.84795 0.46534
vn 0.36308 -0.81684 0.44826
vn 0.36308 -0.81684 0.44827
vn -0.16849 -0.86413 0.47422
vn -0.16849 -0.86413 0.47422
vn 0.51342 -0.7523 0.41285
vn 0.51342 -0.7523 0.41285
vn -0.09656 -0.87257 0.47885
vn -0.09656 -0.87257 0.47886
vn 0.72552 -0.60332 0.33109
vn 0.72552 -0.60332 0.33109
vn -0.03148 -0.87623 0.48087
vn -0.03148 -0.87623 0.48087
vn -0.9557 -0.25804 0.14161
vn 0.9557 -0.25804 0.14161
vn 0.03148 -0.87623 0.48087
vn 0.03148 -0.87623 0.48087
vn -0.72552 -0.60332 0.33109
vn -0.72552 -0.60332 0.33109
vn 0.09656 -0.87257 0.47886
vn 0.09656 -0.87257 0.47886
vn -0.10419 -0.97914 0.17446
vn -0.10419 -0.97914 0.17446
vn 0.7513 -0.64972 0.11577
vn 0.7513 -0.64972 0.1158
vn -0.03399 -0.98393 0.17532
vn -0.03399 -0.98393 0.17531
vn -0.96165 -0.27002 0.04811
vn 0.96165 -0.27002 0.04812
vn 0.03399 -0.98393 0.17531
vn 0.03399 -0.98393 0.17532
vn -0.7513 -0.64973 0.11577
vn -0.7513 -0.64973 0.11577
vn 0.10419 -0.97914 0.17446
vn 0.10419 -0.97914 0.17446
vn -0.54267 -0.82692 0.14735
vn -0.54267 -0.82692 0.14734
vn 0.18152 -0.96814 0.1725
vn 0.18152 -0.96814 0.17251
vn -0.38785 -0.90743 0.16168
vn -0.38785 -0.90743 0.16169
vn 0.27267 -0.94719 0.16878
vn 0.27267 -0.94719 0.16877
vn -0.27267 -0.94719 0.16877
vn -0.27267 -0.94719 0.16878
vn 0.38785 -0.90743 0.16169
vn 0.38785 -0.90743 0.16168
vn -0.18152 -0.96814 0.17251
vn -0.18152 -0.96814 0.1725
vn 0.54267 -0.82692 0.14734
vn 0.54267 -0.82692 0.14734
vn 0.18152 -0.96814 -0.1725
vn 0.18152 -0.96814 -0.17251
vn -0.38785 -0.90743 -0.16168
vn -0.38785 -0.90743 -0.16169
vn 0.27267 -0.94719 -0.16878
vn 0.27267 -0.94719 -0.16877
vn -0.27267 -0.94719 -0.16877
vn -0.27267 -0.94719 -0.16878
vn 0.38785 -0.90743 -0.16169
vn 0.38785 -0.90743 -0.16168
vn -0.18152 -0.96814 -0.17251
vn -0.18152 -0.96814 -0.1725
vn 0.54267 -0.82692 -0.14734
vn 0.54267 -0.82692 -0.14735
vn -0.10419 -0.97914 -0.17446
vn -0.10419 -0.97914 -0.17446
vn 0.7513 -0.64973 -0.11577
vn 0.7513 -0.64972 -0.1158
vn -0.03399 -0.98393 -0.17532
vn -0.03399 -0.98393 -0.17531
vn -0.96165 -0.27002 -0.04811
vn 0.96165 -0.27002 -0.04813
vn 0.03399 -0.98393 -0.17531
vn 0.03399 -0.98393 -0.17532
vn -0.7513 -0.64973 -0.11576
vn -0.7513 -0.64973 -0.11577
vn 0.10419 -0.97914 -0.17446
vn 0.10419 -0.97914 -0.17446
vn -0.54267 -0.82692 -0.14734
vn -0.54267 -0.82692 -0.14734
vn 0.72553 -0.60332 -0.33108
vn 0.72553 -0.60332 -0.33109
vn -0.03148 -0.87623 -0.48087
vn -0.03148 -0.87623 -0.48087
vn -0.9557 -0.25804 -0.14161
vn 0.9557 -0.25804 -0.14161
vn 0.03148 -0.87623 -0.48087
vn 0.03148 -0.87623 -0.48087
vn -0.72552 -0.60332 -0.33109
vn -0.72552 -0.60332 -0.33109
vn 0.09656 -0.87257 -0.47886
vn 0.09656 -0.87257 -0.47886
vn -0.51343 -0.7523 -0.41284
vn -0.51342 -0.7523 -0.41285
vn 0.16849 -0.86413 -0.47423
vn 0.16849 -0.86414 -0.47422
vn -0.36308 -0.81684 -0.44827
vn -0.36308 -0.81684 -0.44826
vn 0.25386 -0.84795 -0.46534
vn 0.25386 -0.84795 -0.46534
vn -0.25386 -0.84795 -0.46534
vn -0.25385 -0.84795 -0.46534
vn 0.36308 -0.81684 -0.44827
vn 0.36308 -0.81684 -0.44827
vn -0.16849 -0.86413 -0.47422
vn -0.16849 -0.86413 -0.47423
vn 0.51343 -0.7523 -0.41285
vn 0.51343 -0.7523 -0.41284
vn -0.09656 -0.87257 -0.47886
vn -0.09656 -0.87257 -0.47886
vn -0.32759 -0.67921 -0.65679
vn -0.32759 -0.67921 -0.65678
vn 0.2274 -0.70004 -0.67692
vn 0.2274 -0.70004 -0.67693
vn 0.2274 -0.70004 -0.67692
vn -0.2274 -0.70004 -0.67693
vn -0.2274 -0.70004 -0.67693
vn -0.2274 -0.70005 -0.67692
vn 0.32758 -0.67921 -0.65678
vn 0.32759 -0.6792 -0.65679
vn -0.15036 -0.7107 -0.68724
vn -0.15037 -0.71071 -0.68723
vn 0.46991 -0.63456 -0.61362
vn 0.46991 -0.63456 -0.61361
vn -0.086 -0.71622 -0.69256
vn -0.08599 -0.71621 -0.69257
vn 0.68415 -0.52431 -0.507
vn 0.68415 -0.52431 -0.507
vn -0.02801 -0.71859 -0.69487
vn -0.02802 -0.7186 -0.69486
vn -0.94499 -0.23514 -0.22738
vn 0.94499 -0.23515 -0.22738
vn 0.02801 -0.7186 -0.69486
vn 0.02801 -0.71859 -0.69487
vn -0.68414 -0.52431 -0.507
vn -0.68414 -0.52431 -0.507
vn 0.086 -0.71621 -0.69257
vn 0.086 -0.71622 -0.69256
vn -0.46991 -0.63456 -0.61361
vn -0.46991 -0.63456 -0.61361
vn 0.15036 -0.71071 -0.68723
vn 0.15036 -0.7107 -0.68724
vn -0.93152 -0.20317 -0.30164
vn 0.93152 -0.20317 -0.30164
vn -0.63942 -0.42952 -0.6377
vn -0.63942 -0.42952 -0.6377
vn -0.42682 -0.5052 -0.75006
vn -0.42683 -0.5052 -0.75006
vn -0.29383 -0.53399 -0.79279
vn -0.29383 -0.53399 -0.79279
vn -0.29383 -0.53399 -0.7928
vn 0.20274 -0.54704 -0.81218
vn 0.29383 -0.53398 -0.7928
vn 0.29383 -0.53399 -0.79279
vn 0.29383 -0.53398 -0.7928
vn 0.42682 -0.5052 -0.75006
vn 0.42682 -0.5052 -0.75006
vn 0.63942 -0.42952 -0.6377
vn 0.63942 -0.42952 -0.6377
vn 0.26694 -0.39813 -0.87763
vn 0.39137 -0.38017 -0.83804
vn 0.39137 -0.38017 -0.83803
vn 0.39137 -0.38017 -0.83803
vn 0.59969 -0.33059 -0.72876
vn 0.59969 -0.3306 -0.72875
vn -0.91758 -0.16424 -0.36205
vn 0.91758 -0.16424 -0.36205
vn -0.59968 -0.33059 -0.72876
vn -0.59968 -0.33059 -0.72876
vn -0.39137 -0.38016 -0.83804
vn -0.39137 -0.38017 -0.83804
vn -0.39137 -0.38016 -0.83804
vn 0.90523 -0.1204 -0.40751
vn -0.56888 -0.23304 -0.78871
vn -0.56888 -0.23303 -0.78872
vn 0.36541 -0.26375 -0.8927
vn 0.36541 -0.26375 -0.8927
vn 0.56888 -0.23303 -0.78872
vn 0.56888 -0.23303 -0.78872
vn -0.90523 -0.1204 -0.4075
vn 0.3487 -0.15499 -0.92433
vn 0.3487 -0.15499 -0.92433
vn 0.54826 -0.1383 -0.82479
vn 0.54826 -0.13829 -0.82479
vn -0.89611 -0.07339 -0.43771
vn 0.89611 -0.07339 -0.43772
vn -0.54826 -0.13829 -0.8248
vn -0.54826 -0.1383 -0.82479
vn -0.538 -0.04583 -0.8417
vn -0.538 -0.04582 -0.8417
vn 0.34056 -0.05111 -0.93883
vn 0.34056 -0.05111 -0.93883
vn 0.538 -0.04582 -0.8417
vn 0.538 -0.04583 -0.8417
vn -0.89129 -0.02465 -0.45276
vn 0.89129 -0.02465 -0.45276
vn 0.34056 0.05111 -0.93883
vn 0.34056 0.05111 -0.93883
vn 0.538 0.04582 -0.8417
vn 0.538 0.04583 -0.8417
vn -0.89129 0.02465 -0.45276
vn 0.89129 0.02465 -0.45276
vn -0.538 0.04583 -0.8417
vn -0.538 0.04582 -0.8417
vn 0.3487 0.15499 -0.92433
vn 0.3487 0.155 -0.92433
vn 0.54826 0.13831 -0.82479
vn 0.54826 0.13829 -0.8248
vn -0.89611 0.07339 -0.43771
vn 0.89611 0.07339 -0.43772
vn -0.54826 0.13829 -0.82479
vn -0.54826 0.1383 -0.82479
vn 0.36542 0.26376 -0.89269
vn 0.36541 0.26374 -0.8927
vn 0.56887 0.23302 -0.78872
vn 0.56888 0.23304 -0.78871
vn -0.90523 0.1204 -0.4075
vn 0.90523 0.1204 -0.4075
vn -0.56888 0.23303 -0.78872
vn -0.56888 0.23303 -0.78872
vn 0.39137 0.38017 -0.83804
vn 0.39137 0.38016 -0.83804
vn 0.39137 0.38016 -0.83804
vn 0.59969 0.33059 -0.72876
vn 0.59969 0.33059 -0.72876
vn -0.91758 0.16424 -0.36204
vn 0.91757 0.16424 -0.36205
vn -0.59969 0.3306 -0.72875
vn -0.59969 0.3306 -0.72875
vn 0.63942 0.42952 -0.6377
vn 0.63942 0.42952 -0.6377
vn -0.93152 0.20317 -0.30164
vn 0.93152 0.20317 -0.30164
vn -0.63942 0.42952 -0.6377
vn -0.63942 0.42951 -0.63771
vn -0.42682 0.50519 -0.75007
vn -0.42682 0.5052 -0.75006
vn 0.29382 0.53399 -0.7928
vn 0.29383 0.53399 -0.79279
vn 0.29383 0.53398 -0.7928
vn 0.42683 0.5052 -0.75006
vn 0.42682 0.5052 -0.75006
vn -0.32759 0.67921 -0.65679
vn -0.32758 0.67921 -0.65678
vn 0.2274 0.70004 -0.67692
vn 0.2274 0.70004 -0.67693
vn 0.2274 0.70004 -0.67693
vn 0.32759 0.67921 -0.65678
vn 0.32758 0.6792 -0.65679
vn 0.46991 0.63456 -0.61362
vn 0.46991 0.63456 -0.61361
vn 0.68414 0.52431 -0.507
vn 0.68414 0.52431 -0.507
vn -0.94499 0.23515 -0.22738
vn 0.94499 0.23515 -0.22738
vn -0.68415 0.52431 -0.507
vn -0.68414 0.52431 -0.507
vn -0.46991 0.63456 -0.61361
vn -0.46991 0.63456 -0.61361
vn 0.72552 0.60332 -0.33108
vn 0.72552 0.60332 -0.33109
vn -0.03148 0.87623 -0.48086
vn -0.03148 0.87623 -0.48086
vn -0.9557 0.25804 -0.14161
vn 0.9557 0.25804 -0.14161
vn 0.03148 0.87623 -0.48086
vn 0.03148 0.87623 -0.48086
vn -0.72552 0.60332 -0.33109
vn -0.72552 0.60332 -0.33109
vn 0.09656 0.87257 -0.47885
vn 0.09656 0.87257 -0.47886
vn -0.51343 0.7523 -0.41285
vn -0.51342 0.7523 -0.41284
vn 0.16849 0.86413 -0.47423
vn 0.16849 0.86413 -0.47422
vn -0.36308 0.81685 -0.44826
vn -0.36308 0.81684 -0.44827
vn 0.25386 0.84795 -0.46534
vn 0.25385 0.84795 -0.46534
vn -0.25386 0.84794 -0.46535
vn -0.25386 0.84795 -0.46534
vn 0.36308 0.81684 -0.44827
vn 0.36308 0.81684 -0.44827
vn -0.16849 0.86413 -0.47422
vn -0.16849 0.86413 -0.47423
vn 0.51342 0.7523 -0.41285
vn 0.51343 0.7523 -0.41284
vn -0.09656 0.87257 -0.47886
vn -0.09656 0.87257 -0.47885
vn 0.27267 0.94719 -0.16877
vn 0.27267 0.94719 -0.16877
vn -0.27267 0.94719 -0.16877
vn -0.27267 0.94719 -0.16876
vn 0.38785 0.90743 -0.16169
vn 0.38785 0.90743 -0.16168
vn -0.18152 0.96814 -0.1725
vn -0.18152 0.96814 -0.1725
vn 0.54267 0.82692 -0.14734
vn 0.54267 0.82692 -0.14735
vn -0.10418 0.97914 -0.17446
vn -0.10418 0.97914 -0.17446
vn 0.7513 0.64973 -0.11577
vn 0.7513 0.64973 -0.11577
vn -0.03399 0.98393 -0.17532
vn -0.03399 0.98392 -0.17532
vn -0.96165 0.27002 -0.04811
vn 0.96165 0.27002 -0.04811
vn 0.03399 0.98392 -0.17532
vn 0.03399 0.98393 -0.17532
vn -0.7513 0.64972 -0.11576
vn -0.7513 0.64972 -0.11577
vn 0.10418 0.97914 -0.17446
vn 0.10418 0.97914 -0.17446
vn -0.54267 0.82692 -0.14734
vn -0.54267 0.82692 -0.14735
vn 0.18152 0.96814 -0.1725
vn 0.18152 0.96814 -0.1725
vn -0.38785 0.90743 -0.1617
vn -0.38785 0.90743 -0.16169
vn -0.96165 0.27002 0.04811
vn 0.96165 0.27002 0.04811
vn 0.03399 0.98392 0.17532
vn 0.03399 0.98393 0.17532
vn -0.7513 0.64972 0.11577
vn -0.7513 0.64972 0.11577
vn 0.10418 0.97914 0.17446
vn 0.10418 0.97914 0.17446
vn -0.54267 0.82692 0.14735
vn -0.54266 0.82692 0.14735
vn 0.18152 0.96814 0.1725
vn 0.18152 0.96814 0.1725
vn -0.38785 0.90743 0.1617
vn -0.38785 0.90743 0.16169
vn 0.27267 0.94719 0.16877
vn 0.27267 0.94719 0.16877
vn -0.27267 0.94719 0.16877
vn -0.27267 0.94719 0.16877
vn 0.38785 0.90743 0.16169
vn 0.38785 0.90743 0.16168
vn -0.18152 0.96814 0.1725
vn -0.18152 0.96814 0.1725
vn 0.54267 0.82692 0.14734
vn 0.54267 0.82692 0.14734
vn -0.10418 0.97914 0.17446
vn -0.10418 0.97914 0.17446
vn 0.7513 0.64973 0.11577
vn 0.7513 0.64973 0.11576
vn -0.03399 0.98392 0.17532
vn -0.03399 0.98392 0.17532
vn -0.25386 0.84794 0.46535
vn -0.25385 0.84794 0.46535
vn 0.36308 0.81684 0.44827
vn 0.36308 0.81684 0.44827
vn -0.16849 0.86413 0.47423
vn -0.16849 0.86413 0.47423
vn 0.51342 0.7523 0.41285
vn 0.51342 0.7523 0.41285
vn -0.09655 0.87257 0.47886
vn -0.09656 0.87257 0.47885
vn 0.72552 0.60332 0.33109
vn 0.72552 0.60332 0.33109
vn -0.03148 0.87623 0.48086
vn -0.03148 0.87623 0.48086
vn -0.9557 0.25804 0.14161
vn 0.9557 0.25804 0.14161
vn 0.03148 0.87623 0.48086
vn 0.03148 0.87623 0.48086
vn -0.72552 0.60332 0.33109
vn -0.72553 0.60332 0.33109
vn 0.09656 0.87257 0.47885
vn 0.09656 0.87257 0.47886
vn -0.51342 0.7523 0.41285
vn -0.51342 0.7523 0.41285
vn 0.16849 0.86413 0.47422
vn 0.16849 0.86413 0.47422
vn -0.36308 0.81684 0.44827
vn -0.36308 0.81684 0.44827
vn 0.25385 0.84795 0.46534
vn 0.25386 0.84794 0.46535
vn 0.02801 0.71859 0.69487
vn 0.02801 0.71859 0.69487
vn -0.68415 0.52431 0.507
vn -0.68414 0.52431 0.507
vn 0.086 0.71621 0.69257
vn 0.086 0.71621 0.69256
vn -0.46991 0.63456 0.61361
vn -0.46991 0.63456 0.61361
vn 0.15036 0.7107 0.68724
vn 0.15036 0.7107 0.68723
vn -0.32759 0.67921 0.65678
vn -0.32758 0.67921 0.65678
vn 0.2274 0.70004 0.67693
vn 0.2274 0.70004 0.67693
vn -0.2274 0.70004 0.67693
vn -0.22741 0.70005 0.67692
vn 0.32758 0.67921 0.65678
vn 0.32759 0.67921 0.65679
vn -0.15037 0.71071 0.68723
vn -0.15036 0.7107 0.68724
vn 0.46991 0.63456 0.61361
vn 0.46991 0.63456 0.61361
vn -0.086 0.71621 0.69256
vn -0.086 0.71621 0.69257
vn 0.68414 0.52431 0.507
vn 0.68414 0.52431 0.507
vn -0.02801 0.71859 0.69487
vn -0.02801 0.71859 0.69487
vn -0.94499 0.23515 0.22738
vn 0.94499 0.23514 0.22738
vn 0.29383 0.53398 0.7928
vn 0.29383 0.53399 0.79279
vn -0.13363 0.55363 0.82197
vn -0.13363 0.55363 0.82197
vn 0.42683 0.5052 0.75006
vn 0.42683 0.50521 0.75006
vn -0.0763 0.55701 0.82699
vn -0.0763 0.55701 0.82699
vn 0.63942 0.42952 0.6377
vn 0.63941 0.42951 0.63771
vn -0.02484 0.55847 0.82915
vn -0.02484 0.55847 0.82915
vn -0.93152 0.20317 0.30164
vn 0.93152 0.20316 0.30165
vn 0.02484 0.55847 0.82915
vn 0.02484 0.55847 0.82915
vn -0.63942 0.42952 0.6377
vn -0.63941 0.42951 0.63771
vn 0.0763 0.55701 0.82699
vn 0.0763 0.55701 0.82699
vn -0.42682 0.50519 0.75007
vn -0.42682 0.5052 0.75006
vn 0.13363 0.55363 0.82197
vn 0.13363 0.55363 0.82197
vn -0.29383 0.53398 0.7928
vn -0.29383 0.53398 0.7928
vn 0.20274 0.54704 0.81219
vn 0.20274 0.54704 0.81218
vn -0.20274 0.54704 0.81218
vn -0.20274 0.54704 0.81219
vn -0.59969 0.3306 0.72875
vn -0.59968 0.33059 0.72876
vn 0.06879 0.41214 0.90852
vn 0.06879 0.41214 0.90852
vn -0.39137 0.38016 0.83804
vn -0.39137 0.38017 0.83803
vn 0.12062 0.4101 0.90403
vn 0.12062 0.4101 0.90403
vn -0.26694 0.39813 0.87763
vn -0.26694 0.39813 0.87763
vn 0.1834 0.40611 0.89523
vn 0.1834 0.40611 0.89523
vn -0.1834 0.40611 0.89523
vn -0.1834 0.40611 0.89523
vn 0.26694 0.39813 0.87763
vn 0.26694 0.39813 0.87763
vn -0.12062 0.4101 0.90403
vn -0.12062 0.4101 0.90403
vn 0.39137 0.38016 0.83804
vn 0.39137 0.38017 0.83804
vn -0.06879 0.41214 0.90852
vn -0.06879 0.41214 0.90852
vn 0.59969 0.33059 0.72876
vn 0.59969 0.33059 0.72876
vn -0.02238 0.41302 0.91045
vn -0.02238 0.41302 0.91045
vn -0.91758 0.16424 0.36205
vn 0.91758 0.16424 0.36205
vn 0.02238 0.41302 0.91045
vn 0.02238 0.41301 0.91045
vn -0.11146 0.28158 0.95304
vn -0.11146 0.28158 0.95304
vn 0.36541 0.26376 0.8927
vn 0.36541 0.26375 0.8927
vn -0.06352 0.28278 0.95708
vn -0.06352 0.28278 0.95708
vn 0.56888 0.23303 0.78872
vn 0.56888 0.23304 0.78871
vn -0.02066 0.28329 0.95881
vn -0.02066 0.28329 0.95881
vn -0.90523 0.1204 0.40751
vn 0.90523 0.1204 0.4075
vn 0.02066 0.28329 0.95881
vn 0.02066 0.28329 0.95881
vn -0.56887 0.23303 0.78872
vn -0.56888 0.23303 0.78872
vn 0.06352 0.28278 0.95708
vn 0.06352 0.28278 0.95708
vn -0.36542 0.26376 0.89269
vn -0.36542 0.26376 0.8927
vn 0.11146 0.28158 0.95304
vn 0.11146 0.28158 0.95304
vn -0.24771 0.27452 0.92913
vn -0.2477 0.27452 0.92913
vn 0.1697 0.27924 0.94511
vn 0.1697 0.27924 0.94511
vn -0.1697 0.27924 0.94511
vn -0.1697 0.27924 0.94511
vn 0.24771 0.27452 0.92913
vn 0.24771 0.27452 0.92913
vn 0.06022 0.16507 0.98444
vn 0.06022 0.16507 0.98444
vn -0.3487 0.15499 0.92433
vn -0.3487 0.15499 0.92433
vn 0.1057 0.16444 0.98071
vn 0.1057 0.16444 0.98071
vn -0.2355 0.16072 0.95849
vn -0.2355 0.16072 0.95849
vn 0.16107 0.16321 0.97335
vn 0.16107 0.16321 0.97335
vn -0.16107 0.16321 0.97335
vn -0.16107 0.16321 0.97335
vn 0.2355 0.16071 0.95849
vn 0.2355 0.16072 0.95849
vn -0.1057 0.16444 0.98071
vn -0.1057 0.16444 0.98071
vn 0.3487 0.15499 0.92433
vn 0.3487 0.155 0.92433
vn -0.06022 0.16507 0.98444
vn -0.06022 0.16507 0.98444
vn 0.54826 0.13831 0.82479
vn 0.54826 0.13829 0.82479
vn -0.01958 0.16534 0.98604
vn -0.01958 0.16534 0.98604
vn -0.89611 0.07339 0.43772
vn 0.89611 0.07339 0.43772
vn 0.01958 0.16534 0.98604
vn 0.01958 0.16534 0.98604
vn -0.54826 0.13829 0.8248
vn -0.54826 0.1383 0.82479
vn 0.34056 0.05111 0.93883
vn 0.34056 0.0511 0.93883
vn -0.05863 0.05427 0.9968
vn -0.05863 0.05427 0.9968
vn 0.538 0.04582 0.8417
vn 0.538 0.04582 0.8417
vn -0.01907 0.05436 0.99834
vn -0.01906 0.05435 0.99834
vn -0.89129 0.02465 0.45276
vn 0.89129 0.02465 0.45276
vn 0.01907 0.05435 0.99834
vn 0.01907 0.05435 0.99834
vn -0.538 0.04583 0.8417
vn -0.538 0.04582 0.8417
vn 0.05863 0.05427 0.9968
vn 0.05863 0.05427 0.9968
vn -0.34056 0.05111 0.93883
vn -0.34056 0.05111 0.93883
vn 0.10294 0.05408 0.99322
vn 0.10294 0.05407 0.99322
vn -0.2296 0.0529 0.97185
vn -0.22961 0.05291 0.97184
vn 0.15692 0.05369 0.98615
vn 0.15692 0.05369 0.98615
vn -0.15692 0.05369 0.98615
vn -0.15692 0.05369 0.98615
vn 0.22961 0.05292 0.97184
vn 0.22961 0.05291 0.97184
vn -0.10293 0.05407 0.99322
vn -0.10293 0.05407 0.99322
vn 0.05497 0.55816 0.82791
vn 0.05497 0.55816 0.82791
vn 0.09031 0.91697 -0.38859
vn 0.09031 0.91697 -0.38859
vn 0.07066 0.71741 0.69306
vn 0.07066 0.71741 0.69306
vn 0.08227 0.83535 -0.54353
vn 0.08227 0.83535 -0.54353
vn 0.08227 0.83535 0.54353
vn 0.08227 0.83535 0.54353
vn 0.07066 0.71741 -0.69306
vn 0.07066 0.71741 -0.69306
vn 0.09031 0.91697 0.38859
vn 0.09031 0.91697 0.38859
vn 0.05497 0.55816 -0.82791
vn 0.05497 0.55816 -0.82791
vn 0.09532 0.96785 0.23277
vn 0.09532 0.96785 0.23277
vn 0.03517 0.35713 -0.93339
vn 0.03517 0.35713 -0.93339
vn 0.09772 0.99219 0.07748
vn 0.09772 0.99219 0.07748
vn 0.01214 0.12327 0.9923
vn 0.01214 0.12327 -0.9923
vn 0.09772 0.99219 -0.07748
vn 0.09772 0.99219 -0.07748
vn 0.03517 0.35713 0.93339
vn 0.03517 0.35713 0.93339
vn 0.09532 0.96785 -0.23277
vn 0.09533 0.96785 -0.23277
vn 0.10417 0.3434 0.93339
vn 0.10417 0.3434 0.93339
vn 0.28231 0.93065 -0.23277
vn 0.28231 0.93066 -0.23277
vn 0.16281 0.53671 0.82791
vn 0.16281 0.53671 0.82791
vn 0.26747 0.88173 -0.38859
vn 0.20926 0.68984 0.69306
vn 0.20926 0.68984 0.69306
vn 0.24366 0.80325 0.54353
vn 0.24366 0.80325 0.54353
vn 0.20926 0.68984 -0.69306
vn 0.20926 0.68984 -0.69306
vn 0.26747 0.88173 0.38859
vn 0.26747 0.88173 0.38859
vn 0.16281 0.53671 -0.82791
vn 0.16281 0.53671 -0.82791
vn 0.28231 0.93065 0.23277
vn 0.10417 0.3434 -0.93339
vn 0.10417 0.3434 -0.93339
vn 0.28941 0.95406 0.07748
vn 0.28941 0.95406 0.07748
vn 0.03596 0.11853 0.9923
vn 0.03596 0.11853 -0.9923
vn 0.28941 0.95406 -0.07748
vn 0.28941 0.95406 -0.07748
vn 0.43435 0.81261 0.38859
vn 0.43435 0.81261 0.38859
vn 0.26439 0.49464 -0.82791
vn 0.26439 0.49464 -0.82791
vn 0.16916 0.31648 -0.93339
vn 0.16916 0.31648 -0.93339
vn 0.46998 0.87927 0.07748
vn 0.46998 0.87927 0.07748
vn 0.05839 0.10924 0.9923
vn 0.05839 0.10924 -0.9923
vn 0.46998 0.87927 -0.07748
vn 0.46998 0.87927 -0.07748
vn 0.16916 0.31648 0.93339
vn 0.16916 0.31648 0.93339
vn 0.26439 0.49464 0.82791
vn 0.26439 0.49464 0.82791
vn 0.43435 0.81261 -0.38859
vn 0.33982 0.63576 0.69306
vn 0.33982 0.63576 0.69306
vn 0.39569 0.74028 -0.54353
vn 0.39569 0.74028 -0.54353
vn 0.39569 0.74028 0.54353
vn 0.39569 0.74028 0.54353
vn 0.33982 0.63576 -0.69306
vn 0.33982 0.63576 -0.69306
vn 0.61697 0.75178 -0.23277
vn 0.61697 0.75178 -0.23277
vn 0.35581 0.43355 0.82791
vn 0.35581 0.43355 0.82791
vn 0.58454 0.71226 -0.38859
vn 0.58454 0.71226 -0.38859
vn 0.45732 0.55725 0.69306
vn 0.45732 0.55725 0.69306
vn 0.5325 0.64886 -0.54353
vn 0.5325 0.64886 0.54353
vn 0.5325 0.64886 0.54353
vn 0.45732 0.55725 -0.69306
vn 0.45732 0.55725 -0.69306
vn 0.58454 0.71226 0.38859
vn 0.58454 0.71226 0.38859
vn 0.35581 0.43355 -0.82791
vn 0.35581 0.43355 -0.82791
vn 0.61697 0.75178 0.23277
vn 0.61697 0.75178 0.23277
vn 0.22765 0.2774 -0.93339
vn 0.22765 0.2774 -0.93339
vn 0.63249 0.77069 0.07748
vn 0.63249 0.77069 0.07748
vn 0.07858 0.09575 0.9923
vn 0.07858 0.09575 -0.9923
vn 0.63249 0.77069 -0.07748
vn 0.63249 0.77069 -0.07748
vn 0.22765 0.2774 0.93339
vn 0.22765 0.2774 0.93339
vn 0.43355 0.35581 -0.82791
vn 0.43355 0.35581 -0.82791
vn 0.75178 0.61697 0.23277
vn 0.2774 0.22766 -0.93339
vn 0.2774 0.22766 -0.93339
vn 0.77069 0.63249 0.07748
vn 0.77069 0.63249 0.07748
vn 0.09575 0.07858 0.9923
vn 0.09575 0.07858 -0.9923
vn 0.77069 0.63249 -0.07748
vn 0.77069 0.63249 -0.07748
vn 0.2774 0.22765 0.93339
vn 0.2774 0.22765 0.93339
vn 0.75178 0.61697 -0.23277
vn 0.75178 0.61697 -0.23277
vn 0.43355 0.35581 0.82791
vn 0.43355 0.35581 0.82791
vn 0.71226 0.58454 -0.38859
vn 0.71226 0.58454 -0.38859
vn 0.55725 0.45732 0.69306
vn 0.55724 0.45732 0.69306
vn 0.64886 0.5325 -0.54353
vn 0.64886 0.5325 0.54353
vn 0.64886 0.5325 0.54353
vn 0.55725 0.45732 -0.69306
vn 0.55725 0.45732 -0.69306
vn 0.71226 0.58454 0.38859
vn 0.71226 0.58454 0.38859
vn 0.49464 0.26439 0.82791
vn 0.49463 0.26439 0.82791
vn 0.81261 0.43435 -0.38859
vn 0.81261 0.43435 -0.38859
vn 0.63575 0.33982 0.69306
vn 0.63576 0.33982 0.69306
vn 0.74028 0.39569 -0.54353
vn 0.74028 0.39568 -0.54353
vn 0.74028 0.39568 0.54353
vn 0.74028 0.39568 0.54353
vn 0.63576 0.33982 -0.69306
vn 0.63576 0.33982 -0.69306
vn 0.81261 0.43435 0.38859
vn 0.81261 0.43435 0.38859
vn 0.49463 0.26439 -0.82791
vn 0.49464 0.26439 -0.82791
vn 0.85769 0.45845 0.23277
vn 0.8577 0.45845 0.23277
vn 0.31648 0.16916 -0.93339
vn 0.31648 0.16916 -0.93339
vn 0.87927 0.46998 0.07748
vn 0.87927 0.46998 0.07747
vn 0.10924 0.05839 0.9923
vn 0.10924 0.05839 -0.9923
vn 0.87927 0.46998 -0.07748
vn 0.31648 0.16916 0.93339
vn 0.31648 0.16916 0.93339
vn 0.8577 0.45845 -0.23277
vn 0.8577 0.45845 -0.23277
vn 0.93066 0.28231 0.23277
vn 0.93065 0.28231 0.23277
vn 0.3434 0.10417 -0.93339
vn 0.3434 0.10417 -0.93339
vn 0.95406 0.28941 0.07747
vn 0.95406 0.28942 0.07748
vn 0.11853 0.03596 0.9923
vn 0.11853 0.03596 -0.9923
vn 0.95406 0.28942 -0.07748
vn 0.95406 0.28942 -0.07748
vn 0.3434 0.10417 0.93339
vn 0.3434 0.10417 0.93339
vn 0.93065 0.28231 -0.23277
vn 0.93065 0.28231 -0.23277
vn 0.53671 0.16281 0.82791
vn 0.53671 0.16281 0.82791
vn 0.88173 0.26747 -0.38859
vn 0.68984 0.20926 0.69306
vn 0.68984 0.20926 0.69306
vn 0.80325 0.24366 -0.54353
vn 0.80325 0.24366 -0.54353
vn 0.80325 0.24366 0.54353
vn 0.68984 0.20926 -0.69306
vn 0.68984 0.20926 -0.69306
vn 0.88173 0.26747 0.38859
vn 0.88174 0.26747 0.38859
vn 0.53671 0.16281 -0.82791
vn 0.53671 0.16281 -0.82791
vn 0.91697 0.09031 -0.38859
vn 0.91697 0.09031 -0.38859
vn 0.71741 0.07066 0.69306
vn 0.71741 0.07066 0.69306
vn 0.83535 0.08227 -0.54353
vn 0.83535 0.08228 -0.54353
vn 0.83535 0.08228 0.54353
vn 0.83535 0.08227 0.54353
vn 0.71741 0.07066 -0.69306
vn 0.71741 0.07066 -0.69306
vn 0.91697 0.09031 0.38859
vn 0.91697 0.09031 0.38859
vn 0.55816 0.05497 -0.82791
vn 0.55816 0.05497 -0.82791
vn 0.96785 0.09532 0.23277
vn 0.96785 0.09533 0.23277
vn 0.35713 0.03517 -0.93339
vn 0.35713 0.03517 -0.93339
vn 0.99219 0.09772 0.07748
vn 0.99219 0.09772 0.07748
vn 0.12327 0.01214 0.9923
vn 0.12327 0.01214 -0.9923
vn 0.99219 0.09772 -0.07748
vn 0.99219 0.09772 -0.07748
vn 0.35713 0.03517 0.93339
vn 0.35713 0.03517 0.93339
vn 0.96785 0.09533 -0.23277
vn 0.96785 0.09532 -0.23277
vn 0.55816 0.05497 0.82791
vn 0.55816 0.05497 0.82791
vn 0.35713 -0.03517 -0.93339
vn 0.35713 -0.03517 -0.93339
vn 0.99219 -0.09772 0.07748
vn 0.99219 -0.09772 0.07748
vn 0.12327 -0.01214 0.9923
vn 0.12327 -0.01214 -0.9923
vn 0.99219 -0.09772 -0.07748
vn 0.99219 -0.09772 -0.07748
vn 0.35713 -0.03517 0.93339
vn 0.35713 -0.03517 0.93339
vn 0.96785 -0.09533 -0.23277
vn 0.96785 -0.09533 -0.23277
vn 0.55816 -0.05497 0.82791
vn 0.55816 -0.05497 0.82791
vn 0.91697 -0.09031 -0.38859
vn 0.91697 -0.09031 -0.38859
vn 0.71741 -0.07066 0.69306
vn 0.71741 -0.07066 0.69306
vn 0.83535 -0.08227 -0.54353
vn 0.83535 -0.08228 -0.54353
vn 0.83535 -0.08228 0.54353
vn 0.83535 -0.08227 0.54353
vn 0.71741 -0.07066 -0.69306
vn 0.71741 -0.07066 -0.69306
vn 0.91697 -0.09031 0.38859
vn 0.91697 -0.09031 0.38859
vn 0.55816 -0.05497 -0.82791
vn 0.55816 -0.05497 -0.82791
vn 0.96785 -0.09533 0.23277
vn 0.96785 -0.09533 0.23277
vn 0.80325 -0.24366 -0.54353
vn 0.80325 -0.24366 -0.54353
vn 0.80325 -0.24366 0.54353
vn 0.68984 -0.20926 -0.69306
vn 0.68984 -0.20926 -0.69306
vn 0.88173 -0.26747 0.38859
vn 0.88173 -0.26747 0.38859
vn 0.53671 -0.16281 -0.82791
vn 0.53671 -0.16281 -0.82791
vn 0.93065 -0.28231 0.23277
vn 0.93065 -0.28231 0.23277
vn 0.3434 -0.10417 -0.93339
vn 0.3434 -0.10417 -0.93339
vn 0.95406 -0.28942 0.07748
vn 0.95406 -0.28942 0.07748
vn 0.11853 -0.03596 0.9923
vn 0.11853 -0.03596 -0.9923
vn 0.95406 -0.28942 -0.07748
vn 0.95406 -0.28942 -0.07748
vn 0.3434 -0.10417 0.93339
vn 0.3434 -0.10417 0.93339
vn 0.93065 -0.28231 -0.23277
vn 0.93066 -0.28231 -0.23277
vn 0.53671 -0.16281 0.82791
vn 0.53671 -0.16281 0.82791
vn 0.88173 -0.26747 -0.38859
vn 0.88173 -0.26747 -0.38859
vn 0.68984 -0.20926 0.69306
vn 0.68984 -0.20926 0.69306
vn 0.10924 -0.05839 0.9923
vn 0.10924 -0.05839 -0.9923
vn 0.87927 -0.46998 -0.07748
vn 0.87927 -0.46998 -0.07748
vn 0.31648 -0.16916 0.93339
vn 0.31648 -0.16916 0.93339
vn 0.8577 -0.45845 -0.23277
vn 0.8577 -0.45845 -0.23277
vn 0.49464 -0.26439 0.82791
vn 0.49464 -0.26439 0.82791
vn 0.81261 -0.43435 -0.38859
vn 0.81261 -0.43435 -0.38859
vn 0.63576 -0.33982 0.69306
vn 0.63576 -0.33982 0.69306
vn 0.74028 -0.39568 -0.54353
vn 0.74028 -0.39569 -0.54353
vn 0.74028 -0.39569 0.54353
vn 0.74028 -0.39568 0.54353
vn 0.63576 -0.33982 -0.69306
vn 0.63576 -0.33982 -0.69306
vn 0.81261 -0.43435 0.38859
vn 0.81261 -0.43435 0.38859
vn 0.49464 -0.26439 -0.82791
vn 0.49464 -0.26439 -0.82791
vn 0.8577 -0.45845 0.23277
vn 0.8577 -0.45845 0.23277
vn 0.31648 -0.16916 -0.93339
vn 0.31648 -0.16916 -0.93339
vn 0.87927 -0.46998 0.07748
vn 0.87927 -0.46998 0.07748
vn 0.64886 -0.5325 0.54353
vn 0.64886 -0.5325 0.54353
vn 0.55725 -0.45732 -0.69306
vn 0.55725 -0.45732 -0.69306
vn 0.71226 -0.58454 0.38859
vn 0.71226 -0.58454 0.38859
vn 0.43355 -0.35581 -0.82791
vn 0.43355 -0.35581 -0.82791
vn 0.75178 -0.61697 0.23277
vn 0.2774 -0.22765 -0.93339
vn 0.2774 -0.22765 -0.93339
vn 0.77069 -0.63249 0.07748
vn 0.77069 -0.63249 0.07748
vn 0.09575 -0.07858 0.9923
vn 0.09575 -0.07858 -0.9923
vn 0.77069 -0.63249 -0.07748
vn 0.2774 -0.22765 0.93339
vn 0.2774 -0.22765 0.93339
vn 0.75178 -0.61697 -0.23277
vn 0.75178 -0.61697 -0.23277
vn 0.43355 -0.35581 0.82791
vn 0.43355 -0.35581 0.82791
vn 0.71226 -0.58454 -0.38859
vn 0.71226 -0.58454 -0.38859
vn 0.55725 -0.45732 0.69306
vn 0.55725 -0.45732 0.69306
vn 0.64886 -0.53251 -0.54353
vn 0.64886 -0.5325 -0.54353
vn 0.63249 -0.77069 -0.07748
vn 0.63249 -0.77069 -0.07748
vn 0.22765 -0.2774 0.93339
vn 0.22765 -0.2774 0.93339
vn 0.35581 -0.43355 0.82791
vn 0.35581 -0.43355 0.82791
vn 0.58454 -0.71226 -0.38859
vn 0.58454 -0.71226 -0.38859
vn 0.45732 -0.55725 0.69306
vn 0.45732 -0.55724 0.69306
vn 0.53251 -0.64886 -0.54353
vn 0.53251 -0.64886 -0.54353
vn 0.5325 -0.64886 0.54353
vn 0.5325 -0.64886 0.54353
vn 0.45732 -0.55725 -0.69306
vn 0.45732 -0.55725 -0.69306
vn 0.58454 -0.71226 0.38859
vn 0.58454 -0.71226 0.38859
vn 0.35581 -0.43355 -0.82791
vn 0.3558 -0.43355 -0.82791
vn 0.22765 -0.2774 -0.93339
vn 0.22765 -0.2774 -0.93339
vn 0.63249 -0.77069 0.07748
vn 0.07858 -0.09575 -0.9923
vn 0.33982 -0.63576 -0.69306
vn 0.33982 -0.63576 -0.69306
vn 0.43435 -0.81261 0.38859
vn 0.43435 -0.81261 0.38859
vn 0.26439 -0.49464 -0.82791
vn 0.26439 -0.49464 -0.82791
vn 0.45845 -0.8577 0.23277
vn 0.45845 -0.8577 0.23277
vn 0.16916 -0.31648 -0.93339
vn 0.16916 -0.31648 -0.93339
vn 0.46998 -0.87927 0.07748
vn 0.46998 -0.87927 0.07748
vn 0.05839 -0.10924 0.9923
vn 0.05839 -0.10924 -0.9923
vn 0.46998 -0.87927 -0.07748
vn 0.16916 -0.31648 0.93339
vn 0.16916 -0.31648 0.93339
vn 0.45845 -0.8577 -0.23277
vn 0.26439 -0.49464 0.82791
vn 0.26439 -0.49464 0.82791
vn 0.43435 -0.81261 -0.38859
vn 0.43435 -0.81261 -0.38859
vn 0.33982 -0.63576 0.69306
vn 0.33982 -0.63576 0.69306
vn 0.39568 -0.74028 -0.54353
vn 0.39569 -0.74028 0.54353
vn 0.39568 -0.74028 0.54353
vn 0.10417 -0.3434 0.93339
vn 0.10417 -0.3434 0.93339
vn 0.28231 -0.93065 -0.23277
vn 0.28231 -0.93065 -0.23277
vn 0.16281 -0.53671 0.82791
vn 0.16281 -0.53671 0.82791
vn 0.26747 -0.88173 -0.38859
vn 0.26747 -0.88173 -0.38859
vn 0.20926 -0.68984 0.69306
vn 0.20926 -0.68984 0.69306
vn 0.24366 -0.80325 -0.54353
vn 0.24366 -0.80325 -0.54353
vn 0.24366 -0.80325 0.54353
vn 0.24366 -0.80325 0.54353
vn 0.20926 -0.68984 -0.69306
vn 0.20926 -0.68984 -0.69306
vn 0.26747 -0.88173 0.38859
vn 0.26747 -0.88173 0.38859
vn 0.16281 -0.53671 -0.82791
vn 0.16281 -0.53671 -0.82791
vn 0.28231 -0.93066 0.23277
vn 0.28231 -0.93065 0.23277
vn 0.10417 -0.3434 -0.93339
vn 0.10417 -0.3434 -0.93339
vn 0.28941 -0.95406 0.07748
vn 0.03596 -0.11853 0.9923
vn 0.03596 -0.11853 -0.9923
vn 0.28941 -0.95406 -0.07748
vn 0.28941 -0.95406 -0.07748
vn 0.09031 -0.91697 0.38859
vn 0.09031 -0.91697 0.38859
vn 0.05497 -0.55816 -0.82791
vn 0.05497 -0.55816 -0.82791
vn 0.09532 -0.96785 0.23277
vn 0.09532 -0.96785 0.23277
vn 0.03517 -0.35713 -0.93339
vn 0.03517 -0.35713 -0.93339
vn 0.09772 -0.99219 0.07748
vn 0.09772 -0.99219 0.07748
vn 0.01214 -0.12327 0.9923
vn 0.01214 -0.12327 -0.9923
vn 0.09772 -0.99219 -0.07748
vn 0.09772 -0.99219 -0.07748
vn 0.03517 -0.35713 0.93339
vn 0.03517 -0.35713 0.93339
vn 0.09532 -0.96785 -0.23277
vn 0.09532 -0.96785 -0.23277
vn 0.05497 -0.55816 0.82791
vn 0.05497 -0.55816 0.82791
vn 0.09031 -0.91697 -0.38859
vn 0.09031 -0.91697 -0.38859
vn 0.07066 -0.71741 0.69306
vn 0.07066 -0.71741 0.69306
vn 0.08228 -0.83535 -0.54353
vn 0.08227 -0.83535 -0.54353
vn 0.08227 -0.83535 0.54353
vn 0.08228 -0.83535 0.54353
vn 0.07066 -0.71741 -0.69306
vn 0.07066 -0.71741 -0.69306
vn -0.09532 -0.96785 -0.23277
vn -0.09532 -0.96785 -0.23277
vn -0.05497 -0.55816 0.82791
vn -0.05497 -0.55816 0.82791
vn -0.09031 -0.91697 -0.38859
vn -0.09031 -0.91697 -0.38859
vn -0.07066 -0.71741 0.69306
vn -0.07066 -0.71741 0.69306
vn -0.08227 -0.83535 -0.54353
vn -0.08228 -0.83535 -0.54353
vn -0.08228 -0.83535 0.54353
vn -0.08227 -0.83535 0.54353
vn -0.07066 -0.71741 -0.69306
vn -0.07066 -0.71741 -0.69306
vn -0.09031 -0.91697 0.38859
vn -0.09031 -0.91697 0.38859
vn -0.05497 -0.55816 -0.82791
vn -0.05497 -0.55816 -0.82791
vn -0.09532 -0.96785 0.23277
vn -0.09532 -0.96785 0.23277
vn -0.03517 -0.35713 -0.93339
vn -0.03517 -0.35713 -0.93339
vn -0.09772 -0.99219 0.07748
vn -0.09772 -0.99219 0.07748
vn -0.01214 -0.12327 0.9923
vn -0.01214 -0.12327 -0.9923
vn -0.09772 -0.99219 -0.07748
vn -0.09772 -0.99219 -0.07748
vn -0.03517 -0.35713 0.93339
vn -0.03517 -0.35713 0.93339
vn -0.16281 -0.53671 -0.82791
vn -0.16281 -0.53671 -0.82791
vn -0.28231 -0.93065 0.23277
vn -0.28231 -0.93065 0.23277
vn -0.10417 -0.3434 -0.93339
vn -0.10417 -0.3434 -0.93339
vn -0.28941 -0.95406 0.07748
vn -0.28941 -0.95406 0.07748
vn -0.03596 -0.11853 0.9923
vn -0.03596 -0.11853 -0.9923
vn -0.28941 -0.95406 -0.07748
vn -0.28941 -0.95406 -0.07748
vn -0.10417 -0.3434 0.93339
vn -0.10417 -0.3434 0.93339
vn -0.28231 -0.93065 -0.23277
vn -0.28231 -0.93065 -0.23277
vn -0.16281 -0.53671 0.82791
vn -0.16281 -0.53671 0.82791
vn -0.26747 -0.88173 -0.38859
vn -0.26747 -0.88173 -0.38859
vn -0.20926 -0.68984 0.69306
vn -0.20926 -0.68984 0.69306
vn -0.24366 -0.80325 -0.54353
vn -0.24366 -0.80325 -0.54353
vn -0.24366 -0.80325 0.54353
vn -0.24366 -0.80325 0.54353
vn -0.20926 -0.68984 -0.69306
vn -0.20926 -0.68984 -0.69306
vn -0.26747 -0.88173 0.38859
vn -0.26747 -0.88173 0.38859
vn -0.43435 -0.81261 -0.38859
vn -0.43435 -0.81261 -0.38859
vn -0.33982 -0.63576 0.69306
vn -0.33982 -0.63576 0.69306
vn -0.39569 -0.74028 -0.54353
vn -0.39569 -0.74027 -0.54353
vn -0.39569 -0.74028 0.54353
vn -0.39569 -0.74028 0.54353
vn -0.33982 -0.63576 -0.69306
vn -0.33982 -0.63576 -0.69306
vn -0.43435 -0.81261 0.38859
vn -0.43435 -0.81261 0.38859
vn -0.26439 -0.49463 -0.82791
vn -0.26439 -0.49464 -0.82791
vn -0.45845 -0.8577 0.23277
vn -0.45845 -0.8577 0.23277
vn -0.16916 -0.31648 -0.93339
vn -0.16916 -0.31648 -0.93339
vn -0.46998 -0.87927 0.07748
vn -0.46998 -0.87927 0.07748
vn -0.05839 -0.10924 0.9923
vn -0.05839 -0.10924 -0.9923
vn -0.46998 -0.87927 -0.07748
vn -0.46998 -0.87927 -0.07748
vn -0.16916 -0.31648 0.93339
vn -0.16916 -0.31648 0.93339
vn -0.45845 -0.8577 -0.23277
vn -0.45845 -0.8577 -0.23277
vn -0.26439 -0.49464 0.82791
vn -0.26439 -0.49464 0.82791
vn -0.22766 -0.2774 -0.93339
vn -0.22765 -0.2774 -0.93339
vn -0.63248 -0.77069 0.07748
vn -0.07858 -0.09575 0.9923
vn -0.07858 -0.09575 -0.9923
vn -0.22765 -0.2774 0.93339
vn -0.22766 -0.2774 0.93339
vn -0.61697 -0.75178 -0.23277
vn -0.61697 -0.75178 -0.23277
vn -0.35581 -0.43355 0.82791
vn -0.3558 -0.43355 0.82791
vn -0.58454 -0.71226 -0.38859
vn -0.58454 -0.71226 -0.38859
vn -0.45732 -0.55725 0.69306
vn -0.45732 -0.55725 0.69306
vn -0.5325 -0.64886 -0.54353
vn -0.5325 -0.64886 -0.54353
vn -0.5325 -0.64886 0.54353
vn -0.5325 -0.64886 0.54353
vn -0.45732 -0.55725 -0.69306
vn -0.45732 -0.55725 -0.69306
vn -0.58454 -0.71226 0.38859
vn -0.58454 -0.71226 0.38859
vn -0.35581 -0.43355 -0.82791
vn -0.35581 -0.43355 -0.82791
vn -0.61697 -0.75178 0.23277
vn -0.61697 -0.75178 0.23277
vn -0.55725 -0.45732 0.69306
vn -0.55725 -0.45732 0.69306
vn -0.64886 -0.5325 -0.54353
vn -0.64886 -0.5325 -0.54353
vn -0.64886 -0.5325 0.54353
vn -0.55725 -0.45732 -0.69306
vn -0.55725 -0.45732 -0.69306
vn -0.71226 -0.58454 0.38859
vn -0.71226 -0.58454 0.38859
vn -0.43355 -0.3558 -0.82791
vn -0.43355 -0.35581 -0.82791
vn -0.75178 -0.61697 0.23277
vn -0.75178 -0.61697 0.23277
vn -0.2774 -0.22766 -0.93339
vn -0.2774 -0.22765 -0.93339
vn -0.77069 -0.63248 0.07748
vn -0.77069 -0.63248 0.07748
vn -0.09575 -0.07858 0.9923
vn -0.09575 -0.07858 -0.9923
vn -0.77069 -0.63248 -0.07748
vn -0.77069 -0.63248 -0.07748
vn -0.2774 -0.22765 0.93339
vn -0.2774 -0.22766 0.93339
vn -0.75178 -0.61697 -0.23277
vn -0.75178 -0.61697 -0.23277
vn -0.43355 -0.35581 0.82791
vn -0.43355 -0.3558 0.82791
vn -0.71226 -0.58454 -0.38859
vn -0.71226 -0.58454 -0.38859
vn -0.87927 -0.46998 0.07748
vn -0.10924 -0.05839 0.9923
vn -0.10924 -0.05839 -0.9923
vn -0.87927 -0.46998 -0.07748
vn -0.87927 -0.46998 -0.07748
vn -0.31648 -0.16916 0.93339
vn -0.31648 -0.16916 0.93339
vn -0.8577 -0.45845 -0.23277
vn -0.8577 -0.45845 -0.23277
vn -0.49463 -0.26439 0.82791
vn -0.49464 -0.26439 0.82791
vn -0.81261 -0.43435 -0.38859
vn -0.81261 -0.43435 -0.38859
vn -0.63576 -0.33982 0.69306
vn -0.63576 -0.33982 0.69306
vn -0.74028 -0.39569 -0.54353
vn -0.74028 -0.39568 -0.54353
vn -0.74028 -0.39569 0.54353
vn -0.74028 -0.39569 0.54353
vn -0.63576 -0.33982 -0.69306
vn -0.63576 -0.33982 -0.69306
vn -0.81261 -0.43435 0.38859
vn -0.81261 -0.43435 0.38859
vn -0.49464 -0.26439 -0.82791
vn -0.49464 -0.26439 -0.82791
vn -0.8577 -0.45845 0.23277
vn -0.31648 -0.16916 -0.93339
vn -0.31648 -0.16916 -0.93339
vn -0.80325 -0.24366 -0.54353
vn -0.80325 -0.24366 -0.54353
vn -0.80325 -0.24366 0.54353
vn -0.80325 -0.24366 0.54353
vn -0.68984 -0.20926 -0.69306
vn -0.68984 -0.20926 -0.69306
vn -0.88174 -0.26747 0.38859
vn -0.88173 -0.26747 0.38859
vn -0.53671 -0.16281 -0.82791
vn -0.53671 -0.16281 -0.82791
vn -0.93066 -0.28231 0.23277
vn -0.3434 -0.10417 -0.93339
vn -0.3434 -0.10417 -0.93339
vn -0.95406 -0.28941 0.07748
vn -0.95406 -0.28941 0.07748
vn -0.11853 -0.03596 0.9923
vn -0.11853 -0.03596 -0.9923
vn -0.95406 -0.28941 -0.07748
vn -0.95406 -0.28941 -0.07748
vn -0.3434 -0.10417 0.93339
vn -0.3434 -0.10417 0.93339
vn -0.93066 -0.28231 -0.23277
vn -0.93066 -0.28231 -0.23277
vn -0.53671 -0.16281 0.82791
vn -0.53671 -0.16281 0.82791
vn -0.88173 -0.26747 -0.38859
vn -0.88173 -0.26747 -0.38859
vn -0.68984 -0.20926 0.69306
vn -0.68984 -0.20926 0.69306
vn -0.12327 -0.01214 0.9923
vn -0.12327 -0.01214 -0.9923
vn -0.99219 -0.09772 -0.07748
vn -0.99219 -0.09772 -0.07748
vn -0.35713 -0.03517 0.93339
vn -0.35713 -0.03518 0.93339
vn -0.96785 -0.09533 -0.23277
vn -0.96785 -0.09532 -0.23277
vn -0.55816 -0.05498 0.82791
vn -0.55816 -0.05497 0.82791
vn -0.91697 -0.09031 -0.38859
vn -0.91697 -0.09031 -0.38859
vn -0.71741 -0.07066 0.69306
vn -0.71741 -0.07066 0.69306
vn -0.83535 -0.08227 -0.54353
vn -0.83535 -0.08228 0.54353
vn -0.83535 -0.08228 0.54353
vn -0.71741 -0.07066 -0.69306
vn -0.71741 -0.07066 -0.69306
vn -0.91697 -0.09032 0.38859
vn -0.55816 -0.05497 -0.82791
vn -0.55816 -0.05497 -0.82791
vn -0.96785 -0.09532 0.23277
vn -0.96785 -0.09533 0.23277
vn -0.35712 -0.03517 -0.93339
vn -0.35713 -0.03518 -0.93339
vn -0.99219 -0.09772 0.07748
vn -0.99219 -0.09772 0.07748
vn -0.83535 0.08228 0.54353
vn -0.83535 0.08228 0.54353
vn -0.71741 0.07066 -0.69306
vn -0.71741 0.07066 -0.69306
vn -0.91697 0.09031 0.38859
vn -0.55816 0.05497 -0.82791
vn -0.55816 0.05497 -0.82791
vn -0.96785 0.09532 0.23277
vn -0.96785 0.09533 0.23277
vn -0.35713 0.03517 -0.93339
vn -0.35712 0.03518 -0.93339
vn -0.99219 0.09772 0.07748
vn -0.99219 0.09772 0.07748
vn -0.12327 0.01214 0.9923
vn -0.12327 0.01214 -0.9923
vn -0.99219 0.09772 -0.07748
vn -0.99219 0.09772 -0.07748
vn -0.35713 0.03518 0.93339
vn -0.35713 0.03518 0.93339
vn -0.96785 0.09533 -0.23277
vn -0.96785 0.09532 -0.23277
vn -0.55816 0.05498 0.82791
vn -0.55816 0.05497 0.82791
vn -0.91697 0.09031 -0.38859
vn -0.91697 0.09031 -0.38859
vn -0.71741 0.07066 0.69306
vn -0.71741 0.07066 0.69306
vn -0.83535 0.08227 -0.54353
vn -0.83535 0.08228 -0.54353
vn -0.95406 0.28941 -0.07748
vn -0.95406 0.28941 -0.07748
vn -0.3434 0.10417 0.93339
vn -0.3434 0.10417 0.93339
vn -0.93066 0.28231 -0.23277
vn -0.93066 0.28231 -0.23277
vn -0.53671 0.16281 0.82791
vn -0.53671 0.16281 0.82791
vn -0.88173 0.26747 -0.38859
vn -0.88173 0.26747 -0.38859
vn -0.68984 0.20926 0.69306
vn -0.68984 0.20926 0.69306
vn -0.80325 0.24366 -0.54353
vn -0.80325 0.24366 -0.54353
vn -0.80325 0.24366 0.54353
vn -0.80325 0.24366 0.54353
vn -0.68984 0.20926 -0.69306
vn -0.68984 0.20926 -0.69306
vn -0.88173 0.26747 0.38859
vn -0.88173 0.26747 0.38859
vn -0.53671 0.16281 -0.82791
vn -0.53671 0.16281 -0.82791
vn -0.93066 0.28231 0.23277
vn -0.93066 0.28231 0.23277
vn -0.3434 0.10417 -0.93339
vn -0.3434 0.10417 -0.93339
vn -0.95406 0.28941 0.07748
vn -0.95406 0.28941 0.07748
vn -0.11853 0.03596 0.9923
vn -0.11853 0.03596 -0.9923
vn -0.63576 0.33982 -0.69306
vn -0.63576 0.33982 -0.69306
vn -0.81261 0.43435 0.38859
vn -0.81261 0.43435 0.38859
vn -0.49464 0.26439 -0.82791
vn -0.49463 0.26439 -0.82791
vn -0.8577 0.45845 0.23277
vn -0.8577 0.45845 0.23277
vn -0.31648 0.16916 -0.93339
vn -0.31648 0.16916 -0.93339
vn -0.87927 0.46998 0.07748
vn -0.87927 0.46998 0.07748
vn -0.10924 0.05839 0.9923
vn -0.10924 0.05839 -0.9923
vn -0.87927 0.46998 -0.07748
vn -0.87927 0.46998 -0.07748
vn -0.31648 0.16916 0.93339
vn -0.31648 0.16916 0.93339
vn -0.8577 0.45845 -0.23277
vn -0.85769 0.45845 -0.23277
vn -0.49463 0.26439 0.82791
vn -0.49463 0.26439 0.82791
vn -0.81261 0.43435 -0.38859
vn -0.81261 0.43435 -0.38859
vn -0.63576 0.33982 0.69306
vn -0.63576 0.33982 0.69306
vn -0.74028 0.39569 -0.54353
vn -0.74028 0.39569 -0.54353
vn -0.74028 0.39568 0.54353
vn -0.74028 0.39569 0.54353
vn -0.75178 0.61697 -0.23277
vn -0.43355 0.35581 0.82791
vn -0.43355 0.35581 0.82791
vn -0.71226 0.58453 -0.38859
vn -0.71226 0.58454 -0.38859
vn -0.55724 0.45732 0.69306
vn -0.55725 0.45732 0.69306
vn -0.64886 0.5325 -0.54353
vn -0.64886 0.5325 -0.54353
vn -0.64886 0.5325 0.54353
vn -0.64886 0.5325 0.54353
vn -0.55725 0.45732 -0.69306
vn -0.55724 0.45732 -0.69306
vn -0.71226 0.58454 0.38859
vn -0.71226 0.58454 0.38859
vn -0.43355 0.35581 -0.82791
vn -0.43355 0.35581 -0.82791
vn -0.75178 0.61697 0.23277
vn -0.75178 0.61697 0.23277
vn -0.2774 0.22765 -0.93339
vn -0.2774 0.22766 -0.93339
vn -0.09575 0.07858 0.9923
vn -0.09575 0.07858 -0.9923
vn -0.2774 0.22766 0.93339
vn -0.2774 0.22765 0.93339
vn -0.35581 0.43355 -0.82791
vn -0.3558 0.43355 -0.82791
vn -0.61697 0.75178 0.23277
vn -0.61697 0.75178 0.23277
vn -0.22765 0.2774 -0.93339
vn -0.22765 0.2774 -0.93339
vn -0.07858 0.09575 0.9923
vn -0.07858 0.09575 -0.9923
vn -0.22766 0.27739 0.93339
vn -0.22766 0.2774 0.93339
vn -0.61697 0.75178 -0.23277
vn -0.61697 0.75178 -0.23277
vn -0.35581 0.43355 0.82791
vn -0.35581 0.43355 0.82791
vn -0.58454 0.71226 -0.38859
vn -0.58454 0.71226 -0.38859
vn -0.45732 0.55724 0.69306
vn -0.45732 0.55725 0.69306
vn -0.53251 0.64886 -0.54353
vn -0.5325 0.64886 -0.54353
vn -0.5325 0.64886 0.54353
vn -0.5325 0.64886 0.54353
vn -0.45732 0.55725 -0.69306
vn -0.45732 0.55725 -0.69306
vn -0.58454 0.71226 0.38859
vn -0.58454 0.71226 0.38859
vn -0.26439 0.49464 0.82791
vn -0.26439 0.49464 0.82791
vn -0.43435 0.81261 -0.38859
vn -0.43435 0.81261 -0.38859
vn -0.33982 0.63576 0.69306
vn -0.33982 0.63576 0.69306
vn -0.39568 0.74028 -0.54353
vn -0.39569 0.74028 -0.54353
vn -0.39569 0.74028 0.54353
vn -0.33982 0.63576 -0.69306
vn -0.33982 0.63576 -0.69306
vn -0.43435 0.81261 0.38859
vn -0.43435 0.81261 0.38859
vn -0.26439 0.49463 -0.82791
vn -0.26439 0.49463 -0.82791
vn -0.45845 0.8577 0.23277
vn -0.45845 0.8577 0.23277
vn -0.16916 0.31648 -0.93339
vn -0.16916 0.31648 -0.93339
vn -0.46998 0.87927 0.07748
vn -0.46998 0.87927 0.07748
vn -0.05839 0.10924 0.9923
vn -0.05839 0.10924 -0.9923
vn -0.46998 0.87927 -0.07748
vn -0.16916 0.31648 0.93339
vn -0.16916 0.31648 0.93339
vn -0.45845 0.8577 -0.23277
vn -0.45845 0.8577 -0.23277
vn -0.28231 0.93066 0.23277
vn -0.28231 0.93065 0.23277
vn -0.10417 0.3434 -0.93339
vn -0.10417 0.3434 -0.93339
vn -0.28941 0.95406 0.07748
vn -0.03596 0.11853 0.9923
vn -0.03596 0.11853 -0.9923
vn -0.28941 0.95406 -0.07748
vn -0.28941 0.95406 -0.07748
vn -0.10417 0.3434 0.93339
vn -0.10417 0.3434 0.93339
vn -0.28231 0.93065 -0.23277
vn -0.28231 0.93065 -0.23277
vn -0.16281 0.53671 0.82791
vn -0.16281 0.53671 0.82791
vn -0.26747 0.88174 -0.38859
vn -0.26747 0.88174 -0.38859
vn -0.20926 0.68984 0.69306
vn -0.20926 0.68984 0.69306
vn -0.24366 0.80325 -0.54353
vn -0.24366 0.80325 -0.54353
vn -0.24366 0.80325 0.54353
vn -0.24366 0.80325 0.54353
vn -0.20926 0.68984 -0.69306
vn -0.20926 0.68984 -0.69306
vn -0.26747 0.88173 0.38859
vn -0.26747 0.88174 0.38859
vn -0.16281 0.53671 -0.82791
vn -0.16281 0.53671 -0.82791
vn -0.09032 0.91697 -0.38859
vn -0.09032 0.91697 -0.38859
vn -0.07066 0.71741 0.69306
vn -0.07066 0.71741 0.69306
vn -0.08228 0.83535 -0.54353
vn -0.08228 0.83535 0.54353
vn -0.08228 0.83535 0.54353
vn -0.07066 0.71741 -0.69306
vn -0.07066 0.71741 -0.69306
vn -0.09032 0.91697 0.38859
vn -0.09031 0.91697 0.38859
vn -0.05497 0.55816 -0.82791
vn -0.05497 0.55816 -0.82791
vn -0.09532 0.96785 0.23277
vn -0.09533 0.96785 0.23277
vn -0.03517 0.35713 -0.93339
vn -0.03517 0.35713 -0.93339
vn -0.09773 0.99219 0.07748
vn -0.09772 0.99219 0.07748
vn -0.01214 0.12327 0.9923
vn -0.01214 0.12327 -0.9923
vn -0.09773 0.99219 -0.07748
vn -0.03517 0.35713 0.93339
vn -0.03517 0.35713 0.93339
vn -0.09533 0.96785 -0.23277
vn -0.09533 0.96785 -0.23277
vn -0.05497 0.55816 0.82791
vn -0.05497 0.55816 0.82791
vn 0.03616 0.90386 -0.4263
vn 0.03616 0.90386 -0.4263
vn 0.03986 0.9963 0.07619
vn 0.03986 0.9963 0.07619
vn 0.03076 0.76872 -0.63885
vn 0.03075 0.76872 -0.63885
vn 0.03996 0.99889 0.0248
vn 0.03996 0.99889 0.0248
vn 0.01456 0.36386 0.93134
vn 0.01456 0.36386 -0.93134
vn 0.03996 0.99889 -0.0248
vn 0.03996 0.99889 -0.0248
vn 0.03075 0.76872 0.63885
vn 0.03076 0.76872 0.63885
vn 0.03986 0.9963 -0.07619
vn 0.03986 0.9963 -0.07619
vn 0.03616 0.90386 0.4263
vn 0.03616 0.90386 0.4263
vn 0.03962 0.99026 -0.13344
vn 0.03962 0.99026 -0.13344
vn 0.03822 0.95522 0.29342
vn 0.03821 0.95522 0.29343
vn 0.03915 0.97851 -0.20245
vn 0.03914 0.97851 -0.20244
vn 0.03914 0.97851 0.20245
vn 0.03915 0.97851 0.20244
vn 0.03821 0.95522 -0.29342
vn 0.03822 0.95522 -0.29343
vn 0.03962 0.99027 0.13344
vn 0.03962 0.99027 0.13344
vn 0.1196 0.97061 0.20883
vn 0.1196 0.97061 0.20884
vn 0.11658 0.94608 -0.30224
vn 0.11657 0.94608 -0.30223
vn 0.12113 0.98303 0.13776
vn 0.12113 0.98303 0.13776
vn 0.10996 0.89237 -0.4377
vn 0.10996 0.89237 -0.4377
vn 0.12192 0.98942 0.07869
vn 0.12192 0.98942 0.07869
vn 0.09282 0.75332 -0.65107
vn 0.09283 0.75332 -0.65107
vn 0.12226 0.99217 0.02562
vn 0.12226 0.99217 0.02562
vn 0.0433 0.35134 0.93525
vn 0.0433 0.35134 -0.93524
vn 0.12226 0.99217 -0.02562
vn 0.12226 0.99217 -0.02562
vn 0.09283 0.75332 0.65107
vn 0.09282 0.75332 0.65107
vn 0.12192 0.98942 -0.07869
vn 0.12192 0.98942 -0.07869
vn 0.10996 0.89237 0.4377
vn 0.10996 0.89237 0.4377
vn 0.12113 0.98303 -0.13776
vn 0.12113 0.98303 -0.13776
vn 0.11657 0.94608 0.30223
vn 0.11658 0.94608 0.30223
vn 0.1196 0.97061 -0.20883
vn 0.1196 0.97061 -0.20884
vn 0.2121 0.97686 -0.02737
vn 0.2121 0.97686 -0.02737
vn 0.15642 0.72046 0.67563
vn 0.15643 0.72045 0.67563
vn 0.21143 0.97377 -0.08403
vn 0.21143 0.97377 -0.08403
vn 0.18824 0.86698 0.46142
vn 0.18824 0.86698 0.46142
vn 0.20988 0.96662 -0.14698
vn 0.20987 0.96662 -0.14698
vn 0.20097 0.92557 0.32083
vn 0.20096 0.92557 0.32083
vn 0.20686 0.95275 -0.22243
vn 0.20686 0.95275 -0.22243
vn 0.20686 0.95275 0.22243
vn 0.20686 0.95275 0.22243
vn 0.20096 0.92557 -0.32083
vn 0.20097 0.92557 -0.32083
vn 0.20987 0.96662 0.14698
vn 0.20988 0.96662 0.14698
vn 0.18824 0.86698 -0.46142
vn 0.18824 0.86698 -0.46142
vn 0.21143 0.97377 0.08403
vn 0.21143 0.97377 0.08403
vn 0.15643 0.72045 -0.67563
vn 0.15642 0.72046 -0.67562
vn 0.2121 0.97686 0.02737
vn 0.2121 0.97686 0.02737
vn 0.07085 0.32635 0.94259
vn 0.07085 0.32635 -0.94259
vn 0.2961 0.88822 -0.35126
vn 0.2961 0.88822 -0.35127
vn 0.31206 0.93608 0.16239
vn 0.31206 0.93608 0.16239
vn 0.27404 0.82204 -0.49914
vn 0.27404 0.82205 -0.49914
vn 0.31488 0.94456 0.09299
vn 0.31489 0.94456 0.09299
vn 0.22196 0.66581 -0.71235
vn 0.22196 0.6658 -0.71235
vn 0.31611 0.94824 0.03031
vn 0.31611 0.94824 0.03031
vn 0.09636 0.28903 0.95246
vn 0.09636 0.28903 -0.95246
vn 0.31611 0.94824 -0.03031
vn 0.31611 0.94824 -0.03031
vn 0.22196 0.6658 0.71235
vn 0.22196 0.6658 0.71235
vn 0.31489 0.94456 -0.09299
vn 0.31488 0.94456 -0.09299
vn 0.27404 0.82204 0.49914
vn 0.27404 0.82204 0.49914
vn 0.31206 0.93608 -0.16239
vn 0.31206 0.93608 -0.16239
vn 0.2961 0.88822 0.35126
vn 0.2961 0.88822 0.35126
vn 0.30662 0.91976 -0.24499
vn 0.30662 0.91977 -0.24498
vn 0.30662 0.91977 0.24498
vn 0.30662 0.91976 0.24498
vn 0.44106 0.89109 -0.1069
vn 0.44106 0.89109 -0.1069
vn 0.36971 0.74693 0.55264
vn 0.36971 0.74693 0.55264
vn 0.43585 0.88056 -0.18614
vn 0.43585 0.88056 -0.18614
vn 0.40725 0.82277 0.39648
vn 0.40725 0.82277 0.39648
vn 0.42595 0.86056 -0.2793
vn 0.42595 0.86056 -0.2793
vn 0.42595 0.86056 0.2793
vn 0.42595 0.86056 0.2793
vn 0.40725 0.82277 -0.39648
vn 0.40725 0.82277 -0.39648
vn 0.43585 0.88056 0.18614
vn 0.43585 0.88056 0.18614
vn 0.36971 0.74693 -0.55264
vn 0.36971 0.74693 -0.55264
vn 0.44106 0.89109 0.1069
vn 0.44106 0.89109 0.1069
vn 0.28845 0.58275 -0.75973
vn 0.28845 0.58275 -0.75973
vn 0.44333 0.89568 0.03489
vn 0.44333 0.89568 0.03489
vn 0.11877 0.23996 0.96349
vn 0.11877 0.23996 -0.96349
vn 0.44333 0.89568 -0.03489
vn 0.44333 0.89568 -0.03489
vn 0.28845 0.58275 0.75973
vn 0.47414 0.62391 -0.62122
vn 0.47415 0.62391 -0.62123
vn 0.60013 0.78968 0.12749
vn 0.60013 0.78968 0.12749
vn 0.35221 0.46345 -0.81312
vn 0.3522 0.46348 -0.81311
vn 0.60454 0.79548 0.0417
vn 0.60454 0.79548 0.0417
vn 0.13698 0.18026 0.97403
vn 0.13698 0.18026 -0.97403
vn 0.60454 0.79548 -0.0417
vn 0.60454 0.79548 -0.0417
vn 0.3522 0.46347 0.81311
vn 0.35221 0.46346 0.81311
vn 0.60013 0.78968 -0.12749
vn 0.60013 0.78968 -0.12749
vn 0.47415 0.62391 0.62123
vn 0.47414 0.62391 0.62122
vn 0.59012 0.77651 -0.2209
vn 0.59011 0.77651 -0.22089
vn 0.53762 0.70745 0.45878
vn 0.53763 0.70744 0.45878
vn 0.57149 0.75201 -0.32845
vn 0.57149 0.75201 -0.32846
vn 0.57149 0.75201 0.32846
vn 0.57149 0.75201 0.32846
vn 0.53763 0.70744 -0.45878
vn 0.53763 0.70745 -0.45878
vn 0.59011 0.77651 0.2209
vn 0.59012 0.77651 0.22089
vn 0.57585 0.43002 0.69533
vn 0.57585 0.43002 0.69533
vn 0.77228 0.57672 -0.26642
vn 0.77228 0.57672 -0.26642
vn 0.67789 0.50622 0.53312
vn 0.67788 0.50622 0.53312
vn 0.73756 0.5508 -0.39067
vn 0.73757 0.55079 -0.39067
vn 0.73757 0.55079 0.39067
vn 0.73756 0.5508 0.39067
vn 0.67788 0.50622 -0.53312
vn 0.67789 0.50622 -0.53312
vn 0.77228 0.57672 0.26642
vn 0.77228 0.57672 0.26642
vn 0.57585 0.43002 -0.69533
vn 0.57585 0.43002 -0.69533
vn 0.79156 0.59112 0.15498
vn 0.79156 0.59112 0.15498
vn 0.40541 0.30274 -0.86255
vn 0.40541 0.30273 -0.86255
vn 0.8002 0.59757 0.05087
vn 0.8002 0.59757 0.05087
vn 0.14991 0.11194 0.98234
vn 0.14991 0.11194 -0.98234
vn 0.8002 0.59757 -0.05087
vn 0.8002 0.59757 -0.05087
vn 0.40541 0.30273 0.86255
vn 0.40541 0.30274 0.86255
vn 0.79156 0.59112 -0.15498
vn 0.79156 0.59112 -0.15498
vn 0.95597 0.23179 0.17997
vn 0.95597 0.23178 0.17997
vn 0.43667 0.10588 -0.89337
vn 0.43667 0.10585 -0.89337
vn 0.97013 0.23522 0.0593
vn 0.97013 0.23523 0.0593
vn 0.15663 0.03797 0.98693
vn 0.15663 0.03797 -0.98693
vn 0.97013 0.23523 -0.0593
vn 0.97013 0.23522 -0.0593
vn 0.43667 0.10585 0.89337
vn 0.43667 0.10588 0.89337
vn 0.95597 0.23178 -0.17997
vn 0.95597 0.23179 -0.17997
vn 0.64457 0.15629 0.7484
vn 0.64457 0.15628 0.7484
vn 0.92496 0.22427 -0.30683
vn 0.92497 0.22426 -0.30683
vn 0.7831 0.18987 0.5922
vn 0.78311 0.18986 0.5922
vn 0.87099 0.21117 -0.44361
vn 0.87099 0.21117 -0.44361
vn 0.87098 0.21117 0.44361
vn 0.87098 0.21117 0.44361
vn 0.7831 0.18986 -0.5922
vn 0.7831 0.18987 -0.5922
vn 0.92497 0.22426 0.30683
vn 0.92496 0.22427 0.30683
vn 0.64457 0.15628 -0.7484
vn 0.64457 0.15629 -0.7484
vn 0.92496 -0.22427 -0.30683
vn 0.92497 -0.22426 -0.30683
vn 0.7831 -0.18987 0.5922
vn 0.7831 -0.18987 0.5922
vn 0.87098 -0.21117 -0.44361
vn 0.87098 -0.21117 -0.44361
vn 0.87098 -0.21117 0.44361
vn 0.87098 -0.21117 0.44361
vn 0.78311 -0.18987 -0.5922
vn 0.7831 -0.18987 -0.5922
vn 0.92496 -0.22426 0.30683
vn 0.92496 -0.22427 0.30683
vn 0.64457 -0.15628 -0.7484
vn 0.64457 -0.1563 -0.7484
vn 0.95597 -0.23179 0.17997
vn 0.95597 -0.23179 0.17997
vn 0.43667 -0.10588 -0.89337
vn 0.43667 -0.10586 -0.89337
vn 0.97013 -0.23522 0.0593
vn 0.97013 -0.23523 0.0593
vn 0.15663 -0.03797 0.98693
vn 0.15663 -0.03797 -0.98693
vn 0.97013 -0.23523 -0.0593
vn 0.97013 -0.23522 -0.0593
vn 0.43667 -0.10586 0.89337
vn 0.43667 -0.10589 0.89337
vn 0.95597 -0.23179 -0.17997
vn 0.95597 -0.23179 -0.17997
vn 0.64457 -0.1563 0.7484
vn 0.64457 -0.15628 0.7484
vn 0.40541 -0.30274 -0.86255
vn 0.4054 -0.30274 -0.86255
vn 0.8002 -0.59757 0.05087
vn 0.8002 -0.59757 0.05087
vn 0.14991 -0.11195 0.98234
vn 0.14991 -0.11195 -0.98234
vn 0.8002 -0.59757 -0.05087
vn 0.8002 -0.59757 -0.05087
vn 0.40541 -0.30274 0.86255
vn 0.40541 -0.30274 0.86255
vn 0.79156 -0.59112 -0.15497
vn 0.79156 -0.59112 -0.15497
vn 0.57585 -0.43002 0.69533
vn 0.57585 -0.43002 0.69533
vn 0.77228 -0.57672 -0.26642
vn 0.77228 -0.57672 -0.26642
vn 0.67788 -0.50622 0.53311
vn 0.67788 -0.50623 0.53311
vn 0.73757 -0.55079 -0.39067
vn 0.73756 -0.5508 -0.39067
vn 0.73756 -0.5508 0.39067
vn 0.73756 -0.55079 0.39067
vn 0.67788 -0.50623 -0.53311
vn 0.67789 -0.50622 -0.53311
vn 0.77228 -0.57672 0.26642
vn 0.77228 -0.57672 0.26642
vn 0.57585 -0.43002 -0.69533
vn 0.57585 -0.43002 -0.69533
vn 0.79156 -0.59112 0.15497
vn 0.79156 -0.59112 0.15498
vn 0.53763 -0.70745 0.45878
vn 0.53763 -0.70744 0.45878
vn 0.57149 -0.75201 -0.32846
vn 0.5715 -0.752 -0.32846
vn 0.5715 -0.752 0.32846
vn 0.57149 -0.75201 0.32846
vn 0.53763 -0.70744 -0.45878
vn 0.53762 -0.70745 -0.45878
vn 0.59011 -0.77651 0.22089
vn 0.59012 -0.77651 0.22089
vn 0.47414 -0.62391 -0.62122
vn 0.47415 -0.62391 -0.62122
vn 0.60012 -0.78968 0.12749
vn 0.60012 -0.78968 0.12749
vn 0.35221 -0.46345 -0.81312
vn 0.35221 -0.46345 -0.81312
vn 0.60454 -0.79549 0.0417
vn 0.60454 -0.79548 0.0417
vn 0.13699 -0.18025 0.97403
vn 0.13699 -0.18025 -0.97403
vn 0.60454 -0.79548 -0.0417
vn 0.60454 -0.79549 -0.0417
vn 0.35221 -0.46345 0.81312
vn 0.35221 -0.46346 0.81312
vn 0.60012 -0.78968 -0.12749
vn 0.60013 -0.78968 -0.12749
vn 0.47415 -0.62391 0.62123
vn 0.47414 -0.62391 0.62122
vn 0.59012 -0.77651 -0.2209
vn 0.59011 -0.77651 -0.2209
vn 0.44333 -0.89568 0.03489
vn 0.44333 -0.89568 0.03489
vn 0.11877 -0.23996 0.96349
vn 0.11877 -0.23996 -0.96349
vn 0.44333 -0.89568 -0.03489
vn 0.44333 -0.89568 -0.03489
vn 0.28844 -0.58277 0.75972
vn 0.28845 -0.58275 0.75973
vn 0.44106 -0.89109 -0.1069
vn 0.44106 -0.89109 -0.1069
vn 0.36971 -0.74693 0.55264
vn 0.36971 -0.74693 0.55264
vn 0.43585 -0.88056 -0.18614
vn 0.43585 -0.88056 -0.18614
vn 0.40725 -0.82277 0.39648
vn 0.40724 -0.82278 0.39648
vn 0.42595 -0.86056 -0.2793
vn 0.42594 -0.86056 -0.2793
vn 0.42594 -0.86056 0.2793
vn 0.42595 -0.86056 0.2793
vn 0.40724 -0.82278 -0.39648
vn 0.40725 -0.82277 -0.39648
vn 0.43585 -0.88056 0.18613
vn 0.43585 -0.88056 0.18614
vn 0.36971 -0.74693 -0.55264
vn 0.36971 -0.74693 -0.55264
vn 0.44106 -0.89109 0.1069
vn 0.44106 -0.89109 0.1069
vn 0.28845 -0.58276 -0.75973
vn 0.28844 -0.58277 -0.75973
vn 0.30662 -0.91977 -0.24498
vn 0.30662 -0.91976 -0.24498
vn 0.30662 -0.91976 0.24499
vn 0.30662 -0.91977 0.24498
vn 0.2961 -0.88822 -0.35126
vn 0.2961 -0.88822 -0.35126
vn 0.31206 -0.93608 0.16239
vn 0.31206 -0.93608 0.16239
vn 0.27404 -0.82204 -0.49914
vn 0.27404 -0.82205 -0.49914
vn 0.31489 -0.94456 0.09299
vn 0.31489 -0.94456 0.09299
vn 0.22196 -0.6658 -0.71235
vn 0.22195 -0.66581 -0.71235
vn 0.31611 -0.94824 0.03031
vn 0.31611 -0.94824 0.03031
vn 0.09635 -0.28904 0.95245
vn 0.09635 -0.28904 -0.95245
vn 0.31611 -0.94824 -0.03031
vn 0.31611 -0.94824 -0.03031
vn 0.22195 -0.66581 0.71235
vn 0.22196 -0.6658 0.71235
vn 0.31489 -0.94456 -0.09299
vn 0.31489 -0.94456 -0.09299
vn 0.27404 -0.82205 0.49914
vn 0.27404 -0.82204 0.49914
vn 0.31206 -0.93608 -0.16239
vn 0.31206 -0.93608 -0.16239
vn 0.2961 -0.88822 0.35126
vn 0.2961 -0.88822 0.35126
vn 0.07086 -0.32634 -0.94259
vn 0.2121 -0.97686 -0.02737
vn 0.2121 -0.97686 -0.02737
vn 0.15644 -0.72044 0.67564
vn 0.15643 -0.72045 0.67563
vn 0.21143 -0.97377 -0.08403
vn 0.21143 -0.97377 -0.08403
vn 0.18824 -0.86698 0.46142
vn 0.18824 -0.86698 0.46142
vn 0.20988 -0.96662 -0.14698
vn 0.20988 -0.96662 -0.14698
vn 0.20097 -0.92557 0.32083
vn 0.20096 -0.92557 0.32083
vn 0.20687 -0.95275 -0.22243
vn 0.20687 -0.95275 -0.22243
vn 0.20687 -0.95275 0.22243
vn 0.20687 -0.95275 0.22243
vn 0.20096 -0.92557 -0.32083
vn 0.20097 -0.92557 -0.32083
vn 0.20988 -0.96662 0.14698
vn 0.20988 -0.96662 0.14698
vn 0.18824 -0.86698 -0.46142
vn 0.18824 -0.86698 -0.46142
vn 0.21143 -0.97377 0.08403
vn 0.21143 -0.97377 0.08403
vn 0.15643 -0.72045 -0.67563
vn 0.15644 -0.72045 -0.67563
vn 0.2121 -0.97686 0.02737
vn 0.2121 -0.97686 0.02737
vn 0.07086 -0.32634 0.94259
vn 0.11658 -0.94608 -0.30223
vn 0.11657 -0.94608 -0.30223
vn 0.12113 -0.98303 0.13776
vn 0.12113 -0.98303 0.13776
vn 0.10996 -0.89237 -0.4377
vn 0.10996 -0.89237 -0.4377
vn 0.12192 -0.98942 0.07869
vn 0.12192 -0.98942 0.07869
vn 0.09282 -0.75332 -0.65107
vn 0.09282 -0.75332 -0.65107
vn 0.12226 -0.99217 0.02562
vn 0.12226 -0.99217 0.02562
vn 0.04329 -0.35135 0.93524
vn 0.04329 -0.35135 -0.93524
vn 0.12226 -0.99217 -0.02562
vn 0.12226 -0.99217 -0.02562
vn 0.09282 -0.75332 0.65107
vn 0.09282 -0.75332 0.65107
vn 0.12192 -0.98942 -0.07869
vn 0.12192 -0.98942 -0.07869
vn 0.10996 -0.89237 0.4377
vn 0.10996 -0.89237 0.4377
vn 0.12113 -0.98303 -0.13776
vn 0.12113 -0.98303 -0.13776
vn 0.11657 -0.94608 0.30223
vn 0.11658 -0.94608 0.30223
vn 0.1196 -0.97061 -0.20884
vn 0.1196 -0.97061 -0.20884
vn 0.1196 -0.97061 0.20884
vn 0.1196 -0.97061 0.20884
vn 0.03075 -0.76872 0.63884
vn 0.03076 -0.76872 0.63885
vn 0.03986 -0.9963 -0.07619
vn 0.03986 -0.9963 -0.07619
vn 0.03616 -0.90386 0.4263
vn 0.03616 -0.90386 0.4263
vn 0.03962 -0.99027 -0.13344
vn 0.03962 -0.99027 -0.13344
vn 0.03822 -0.95522 0.29342
vn 0.03822 -0.95522 0.29342
vn 0.03915 -0.97851 -0.20245
vn 0.03915 -0.97851 -0.20245
vn 0.03915 -0.97851 0.20245
vn 0.03915 -0.97851 0.20245
vn 0.03822 -0.95522 -0.29342
vn 0.03822 -0.95522 -0.29342
vn 0.03962 -0.99026 0.13344
vn 0.03962 -0.99027 0.13344
vn 0.03616 -0.90386 -0.4263
vn 0.03616 -0.90386 -0.4263
vn 0.03986 -0.9963 0.07619
vn 0.03986 -0.9963 0.07619
vn 0.03076 -0.76872 -0.63885
vn 0.03075 -0.76872 -0.63885
vn 0.03996 -0.99889 0.0248
vn 0.03996 -0.99889 0.0248
vn 0.01456 -0.36386 0.93134
vn 0.01456 -0.36386 -0.93134
vn 0.03996 -0.99889 -0.0248
vn 0.03996 -0.99889 -0.0248
vn -0.03962 -0.99027 0.13344
vn -0.03962 -0.99027 0.13344
vn -0.03616 -0.90386 -0.4263
vn -0.03616 -0.90386 -0.4263
vn -0.03986 -0.9963 0.07619
vn -0.03986 -0.9963 0.07619
vn -0.03075 -0.76872 -0.63885
vn -0.03075 -0.76872 -0.63885
vn -0.03996 -0.99889 0.0248
vn -0.03996 -0.99889 0.0248
vn -0.01456 -0.36386 0.93134
vn -0.01456 -0.36386 -0.93134
vn -0.03996 -0.99889 -0.0248
vn -0.03996 -0.99889 -0.0248
vn -0.03075 -0.76872 0.63885
vn -0.03075 -0.76872 0.63884
vn -0.03986 -0.9963 -0.07619
vn -0.03986 -0.9963 -0.07619
vn -0.03616 -0.90386 0.4263
vn -0.03616 -0.90386 0.4263
vn -0.03962 -0.99027 -0.13344
vn -0.03962 -0.99026 -0.13344
vn -0.03822 -0.95522 0.29342
vn -0.03822 -0.95522 0.29342
vn -0.03915 -0.97851 -0.20245
vn -0.03915 -0.97851 -0.20245
vn -0.03915 -0.97851 0.20245
vn -0.03915 -0.97851 0.20245
vn -0.03822 -0.95522 -0.29342
vn -0.03822 -0.95522 -0.29342
vn -0.12192 -0.98942 -0.07869
vn -0.12192 -0.98942 -0.07868
vn -0.10996 -0.89237 0.4377
vn -0.10996 -0.89237 0.4377
vn -0.12113 -0.98303 -0.13776
vn -0.12113 -0.98303 -0.13776
vn -0.11658 -0.94608 0.30223
vn -0.11658 -0.94608 0.30223
vn -0.1196 -0.97061 -0.20884
vn -0.1196 -0.97061 -0.20884
vn -0.1196 -0.97061 0.20884
vn -0.1196 -0.97061 0.20884
vn -0.11658 -0.94608 -0.30223
vn -0.11658 -0.94608 -0.30223
vn -0.12113 -0.98303 0.13776
vn -0.12113 -0.98303 0.13776
vn -0.10996 -0.89237 -0.4377
vn -0.10996 -0.89237 -0.4377
vn -0.12192 -0.98942 0.07869
vn -0.12192 -0.98942 0.07869
vn -0.09282 -0.75332 -0.65107
vn -0.09282 -0.75332 -0.65107
vn -0.12226 -0.99217 0.02562
vn -0.12226 -0.99217 0.02562
vn -0.04329 -0.35135 0.93524
vn -0.04329 -0.35135 -0.93524
vn -0.12226 -0.99217 -0.02562
vn -0.12226 -0.99217 -0.02562
vn -0.09282 -0.75332 0.65107
vn -0.09283 -0.75332 0.65107
vn -0.18824 -0.86698 -0.46142
vn -0.18824 -0.86698 -0.46142
vn -0.21143 -0.97377 0.08403
vn -0.21143 -0.97377 0.08403
vn -0.15643 -0.72045 -0.67563
vn -0.15644 -0.72044 -0.67564
vn -0.2121 -0.97687 0.02737
vn -0.2121 -0.97686 0.02737
vn -0.07086 -0.32634 0.94259
vn -0.07086 -0.32634 -0.94259
vn -0.2121 -0.97686 -0.02737
vn -0.2121 -0.97687 -0.02737
vn -0.15644 -0.72045 0.67563
vn -0.15643 -0.72045 0.67563
vn -0.21143 -0.97378 -0.08403
vn -0.21143 -0.97377 -0.08403
vn -0.18824 -0.86698 0.46142
vn -0.18824 -0.86698 0.46142
vn -0.20988 -0.96662 -0.14698
vn -0.20988 -0.96662 -0.14698
vn -0.20096 -0.92557 0.32083
vn -0.20096 -0.92557 0.32083
vn -0.20687 -0.95275 -0.22243
vn -0.20687 -0.95275 -0.22243
vn -0.20686 -0.95275 0.22243
vn -0.20687 -0.95275 0.22243
vn -0.20096 -0.92557 -0.32083
vn -0.20096 -0.92557 -0.32083
vn -0.20988 -0.96662 0.14698
vn -0.20988 -0.96662 0.14698
vn -0.27405 -0.82204 0.49915
vn -0.27404 -0.82204 0.49915
vn -0.31206 -0.93608 -0.16239
vn -0.31206 -0.93608 -0.16239
vn -0.2961 -0.88822 0.35126
vn -0.2961 -0.88822 0.35126
vn -0.30662 -0.91977 -0.24498
vn -0.30662 -0.91976 -0.24499
vn -0.30662 -0.91977 0.24498
vn -0.30662 -0.91977 0.24498
vn -0.2961 -0.88822 -0.35126
vn -0.2961 -0.88822 -0.35126
vn -0.31206 -0.93608 0.16239
vn -0.31206 -0.93608 0.16239
vn -0.27404 -0.82204 -0.49914
vn -0.27405 -0.82204 -0.49915
vn -0.31489 -0.94456 0.09299
vn -0.31489 -0.94456 0.09299
vn -0.22196 -0.6658 -0.71235
vn -0.22195 -0.66581 -0.71234
vn -0.31611 -0.94824 0.03031
vn -0.31611 -0.94824 0.03031
vn -0.09635 -0.28904 0.95245
vn -0.09635 -0.28904 -0.95245
vn -0.31611 -0.94824 -0.03031
vn -0.31611 -0.94824 -0.03031
vn -0.22195 -0.66581 0.71235
vn -0.22196 -0.6658 0.71235
vn -0.31489 -0.94456 -0.09299
vn -0.31489 -0.94456 -0.09299
vn -0.44106 -0.89109 0.1069
vn -0.44106 -0.89109 0.1069
vn -0.28844 -0.58276 -0.75973
vn -0.28844 -0.58277 -0.75972
vn -0.44333 -0.89568 0.03489
vn -0.44333 -0.89568 0.03489
vn -0.11877 -0.23996 0.96349
vn -0.11877 -0.23996 -0.96349
vn -0.44333 -0.89568 -0.03489
vn -0.44333 -0.89568 -0.03489
vn -0.28844 -0.58277 0.75973
vn -0.28844 -0.58276 0.75973
vn -0.44106 -0.89109 -0.1069
vn -0.44106 -0.89109 -0.1069
vn -0.3697 -0.74694 0.55264
vn -0.36971 -0.74693 0.55264
vn -0.43585 -0.88056 -0.18614
vn -0.43585 -0.88056 -0.18613
vn -0.40725 -0.82277 0.39648
vn -0.40725 -0.82277 0.39648
vn -0.42595 -0.86056 -0.2793
vn -0.42594 -0.86056 -0.27929
vn -0.42595 -0.86056 0.2793
vn -0.42595 -0.86056 0.2793
vn -0.40724 -0.82278 -0.39648
vn -0.40725 -0.82277 -0.39648
vn -0.43585 -0.88056 0.18613
vn -0.43585 -0.88056 0.18613
vn -0.36971 -0.74693 -0.55264
vn -0.3697 -0.74694 -0.55263
vn -0.59012 -0.77651 -0.2209
vn -0.59012 -0.77651 -0.22089
vn -0.53763 -0.70745 0.45878
vn -0.53763 -0.70744 0.45878
vn -0.57149 -0.75201 -0.32845
vn -0.5715 -0.75199 -0.32846
vn -0.5715 -0.752 0.32846
vn -0.5715 -0.752 0.32846
vn -0.53764 -0.70743 -0.45878
vn -0.53763 -0.70745 -0.45877
vn -0.59012 -0.77651 0.22089
vn -0.59012 -0.77651 0.2209
vn -0.47414 -0.62391 -0.62122
vn -0.47415 -0.62391 -0.62123
vn -0.60013 -0.78968 0.12749
vn -0.60013 -0.78968 0.12749
vn -0.35221 -0.46346 -0.81312
vn -0.35222 -0.46342 -0.81313
vn -0.60454 -0.79548 0.0417
vn -0.60454 -0.79548 0.0417
vn -0.13699 -0.18024 0.97404
vn -0.13699 -0.18024 -0.97404
vn -0.60454 -0.79548 -0.0417
vn -0.60454 -0.79548 -0.0417
vn -0.35222 -0.46343 0.81313
vn -0.35221 -0.46345 0.81312
vn -0.60013 -0.78968 -0.12749
vn -0.60013 -0.78968 -0.12749
vn -0.47415 -0.62391 0.62123
vn -0.47414 -0.62391 0.62123
vn -0.4054 -0.30274 -0.86255
vn -0.4054 -0.30276 -0.86255
vn -0.8002 -0.59757 0.05087
vn -0.8002 -0.59757 0.05087
vn -0.14991 -0.11196 0.98234
vn -0.14991 -0.11194 -0.98234
vn -0.8002 -0.59757 -0.05087
vn -0.8002 -0.59757 -0.05087
vn -0.40539 -0.30277 0.86255
vn -0.40541 -0.30274 0.86255
vn -0.79156 -0.59112 -0.15498
vn -0.79156 -0.59112 -0.15498
vn -0.57585 -0.43002 0.69533
vn -0.57585 -0.43002 0.69533
vn -0.77228 -0.57672 -0.26642
vn -0.77228 -0.57672 -0.26642
vn -0.67789 -0.50622 0.53311
vn -0.67788 -0.50623 0.53311
vn -0.73756 -0.55079 -0.39068
vn -0.73756 -0.55079 -0.39067
vn -0.73756 -0.55079 0.39067
vn -0.73756 -0.5508 0.39067
vn -0.67788 -0.50623 -0.53311
vn -0.67789 -0.50622 -0.53311
vn -0.77227 -0.57673 0.26642
vn -0.77228 -0.57672 0.26642
vn -0.57585 -0.43003 -0.69533
vn -0.57585 -0.43002 -0.69533
vn -0.79155 -0.59112 0.15498
vn -0.79156 -0.59112 0.15498
vn -0.87098 -0.21117 -0.44362
vn -0.87098 -0.21119 -0.44361
vn -0.87098 -0.21119 0.44361
vn -0.87099 -0.21117 0.44361
vn -0.7831 -0.18988 -0.59219
vn -0.7831 -0.18987 -0.5922
vn -0.92497 -0.22426 0.30683
vn -0.92496 -0.22427 0.30683
vn -0.64457 -0.15628 -0.7484
vn -0.64457 -0.1563 -0.7484
vn -0.95597 -0.23179 0.17997
vn -0.95597 -0.23178 0.17997
vn -0.43667 -0.10588 -0.89337
vn -0.43667 -0.10586 -0.89337
vn -0.97013 -0.23522 0.0593
vn -0.97013 -0.23523 0.0593
vn -0.15663 -0.03797 0.98693
vn -0.15663 -0.03797 -0.98693
vn -0.97013 -0.23523 -0.0593
vn -0.97013 -0.23522 -0.0593
vn -0.43667 -0.10586 0.89337
vn -0.43667 -0.10588 0.89337
vn -0.95597 -0.23178 -0.17997
vn -0.95597 -0.23179 -0.17997
vn -0.64457 -0.1563 0.7484
vn -0.64457 -0.15628 0.7484
vn -0.92496 -0.22427 -0.30683
vn -0.92497 -0.22426 -0.30683
vn -0.78311 -0.18987 0.59219
vn -0.7831 -0.18988 0.59219
vn -0.15663 0.03797 0.98693
vn -0.15663 0.03797 -0.98693
vn -0.97013 0.23523 -0.0593
vn -0.97013 0.23523 -0.0593
vn -0.43667 0.10585 0.89337
vn -0.43667 0.10588 0.89337
vn -0.95597 0.2318 -0.17997
vn -0.95597 0.23179 -0.17997
vn -0.64457 0.15629 0.7484
vn -0.64457 0.15628 0.7484
vn -0.92496 0.22428 -0.30683
vn -0.92497 0.22426 -0.30683
vn -0.7831 0.18987 0.5922
vn -0.7831 0.18988 0.59219
vn -0.87098 0.21117 -0.44361
vn -0.87098 0.21119 -0.44361
vn -0.87098 0.21119 0.44361
vn -0.87098 0.21119 0.44361
vn -0.7831 0.18988 -0.59219
vn -0.78311 0.18987 -0.59219
vn -0.92496 0.22428 0.30683
vn -0.92496 0.22428 0.30683
vn -0.64457 0.15628 -0.7484
vn -0.64457 0.15629 -0.7484
vn -0.95597 0.23179 0.17997
vn -0.95597 0.2318 0.17997
vn -0.43667 0.10588 -0.89337
vn -0.43667 0.10585 -0.89337
vn -0.97013 0.23523 0.0593
vn -0.97013 0.23523 0.0593
vn -0.73757 0.55079 0.39067
vn -0.73756 0.5508 0.39067
vn -0.67789 0.50622 -0.53311
vn -0.67789 0.50622 -0.53311
vn -0.77228 0.57672 0.26642
vn -0.77228 0.57672 0.26642
vn -0.57585 0.43002 -0.69533
vn -0.57585 0.43003 -0.69533
vn -0.79156 0.59112 0.15497
vn -0.79156 0.59111 0.15498
vn -0.4054 0.30274 -0.86255
vn -0.4054 0.30274 -0.86255
vn -0.80021 0.59756 0.05087
vn -0.8002 0.59757 0.05087
vn -0.14991 0.11195 0.98234
vn -0.14991 0.11193 -0.98234
vn -0.8002 0.59757 -0.05087
vn -0.80021 0.59756 -0.05087
vn -0.4054 0.30276 0.86255
vn -0.4054 0.30274 0.86255
vn -0.79156 0.59111 -0.15497
vn -0.79156 0.59112 -0.15498
vn -0.57585 0.43002 0.69533
vn -0.57585 0.43002 0.69533
vn -0.77228 0.57672 -0.26642
vn -0.77227 0.57673 -0.26642
vn -0.67789 0.50622 0.53311
vn -0.67789 0.50622 0.53311
vn -0.73756 0.55081 -0.39067
vn -0.73757 0.55079 -0.39067
vn -0.60454 0.79548 -0.0417
vn -0.60454 0.79549 -0.0417
vn -0.35221 0.46345 0.81312
vn -0.35221 0.46346 0.81312
vn -0.60012 0.78968 -0.12749
vn -0.60012 0.78968 -0.12749
vn -0.47415 0.62391 0.62123
vn -0.47414 0.62391 0.62122
vn -0.59012 0.77651 -0.2209
vn -0.59012 0.77651 -0.2209
vn -0.53763 0.70745 0.45878
vn -0.53763 0.70745 0.45878
vn -0.5715 0.752 -0.32846
vn -0.57149 0.75201 -0.32846
vn -0.57149 0.75201 0.32846
vn -0.5715 0.752 0.32846
vn -0.53763 0.70745 -0.45878
vn -0.53763 0.70745 -0.45878
vn -0.59012 0.77651 0.2209
vn -0.59012 0.77651 0.22089
vn -0.47414 0.62391 -0.62122
vn -0.47415 0.62391 -0.62122
vn -0.60012 0.78968 0.12749
vn -0.60012 0.78968 0.12749
vn -0.35221 0.46345 -0.81312
vn -0.35221 0.46345 -0.81312
vn -0.60454 0.79549 0.0417
vn -0.60454 0.79548 0.0417
vn -0.13699 0.18025 0.97403
vn -0.13699 0.18025 -0.97403
vn -0.40725 0.82277 -0.39648
vn -0.40725 0.82277 -0.39648
vn -0.43585 0.88056 0.18613
vn -0.43585 0.88056 0.18614
vn -0.36971 0.74693 -0.55264
vn -0.36971 0.74693 -0.55264
vn -0.44106 0.89109 0.1069
vn -0.44106 0.89109 0.1069
vn -0.28845 0.58275 -0.75973
vn -0.28845 0.58275 -0.75973
vn -0.44333 0.89568 0.03489
vn -0.44333 0.89568 0.03489
vn -0.11877 0.23995 0.96349
vn -0.11877 0.23995 -0.96349
vn -0.44333 0.89568 -0.03489
vn -0.44333 0.89568 -0.03489
vn -0.28845 0.58275 0.75973
vn -0.28845 0.58275 0.75973
vn -0.44106 0.89109 -0.1069
vn -0.44106 0.89109 -0.1069
vn -0.36971 0.74693 0.55264
vn -0.36971 0.74693 0.55264
vn -0.43585 0.88056 -0.18613
vn -0.43585 0.88056 -0.18614
vn -0.40725 0.82277 0.39648
vn -0.40725 0.82277 0.39648
vn -0.42594 0.86056 -0.2793
vn -0.42595 0.86056 -0.2793
vn -0.42595 0.86055 0.2793
vn -0.42595 0.86056 0.27929
vn -0.22196 0.6658 0.71235
vn -0.22196 0.66581 0.71235
vn -0.31489 0.94456 -0.09299
vn -0.31488 0.94456 -0.093
vn -0.27404 0.82205 0.49914
vn -0.27404 0.82204 0.49914
vn -0.31206 0.93608 -0.16239
vn -0.31206 0.93608 -0.16239
vn -0.2961 0.88822 0.35127
vn -0.2961 0.88822 0.35126
vn -0.30662 0.91976 -0.24498
vn -0.30661 0.91977 -0.24498
vn -0.30661 0.91977 0.24498
vn -0.30662 0.91976 0.24499
vn -0.2961 0.88822 -0.35126
vn -0.2961 0.88822 -0.35126
vn -0.31206 0.93608 0.16239
vn -0.31206 0.93608 0.16239
vn -0.27404 0.82204 -0.49914
vn -0.27404 0.82205 -0.49914
vn -0.31489 0.94456 0.09299
vn -0.31489 0.94456 0.09299
vn -0.22196 0.6658 -0.71235
vn -0.22196 0.6658 -0.71235
vn -0.31611 0.94824 0.03031
vn -0.31611 0.94824 0.03031
vn -0.09636 0.28903 0.95246
vn -0.09636 0.28903 -0.95246
vn -0.31611 0.94824 -0.03031
vn -0.31611 0.94824 -0.03031
vn -0.20987 0.96662 0.14698
vn -0.20987 0.96662 0.14698
vn -0.18824 0.86698 -0.46142
vn -0.18824 0.86698 -0.46142
vn -0.21143 0.97377 0.08403
vn -0.21143 0.97377 0.08403
vn -0.15643 0.72045 -0.67563
vn -0.15641 0.72046 -0.67563
vn -0.2121 0.97686 0.02737
vn -0.2121 0.97686 0.02737
vn -0.07085 0.32635 0.94259
vn -0.07085 0.32635 -0.94259
vn -0.2121 0.97686 -0.02737
vn -0.2121 0.97686 -0.02737
vn -0.15642 0.72047 0.67562
vn -0.15643 0.72045 0.67563
vn -0.21143 0.97377 -0.08403
vn -0.21143 0.97377 -0.08403
vn -0.18824 0.86698 0.46142
vn -0.18824 0.86698 0.46142
vn -0.20987 0.96662 -0.14698
vn -0.20987 0.96662 -0.14698
vn -0.20097 0.92557 0.32083
vn -0.20096 0.92557 0.32083
vn -0.20686 0.95275 -0.22243
vn -0.20687 0.95275 -0.22243
vn -0.20686 0.95275 0.22243
vn -0.20686 0.95275 0.22243
vn -0.20097 0.92557 -0.32083
vn -0.20097 0.92557 -0.32083
vn -0.12191 0.98942 -0.07869
vn -0.12192 0.98942 -0.07869
vn -0.10996 0.89237 0.4377
vn -0.10996 0.89237 0.4377
vn -0.12113 0.98303 -0.13776
vn -0.12113 0.98303 -0.13776
vn -0.11657 0.94608 0.30223
vn -0.11658 0.94608 0.30223
vn -0.1196 0.97061 -0.20884
vn -0.1196 0.97061 -0.20884
vn -0.1196 0.97061 0.20884
vn -0.1196 0.97061 0.20884
vn -0.11658 0.94608 -0.30223
vn -0.11657 0.94608 -0.30223
vn -0.12113 0.98303 0.13775
vn -0.12113 0.98303 0.13776
vn -0.10996 0.89237 -0.4377
vn -0.10996 0.89237 -0.4377
vn -0.12192 0.98942 0.07869
vn -0.12191 0.98942 0.07869
vn -0.09282 0.75332 -0.65107
vn -0.09282 0.75332 -0.65107
vn -0.12225 0.99217 0.02562
vn -0.12226 0.99217 0.02562
vn -0.04329 0.35135 0.93524
vn -0.04329 0.35135 -0.93524
vn -0.12226 0.99217 -0.02562
vn -0.12225 0.99217 -0.02562
vn -0.09282 0.75332 0.65107
vn -0.09282 0.75332 0.65107
vn -0.03616 0.90386 -0.4263
vn -0.03616 0.90386 -0.4263
vn -0.03986 0.9963 0.07619
vn -0.03986 0.9963 0.07619
vn -0.03075 0.76872 -0.63885
vn -0.03077 0.76872 -0.63885
vn -0.03997 0.99889 0.0248
vn -0.03997 0.99889 0.0248
vn -0.01456 0.36386 0.93134
vn -0.01456 0.36386 -0.93134
vn -0.03997 0.99889 -0.0248
vn -0.03997 0.99889 -0.0248
vn -0.03077 0.76872 0.63885
vn -0.03075 0.76872 0.63885
vn -0.03986 0.9963 -0.07619
vn -0.03986 0.9963 -0.07619
vn -0.03616 0.90386 0.4263
vn -0.03616 0.90386 0.4263
vn -0.03962 0.99026 -0.13344
vn -0.03962 0.99026 -0.13344
vn -0.03822 0.95522 0.29342
vn -0.03822 0.95522 0.29342
vn -0.03915 0.97851 -0.20245
vn -0.03915 0.97851 -0.20245
vn -0.03915 0.97851 0.20245
vn -0.03915 0.97851 0.20245
vn -0.03822 0.95522 -0.29342
vn -0.03822 0.95522 -0.29342
vn -0.03962 0.99026 0.13344
vn -0.03962 0.99027 0.13344
vn 0.03617 0.90386 -0.4263
vn 0.03616 0.90386 -0.4263
vn 0.03986 0.9963 0.07619
vn 0.03076 0.76872 -0.63884
vn 0.03077 0.76872 -0.63885
vn 0.03996 0.99889 0.0248
vn 0.03997 0.99889 0.0248
vn 0.01456 0.36386 0.93134
vn 0.01456 0.36386 -0.93134
vn 0.03997 0.99889 -0.0248
vn 0.03996 0.99889 -0.0248
vn 0.03077 0.76872 0.63884
vn 0.03986 0.9963 -0.07619
vn 0.03986 0.9963 -0.07619
vn 0.03616 0.90386 0.4263
vn 0.03616 0.90386 0.4263
vn 0.03962 0.99027 -0.13344
vn 0.03962 0.99027 -0.13344
vn 0.03822 0.95522 0.29343
vn 0.03822 0.95522 0.29343
vn 0.03915 0.97851 -0.20245
vn 0.03915 0.97851 0.20245
vn 0.03915 0.97851 0.20245
vn 0.03822 0.95522 -0.29342
vn 0.03822 0.95522 -0.29343
vn 0.03962 0.99027 0.13343
vn 0.03962 0.99027 0.13344
vn 0.1196 0.97061 0.20884
vn 0.11658 0.94608 -0.30223
vn 0.11658 0.94608 -0.30223
vn 0.12113 0.98303 0.13775
vn 0.12113 0.98303 0.13776
vn 0.10996 0.89237 -0.4377
vn 0.10995 0.89237 -0.4377
vn 0.12192 0.98942 0.07869
vn 0.12192 0.98942 0.07869
vn 0.09282 0.75332 -0.65107
vn 0.09282 0.75332 -0.65107
vn 0.12226 0.99217 0.02562
vn 0.04329 0.35135 0.93524
vn 0.04329 0.35135 -0.93524
vn 0.12226 0.99217 -0.02562
vn 0.12226 0.99217 -0.02562
vn 0.09282 0.75332 0.65107
vn 0.09282 0.75332 0.65107
vn 0.12192 0.98942 -0.07869
vn 0.10995 0.89237 0.4377
vn 0.10996 0.89237 0.4377
vn 0.12113 0.98303 -0.13775
vn 0.12113 0.98303 -0.13776
vn 0.11658 0.94608 0.30223
vn 0.11658 0.94608 0.30223
vn 0.1196 0.97061 -0.20884
vn 0.1196 0.97061 -0.20884
vn 0.2121 0.97687 -0.02737
vn 0.15643 0.72045 0.67563
vn 0.15643 0.72045 0.67563
vn 0.21143 0.97377 -0.08403
vn 0.21143 0.97377 -0.08403
vn 0.18824 0.86698 0.46142
vn 0.18824 0.86698 0.46142
vn 0.20987 0.96662 -0.14698
vn 0.20988 0.96662 -0.14698
vn 0.20096 0.92557 0.32083
vn 0.20096 0.92557 0.32083
vn 0.20687 0.95275 -0.22243
vn 0.20687 0.95275 -0.22243
vn 0.20687 0.95275 0.22243
vn 0.20096 0.92557 -0.32083
vn 0.20096 0.92557 -0.32083
vn 0.20988 0.96662 0.14698
vn 0.20987 0.96662 0.14698
vn 0.18824 0.86698 -0.46142
vn 0.18824 0.86698 -0.46142
vn 0.21143 0.97377 0.08403
vn 0.21143 0.97377 0.08403
vn 0.15643 0.72045 -0.67563
vn 0.15643 0.72045 -0.67564
vn 0.2121 0.97687 0.02737
vn 0.2121 0.97686 0.02737
vn 0.07086 0.32634 0.94259
vn 0.07086 0.32634 -0.94259
vn 0.2961 0.88822 -0.35127
vn 0.2961 0.88822 -0.35126
vn 0.31206 0.93608 0.16239
vn 0.31206 0.93608 0.16239
vn 0.27404 0.82205 -0.49914
vn 0.27405 0.82204 -0.49915
vn 0.31489 0.94456 0.09299
vn 0.31489 0.94456 0.09299
vn 0.22196 0.6658 -0.71235
vn 0.22195 0.66581 -0.71234
vn 0.31611 0.94824 0.03031
vn 0.31611 0.94824 0.03031
vn 0.09635 0.28904 0.95245
vn 0.09635 0.28904 -0.95245
vn 0.31611 0.94824 -0.03031
vn 0.22195 0.66581 0.71235
vn 0.22196 0.6658 0.71235
vn 0.31489 0.94456 -0.09299
vn 0.27405 0.82204 0.49915
vn 0.27404 0.82204 0.49914
vn 0.31206 0.93608 -0.16239
vn 0.31206 0.93608 -0.16239
vn 0.2961 0.88822 0.35126
vn 0.2961 0.88822 0.35126
vn 0.30662 0.91977 -0.24498
vn 0.30662 0.91976 -0.24499
vn 0.30662 0.91976 0.24498
vn 0.30662 0.91977 0.24498
vn 0.44106 0.89109 -0.1069
vn 0.44106 0.89109 -0.1069
vn 0.36971 0.74693 0.55264
vn 0.36971 0.74693 0.55264
vn 0.43585 0.88056 -0.18614
vn 0.43585 0.88056 -0.18614
vn 0.40725 0.82277 0.39648
vn 0.40724 0.82277 0.39648
vn 0.42595 0.86056 -0.2793
vn 0.42595 0.86056 -0.2793
vn 0.42595 0.86056 0.2793
vn 0.42595 0.86056 0.2793
vn 0.40724 0.82277 -0.39648
vn 0.40725 0.82277 -0.39648
vn 0.43585 0.88056 0.18614
vn 0.43585 0.88056 0.18614
vn 0.36971 0.74693 -0.55264
vn 0.36971 0.74694 -0.55263
vn 0.44106 0.89109 0.1069
vn 0.44106 0.89109 0.1069
vn 0.28844 0.58276 -0.75973
vn 0.28845 0.58275 -0.75973
vn 0.44333 0.89568 0.03489
vn 0.44333 0.89568 0.03489
vn 0.44333 0.89568 -0.03489
vn 0.44333 0.89568 -0.03489
vn 0.28845 0.58276 0.75973
vn 0.28844 0.58276 0.75973
vn 0.47415 0.62391 -0.62122
vn 0.47415 0.62391 -0.62122
vn 0.60013 0.78968 0.12749
vn 0.60013 0.78968 0.12749
vn 0.35221 0.46346 -0.81312
vn 0.35221 0.46346 -0.81311
vn 0.60454 0.79548 0.0417
vn 0.60454 0.79548 0.0417
vn 0.13699 0.18026 0.97403
vn 0.13699 0.18026 -0.97403
vn 0.60454 0.79548 -0.0417
vn 0.35221 0.46346 0.81311
vn 0.35221 0.46346 0.81311
vn 0.60013 0.78968 -0.12749
vn 0.60013 0.78968 -0.12749
vn 0.47414 0.62391 0.62122
vn 0.47415 0.62391 0.62122
vn 0.59012 0.7765 -0.2209
vn 0.53763 0.70744 0.45878
vn 0.53763 0.70744 0.45878
vn 0.57149 0.752 -0.32846
vn 0.5715 0.752 0.32846
vn 0.57149 0.75201 0.32846
vn 0.53763 0.70744 -0.45878
vn 0.53763 0.70744 -0.45878
vn 0.59011 0.77651 0.2209
vn 0.59012 0.7765 0.2209
vn 0.57585 0.43002 0.69533
vn 0.57585 0.43002 0.69533
vn 0.77228 0.57672 -0.26642
vn 0.77228 0.57672 -0.26642
vn 0.67789 0.50622 0.53312
vn 0.67788 0.50623 0.53312
vn 0.73756 0.55079 -0.39067
vn 0.73756 0.55079 -0.39067
vn 0.73756 0.55079 0.39067
vn 0.73756 0.55079 0.39067
vn 0.67788 0.50623 -0.53311
vn 0.67788 0.50622 -0.53312
vn 0.77228 0.57672 0.26642
vn 0.77228 0.57672 0.26642
vn 0.57585 0.43002 -0.69533
vn 0.79156 0.59112 0.15497
vn 0.79156 0.59112 0.15497
vn 0.40541 0.30274 -0.86255
vn 0.4054 0.30274 -0.86255
vn 0.8002 0.59757 0.05087
vn 0.8002 0.59757 0.05087
vn 0.14991 0.11195 0.98234
vn 0.14991 0.11195 -0.98234
vn 0.8002 0.59757 -0.05087
vn 0.40541 0.30274 0.86255
vn 0.79156 0.59112 -0.15497
vn 0.79156 0.59112 -0.15497
vn 0.95597 0.23179 0.17997
vn 0.95597 0.23179 0.17997
vn 0.97013 0.23522 0.0593
vn 0.97013 0.23523 0.0593
vn 0.97013 0.23523 -0.0593
vn 0.97013 0.23522 -0.0593
vn 0.95597 0.23179 -0.17997
vn 0.92496 0.22427 -0.30683
vn 0.92497 0.22426 -0.30683
vn 0.87099 0.21117 -0.44361
vn 0.87099 0.21117 0.44361
vn 0.87098 0.21117 0.44361
vn 0.92497 0.22426 0.30683
vn 0.92497 -0.22426 -0.30683
vn 0.87098 -0.21117 -0.44361
vn 0.87098 -0.21117 -0.44361
vn 0.87098 -0.21117 0.44361
vn 0.92497 -0.22426 0.30683
vn 0.92496 -0.22427 0.30683
vn 0.64457 -0.15629 -0.7484
vn 0.43667 -0.10588 -0.89337
vn 0.43667 -0.10586 -0.89337
vn 0.43667 -0.10588 0.89337
vn 0.64457 -0.15629 0.7484
vn 0.64457 -0.15628 0.7484
vn 0.4054 -0.30274 -0.86255
vn 0.40541 -0.30273 -0.86255
vn 0.14991 -0.11194 0.98234
vn 0.14991 -0.11194 -0.98234
vn 0.40541 -0.30273 0.86255
vn 0.40541 -0.30274 0.86255
vn 0.79156 -0.59112 -0.15497
vn 0.57585 -0.43003 0.69533
vn 0.57585 -0.43002 0.69533
vn 0.77228 -0.57672 -0.26642
vn 0.77228 -0.57672 -0.26642
vn 0.67789 -0.50622 0.53312
vn 0.67788 -0.50623 0.53311
vn 0.73756 -0.55079 -0.39067
vn 0.73756 -0.5508 -0.39067
vn 0.73756 -0.5508 0.39067
vn 0.73756 -0.55079 0.39068
vn 0.67789 -0.50622 -0.53311
vn 0.77228 -0.57672 0.26642
vn 0.77228 -0.57672 0.26642
vn 0.57585 -0.43002 -0.69533
vn 0.57585 -0.43003 -0.69533
vn 0.79156 -0.59112 0.15497
vn 0.79156 -0.59112 0.15497
vn 0.53763 -0.70745 0.45878
vn 0.53764 -0.70744 0.45878
vn 0.57149 -0.75201 -0.32846
vn 0.5715 -0.752 -0.32846
vn 0.5715 -0.752 0.32846
vn 0.57149 -0.75201 0.32845
vn 0.53764 -0.70744 -0.45878
vn 0.53763 -0.70744 -0.45878
vn 0.59011 -0.77651 0.22089
vn 0.59012 -0.77651 0.2209
vn 0.47415 -0.62391 -0.62123
vn 0.47415 -0.62391 -0.62123
vn 0.60013 -0.78968 0.12749
vn 0.60012 -0.78968 0.12749
vn 0.35221 -0.46346 -0.81312
vn 0.35221 -0.46346 -0.81311
vn 0.60454 -0.79548 0.0417
vn 0.13699 -0.18026 0.97403
vn 0.13699 -0.18026 -0.97403
vn 0.60454 -0.79548 -0.0417
vn 0.60454 -0.79549 -0.0417
vn 0.35221 -0.46346 0.81311
vn 0.60012 -0.78968 -0.12749
vn 0.60013 -0.78968 -0.12749
vn 0.47415 -0.62391 0.62123
vn 0.47415 -0.62391 0.62123
vn 0.59012 -0.7765 -0.2209
vn 0.59011 -0.77651 -0.2209
vn 0.44334 -0.89568 0.03489
vn 0.44333 -0.89568 0.03489
vn 0.44333 -0.89568 -0.03489
vn 0.44334 -0.89568 -0.03489
vn 0.44106 -0.89109 -0.1069
vn 0.44106 -0.89109 -0.1069
vn 0.36971 -0.74693 0.55264
vn 0.36971 -0.74693 0.55264
vn 0.43584 -0.88056 -0.18614
vn 0.43585 -0.88056 -0.18614
vn 0.40725 -0.82277 0.39648
vn 0.40724 -0.82277 0.39648
vn 0.42595 -0.86056 -0.2793
vn 0.42595 -0.86056 -0.2793
vn 0.42595 -0.86056 0.2793
vn 0.42595 -0.86055 0.2793
vn 0.40724 -0.82277 -0.39648
vn 0.40725 -0.82277 -0.39648
vn 0.43585 -0.88056 0.18614
vn 0.43585 -0.88056 0.18613
vn 0.36971 -0.74693 -0.55264
vn 0.36971 -0.74693 -0.55264
vn 0.44106 -0.89109 0.1069
vn 0.44106 -0.89109 0.1069
vn 0.2961 -0.88822 -0.35127
vn 0.2961 -0.88822 -0.35127
vn 0.31206 -0.93608 0.16239
vn 0.31206 -0.93608 0.16239
vn 0.27404 -0.82205 -0.49914
vn 0.27404 -0.82204 -0.49914
vn 0.31489 -0.94456 0.093
vn 0.31489 -0.94456 0.09299
vn 0.22196 -0.6658 -0.71235
vn 0.22196 -0.6658 -0.71235
vn 0.31611 -0.94824 0.03031
vn 0.31611 -0.94824 0.03031
vn 0.09636 -0.28904 0.95246
vn 0.09636 -0.28904 -0.95246
vn 0.31611 -0.94824 -0.03031
vn 0.31611 -0.94824 -0.03031
vn 0.22196 -0.6658 0.71235
vn 0.22196 -0.6658 0.71235
vn 0.31489 -0.94456 -0.09299
vn 0.27404 -0.82204 0.49915
vn 0.27404 -0.82205 0.49914
vn 0.31206 -0.93608 -0.16239
vn 0.2961 -0.88822 0.35126
vn 0.2961 -0.88822 0.35127
vn 0.07086 -0.32635 -0.94259
vn 0.2121 -0.97686 -0.02737
vn 0.2121 -0.97686 -0.02737
vn 0.15643 -0.72046 0.67563
vn 0.15643 -0.72046 0.67563
vn 0.21143 -0.97377 -0.08403
vn 0.21143 -0.97377 -0.08403
vn 0.18824 -0.86698 0.46142
vn 0.20987 -0.96662 -0.14698
vn 0.20988 -0.96662 -0.14698
vn 0.20097 -0.92557 0.32084
vn 0.20096 -0.92557 0.32083
vn 0.20686 -0.95275 -0.22243
vn 0.20686 -0.95275 0.22243
vn 0.20687 -0.95275 0.22243
vn 0.20096 -0.92557 -0.32083
vn 0.20987 -0.96662 0.14698
vn 0.18824 -0.86698 -0.46142
vn 0.18824 -0.86698 -0.46142
vn 0.21143 -0.97378 0.08403
vn 0.21143 -0.97377 0.08403
vn 0.15643 -0.72045 -0.67563
vn 0.15643 -0.72045 -0.67563
vn 0.2121 -0.97686 0.02737
vn 0.2121 -0.97686 0.02737
vn 0.07086 -0.32635 0.94259
vn 0.11658 -0.94608 -0.30223
vn 0.11657 -0.94608 -0.30223
vn 0.12113 -0.98303 0.13775
vn 0.12113 -0.98303 0.13776
vn 0.12226 -0.99217 0.02562
vn 0.12226 -0.99217 0.02562
vn 0.12226 -0.99217 -0.02562
vn 0.12113 -0.98303 -0.13775
vn 0.12113 -0.98303 -0.13776
vn 0.11658 -0.94608 0.30223
vn 0.1196 -0.97061 -0.20884
vn 0.1196 -0.97061 -0.20884
vn 0.1196 -0.97061 0.20884
vn 0.1196 -0.97061 0.20884
vn 0.03986 -0.9963 -0.07619
vn 0.03962 -0.99027 -0.13344
vn 0.03962 -0.99027 -0.13344
vn 0.03822 -0.95522 0.29343
vn 0.03821 -0.95522 0.29342
vn 0.03915 -0.97851 -0.20245
vn 0.03915 -0.97851 -0.20245
vn 0.03915 -0.97851 0.20245
vn 0.03915 -0.97851 0.20245
vn 0.03821 -0.95522 -0.29343
vn 0.03962 -0.99027 0.13344
vn 0.03962 -0.99027 0.13344
vn 0.03986 -0.9963 0.07619
vn 0.03986 -0.9963 0.07619
vn 0.03997 -0.99889 0.0248
vn 0.03997 -0.99889 -0.0248
vn 0.03996 -0.99889 -0.0248
vn -0.03962 -0.99027 0.13344
vn -0.03962 -0.99027 0.13344
vn -0.03616 -0.90386 -0.4263
vn -0.03616 -0.90386 -0.4263
vn -0.03986 -0.9963 0.07619
vn -0.03986 -0.9963 0.07619
vn -0.03075 -0.76872 -0.63884
vn -0.03996 -0.99889 0.0248
vn -0.03996 -0.99889 0.0248
vn -0.01455 -0.36386 0.93134
vn -0.01455 -0.36386 -0.93134
vn -0.03996 -0.99889 -0.0248
vn -0.03996 -0.99889 -0.0248
vn -0.03075 -0.76872 0.63885
vn -0.03075 -0.76872 0.63884
vn -0.03986 -0.9963 -0.07619
vn -0.03986 -0.9963 -0.07619
vn -0.03616 -0.90386 0.4263
vn -0.03962 -0.99027 -0.13344
vn -0.03962 -0.99027 -0.13344
vn -0.03821 -0.95522 0.29342
vn -0.03821 -0.95522 0.29343
vn -0.03915 -0.97851 -0.20245
vn -0.03914 -0.97851 -0.20245
vn -0.03914 -0.97851 0.20245
vn -0.03915 -0.97851 0.20245
vn -0.03821 -0.95522 -0.29342
vn -0.03822 -0.95522 -0.29343
vn -0.12192 -0.98942 -0.07869
vn -0.12192 -0.98942 -0.07869
vn -0.10995 -0.89237 0.4377
vn -0.10996 -0.89237 0.4377
vn -0.12113 -0.98303 -0.13775
vn -0.12113 -0.98303 -0.13776
vn -0.11658 -0.94608 0.30223
vn -0.11658 -0.94608 0.30223
vn -0.1196 -0.97061 -0.20884
vn -0.1196 -0.97061 0.20884
vn -0.1196 -0.97061 0.20884
vn -0.11658 -0.94608 -0.30223
vn -0.11658 -0.94608 -0.30223
vn -0.12113 -0.98303 0.13775
vn -0.12113 -0.98303 0.13775
vn -0.10996 -0.89237 -0.4377
vn -0.10995 -0.89237 -0.4377
vn -0.12192 -0.98942 0.07869
vn -0.12192 -0.98942 0.07869
vn -0.09282 -0.75332 -0.65107
vn -0.09283 -0.75332 -0.65107
vn -0.12226 -0.99217 0.02562
vn -0.12226 -0.99217 0.02562
vn -0.0433 -0.35134 0.93524
vn -0.0433 -0.35134 -0.93524
vn -0.12226 -0.99217 -0.02562
vn -0.12226 -0.99217 -0.02562
vn -0.09283 -0.75332 0.65107
vn -0.09282 -0.75332 0.65107
vn -0.18824 -0.86698 -0.46142
vn -0.21143 -0.97377 0.08403
vn -0.21143 -0.97377 0.08403
vn -0.15643 -0.72045 -0.67563
vn -0.15643 -0.72045 -0.67563
vn -0.2121 -0.97686 0.02737
vn -0.2121 -0.97686 0.02737
vn -0.07086 -0.32635 0.94259
vn -0.07086 -0.32635 -0.94259
vn -0.2121 -0.97686 -0.02737
vn -0.2121 -0.97686 -0.02737
vn -0.15643 -0.72045 0.67563
vn -0.15643 -0.72045 0.67563
vn -0.21143 -0.97377 -0.08403
vn -0.21143 -0.97377 -0.08403
vn -0.18824 -0.86698 0.46142
vn -0.18824 -0.86698 0.46142
vn -0.20987 -0.96662 -0.14698
vn -0.20096 -0.92557 0.32083
vn -0.20687 -0.95275 -0.22243
vn -0.20686 -0.95275 -0.22243
vn -0.20686 -0.95275 0.22243
vn -0.20687 -0.95275 0.22243
vn -0.20096 -0.92557 -0.32083
vn -0.20096 -0.92557 -0.32083
vn -0.20988 -0.96662 0.14698
vn -0.20987 -0.96662 0.14698
vn -0.27404 -0.82204 0.49915
vn -0.27404 -0.82204 0.49914
vn -0.31206 -0.93608 -0.16239
vn -0.31206 -0.93608 -0.16239
vn -0.2961 -0.88822 0.35126
vn -0.30662 -0.91977 -0.24498
vn -0.30662 -0.91977 -0.24498
vn -0.30662 -0.91977 0.24498
vn -0.2961 -0.88822 -0.35126
vn -0.2961 -0.88822 -0.35126
vn -0.31206 -0.93608 0.16239
vn -0.27404 -0.82204 -0.49914
vn -0.31489 -0.94456 0.09299
vn -0.31488 -0.94456 0.093
vn -0.22196 -0.6658 -0.71235
vn -0.31611 -0.94824 0.03031
vn -0.31611 -0.94824 0.03031
vn -0.09635 -0.28904 0.95246
vn -0.09635 -0.28904 -0.95246
vn -0.31611 -0.94824 -0.03031
vn -0.31611 -0.94824 -0.03031
vn -0.22195 -0.66581 0.71235
vn -0.22196 -0.6658 0.71235
vn -0.31488 -0.94456 -0.09299
vn -0.31489 -0.94456 -0.093
vn -0.44106 -0.89109 0.1069
vn -0.44106 -0.89109 0.1069
vn -0.28844 -0.58276 -0.75973
vn -0.28845 -0.58275 -0.75973
vn -0.44333 -0.89568 0.03489
vn -0.44333 -0.89568 0.03489
vn -0.11877 -0.23995 0.96349
vn -0.11877 -0.23995 -0.96349
vn -0.44333 -0.89568 -0.03489
vn -0.44333 -0.89568 -0.03489
vn -0.28845 -0.58276 0.75973
vn -0.28844 -0.58276 0.75973
vn -0.44106 -0.89109 -0.1069
vn -0.44106 -0.89109 -0.1069
vn -0.36971 -0.74693 0.55264
vn -0.3697 -0.74694 0.55264
vn -0.43585 -0.88056 -0.18613
vn -0.43585 -0.88056 -0.18614
vn -0.40724 -0.82277 0.39648
vn -0.40725 -0.82277 0.39648
vn -0.42595 -0.86056 -0.2793
vn -0.42595 -0.86056 -0.2793
vn -0.42595 -0.86055 0.2793
vn -0.42595 -0.86056 0.2793
vn -0.40725 -0.82277 -0.39648
vn -0.40725 -0.82277 -0.39648
vn -0.43585 -0.88056 0.18613
vn -0.43585 -0.88056 0.18614
vn -0.36971 -0.74693 -0.55264
vn -0.36971 -0.74694 -0.55263
vn -0.59012 -0.77651 -0.2209
vn -0.59011 -0.77651 -0.22089
vn -0.53763 -0.70745 0.45878
vn -0.53763 -0.70745 0.45878
vn -0.57149 -0.75201 -0.32846
vn -0.5715 -0.752 -0.32846
vn -0.57149 -0.75201 0.32846
vn -0.5715 -0.752 0.32846
vn -0.53763 -0.70744 -0.45878
vn -0.53763 -0.70745 -0.45878
vn -0.59012 -0.77651 0.2209
vn -0.59012 -0.77651 0.2209
vn -0.47415 -0.62391 -0.62122
vn -0.47415 -0.62391 -0.62122
vn -0.60013 -0.78968 0.12749
vn -0.60013 -0.78968 0.12749
vn -0.35221 -0.46346 -0.81312
vn -0.35221 -0.46344 -0.81313
vn -0.60454 -0.79548 0.0417
vn -0.13699 -0.18025 0.97404
vn -0.13699 -0.18025 -0.97404
vn -0.60454 -0.79548 -0.0417
vn -0.60454 -0.79548 -0.0417
vn -0.35222 -0.46344 0.81312
vn -0.35221 -0.46346 0.81312
vn -0.60013 -0.78968 -0.12749
vn -0.60013 -0.78968 -0.12749
vn -0.47414 -0.62391 0.62123
vn -0.47415 -0.62391 0.62123
vn -0.14991 -0.11196 0.98234
vn -0.14991 -0.11194 -0.98234
vn -0.79156 -0.59112 -0.15498
vn -0.79156 -0.59112 -0.15497
vn -0.57585 -0.43002 0.69533
vn -0.57585 -0.43002 0.69533
vn -0.77228 -0.57672 -0.26642
vn -0.77228 -0.57672 -0.26642
vn -0.67789 -0.50622 0.53311
vn -0.67788 -0.50623 0.53311
vn -0.73756 -0.55079 -0.39067
vn -0.73756 -0.55079 0.39067
vn -0.73756 -0.55079 0.39067
vn -0.67788 -0.50623 -0.53311
vn -0.67789 -0.50622 -0.53311
vn -0.77228 -0.57672 0.26642
vn -0.77228 -0.57672 0.26642
vn -0.57585 -0.43002 -0.69533
vn -0.57585 -0.43002 -0.69533
vn -0.79156 -0.59112 0.15497
vn -0.79156 -0.59112 0.15497
vn -0.87098 -0.21119 -0.44361
vn -0.87098 -0.21119 0.44361
vn -0.87098 -0.21119 0.44361
vn -0.7831 -0.18988 -0.59219
vn -0.92496 -0.22428 0.30683
vn -0.64457 -0.15628 -0.7484
vn -0.64457 -0.15629 -0.7484
vn -0.95597 -0.23179 0.17997
vn -0.95597 -0.23179 0.17997
vn -0.43667 -0.10588 -0.89337
vn -0.43667 -0.10585 -0.89337
vn -0.97013 -0.23522 0.0593
vn -0.97013 -0.23523 0.0593
vn -0.15663 -0.03797 0.98693
vn -0.15663 -0.03797 -0.98693
vn -0.97013 -0.23523 -0.0593
vn -0.97013 -0.23522 -0.0593
vn -0.43667 -0.10585 0.89337
vn -0.43667 -0.10588 0.89337
vn -0.95597 -0.23179 -0.17997
vn -0.64457 -0.15629 0.7484
vn -0.78311 -0.18987 0.59219
vn -0.7831 -0.18988 0.59219
vn -0.15663 0.03797 0.98693
vn -0.15663 0.03797 -0.98693
vn -0.97013 0.23522 -0.0593
vn -0.43667 0.10586 0.89337
vn -0.43667 0.10588 0.89337
vn -0.95597 0.23179 -0.17997
vn -0.95597 0.23179 -0.17997
vn -0.64457 0.15629 0.7484
vn -0.64457 0.15628 0.7484
vn -0.92496 0.22427 -0.30683
vn -0.92497 0.22426 -0.30683
vn -0.7831 0.18988 0.59219
vn -0.87098 0.21117 -0.44361
vn -0.87098 0.21119 -0.44361
vn -0.87098 0.21119 0.44361
vn -0.7831 0.18988 -0.59219
vn -0.78311 0.18987 -0.59219
vn -0.92496 0.22427 0.30683
vn -0.64457 0.15629 -0.7484
vn -0.95597 0.23179 0.17997
vn -0.95597 0.23179 0.17997
vn -0.43667 0.10588 -0.89337
vn -0.43667 0.10586 -0.89337
vn -0.97013 0.23522 0.0593
vn -0.97013 0.23523 0.0593
vn -0.73756 0.55079 0.39067
vn -0.67789 0.50622 -0.53311
vn -0.67789 0.50622 -0.53311
vn -0.77228 0.57672 0.26642
vn -0.77228 0.57672 0.26642
vn -0.57585 0.43002 -0.69533
vn -0.57585 0.43003 -0.69533
vn -0.79156 0.59112 0.15497
vn -0.79156 0.59112 0.15498
vn -0.8002 0.59757 0.05087
vn -0.8002 0.59757 0.05087
vn -0.14991 0.11195 0.98234
vn -0.14991 0.11193 -0.98234
vn -0.8002 0.59757 -0.05087
vn -0.8002 0.59757 -0.05087
vn -0.79156 0.59112 -0.15497
vn -0.79156 0.59112 -0.15497
vn -0.57585 0.43002 0.69533
vn -0.57585 0.43002 0.69533
vn -0.77228 0.57672 -0.26642
vn -0.77227 0.57673 -0.26642
vn -0.67789 0.50622 0.53311
vn -0.67789 0.50622 0.53311
vn -0.73756 0.5508 -0.39067
vn -0.73757 0.55079 -0.39067
vn -0.60454 0.79548 -0.0417
vn -0.60454 0.79549 -0.0417
vn -0.35222 0.46344 0.81312
vn -0.35221 0.46346 0.81312
vn -0.60013 0.78968 -0.12749
vn -0.47415 0.62391 0.62123
vn -0.47414 0.62392 0.62122
vn -0.59012 0.77651 -0.2209
vn -0.59012 0.77651 -0.2209
vn -0.53762 0.70745 0.45877
vn -0.5715 0.752 -0.32846
vn -0.57149 0.75201 0.32846
vn -0.5715 0.752 0.32846
vn -0.53763 0.70745 -0.45878
vn -0.53762 0.70745 -0.45878
vn -0.59012 0.77651 0.2209
vn -0.59012 0.77651 0.2209
vn -0.47414 0.62392 -0.62122
vn -0.60013 0.78968 0.12749
vn -0.60012 0.78968 0.12749
vn -0.35222 0.46344 -0.81312
vn -0.60454 0.79549 0.0417
vn -0.60454 0.79548 0.0417
vn -0.13699 0.18025 0.97404
vn -0.13699 0.18025 -0.97404
vn -0.40725 0.82277 -0.39648
vn -0.43585 0.88056 0.18614
vn -0.43585 0.88056 0.18614
vn -0.36971 0.74693 -0.55264
vn -0.36971 0.74693 -0.55264
vn -0.44106 0.89109 0.1069
vn -0.44106 0.89109 0.1069
vn -0.28845 0.58276 -0.75973
vn -0.28844 0.58277 -0.75973
vn -0.44333 0.89568 0.03489
vn -0.44333 0.89568 0.03489
vn -0.11877 0.23996 0.96349
vn -0.11877 0.23996 -0.96349
vn -0.44333 0.89568 -0.03489
vn -0.44333 0.89568 -0.03489
vn -0.28844 0.58277 0.75972
vn -0.44106 0.89109 -0.1069
vn -0.44106 0.89109 -0.1069
vn -0.36971 0.74693 0.55264
vn -0.43585 0.88056 -0.18614
vn -0.43585 0.88056 -0.18614
vn -0.40725 0.82277 0.39648
vn -0.40725 0.82277 0.39648
vn -0.42595 0.86056 -0.2793
vn -0.42595 0.86056 -0.2793
vn -0.42595 0.86056 0.2793
vn -0.31489 0.94456 -0.09299
vn -0.31489 0.94456 -0.093
vn -0.27404 0.82204 0.49914
vn -0.27404 0.82205 0.49914
vn -0.31206 0.93608 -0.16239
vn -0.31206 0.93608 -0.16239
vn -0.2961 0.88822 0.35126
vn -0.2961 0.88822 0.35126
vn -0.30662 0.91976 -0.24498
vn -0.30661 0.91977 -0.24498
vn -0.30662 0.91977 0.24498
vn -0.30662 0.91976 0.24498
vn -0.2961 0.88822 -0.35126
vn -0.2961 0.88822 -0.35126
vn -0.31206 0.93608 0.16239
vn -0.31206 0.93608 0.16239
vn -0.27404 0.82205 -0.49914
vn -0.31489 0.94456 0.09299
vn -0.31489 0.94456 0.093
vn -0.31611 0.94824 0.03031
vn -0.09636 0.28903 0.95246
vn -0.09636 0.28903 -0.95246
vn -0.31611 0.94824 -0.03031
vn -0.31611 0.94824 -0.03031
vn -0.20988 0.96662 0.14698
vn -0.20987 0.96662 0.14698
vn -0.21143 0.97377 0.08403
vn -0.21143 0.97377 0.08403
vn -0.15643 0.72045 -0.67563
vn -0.2121 0.97687 0.02737
vn -0.2121 0.97686 0.02737
vn -0.07086 0.32635 0.94259
vn -0.07086 0.32635 -0.94259
vn -0.2121 0.97686 -0.02737
vn -0.2121 0.97687 -0.02737
vn -0.15643 0.72046 0.67563
vn -0.15643 0.72045 0.67563
vn -0.21143 0.97377 -0.08403
vn -0.21143 0.97377 -0.08403
vn -0.20987 0.96662 -0.14698
vn -0.20988 0.96662 -0.14698
vn -0.20097 0.92557 0.32083
vn -0.20096 0.92557 0.32083
vn -0.20687 0.95275 -0.22243
vn -0.20686 0.95275 -0.22243
vn -0.20686 0.95275 0.22243
vn -0.20687 0.95275 0.22243
vn -0.20096 0.92557 -0.32083
vn -0.12192 0.98942 -0.07869
vn -0.12192 0.98942 -0.07869
vn -0.12113 0.98303 -0.13776
vn -0.12113 0.98303 -0.13775
vn -0.11658 0.94608 0.30224
vn -0.1196 0.97061 -0.20884
vn -0.1196 0.97061 -0.20884
vn -0.1196 0.97061 0.20884
vn -0.11658 0.94608 -0.30223
vn -0.11657 0.94608 -0.30223
vn -0.12113 0.98303 0.13775
vn -0.12192 0.98942 0.07869
vn -0.12192 0.98942 0.07869
vn -0.09282 0.75332 -0.65107
vn -0.09282 0.75332 -0.65107
vn -0.12226 0.99217 0.02562
vn -0.12226 0.99217 -0.02562
vn -0.12226 0.99217 -0.02562
vn -0.09282 0.75332 0.65107
vn -0.09282 0.75332 0.65107
vn -0.03617 0.90386 -0.4263
vn -0.03616 0.90386 -0.4263
vn -0.03986 0.9963 0.07619
vn -0.03986 0.9963 0.07619
vn -0.03075 0.76872 -0.63885
vn -0.03077 0.76872 -0.63884
vn -0.03996 0.99889 0.0248
vn -0.03997 0.99889 0.0248
vn -0.03996 0.99889 -0.0248
vn -0.03077 0.76872 0.63885
vn -0.03075 0.76872 0.63884
vn -0.03986 0.9963 -0.07619
vn -0.03617 0.90386 0.4263
vn -0.03962 0.99027 -0.13344
vn -0.03962 0.99027 -0.13344
vn -0.03822 0.95522 0.29343
vn -0.03822 0.95522 0.29343
vn -0.03822 0.95522 -0.29343
vn -0.03822 0.95522 -0.29342
vn -0.03962 0.99027 0.13344
vn -0.03962 0.99027 0.13343
vn 0.34056 -0.05111 0.93883
vn -0.05863 -0.05427 0.9968
vn -0.05863 -0.05427 0.9968
vn 0.538 -0.04582 0.8417
vn 0.538 -0.04582 0.8417
vn -0.01906 -0.05435 0.99834
vn -0.01906 -0.05435 0.99834
vn -0.8913 -0.02465 0.45274
vn 0.89129 -0.02464 0.45276
vn 0.01906 -0.05435 0.99834
vn -0.53799 -0.04583 0.8417
vn -0.53799 -0.04582 0.8417
vn 0.05863 -0.05427 0.9968
vn 0.05863 -0.05427 0.9968
vn -0.34056 -0.05111 0.93883
vn -0.34056 -0.05111 0.93883
vn 0.10293 -0.05407 0.99322
vn 0.10294 -0.05407 0.99322
vn -0.22961 -0.05291 0.97184
vn -0.22961 -0.05291 0.97184
vn 0.15692 -0.05369 0.98615
vn 0.15692 -0.05369 0.98615
vn -0.15692 -0.05369 0.98615
vn -0.15692 -0.05369 0.98615
vn 0.22961 -0.05291 0.97184
vn 0.22961 -0.05291 0.97184
vn -0.10293 -0.05407 0.99322
vn -0.10293 -0.05407 0.99322
vn -0.16107 -0.16321 0.97335
vn -0.16107 -0.16321 0.97335
vn 0.2355 -0.16072 0.95849
vn 0.2355 -0.16072 0.95849
vn -0.1057 -0.16444 0.98071
vn -0.1057 -0.16444 0.98071
vn 0.3487 -0.15499 0.92433
vn 0.3487 -0.155 0.92433
vn -0.06022 -0.16507 0.98444
vn -0.06022 -0.16507 0.98444
vn 0.54826 -0.13831 0.82479
vn 0.54826 -0.13829 0.8248
vn -0.01958 -0.16534 0.98604
vn -0.01958 -0.16534 0.98604
vn -0.89612 -0.07339 0.4377
vn 0.89611 -0.07339 0.43771
vn 0.01958 -0.16534 0.98604
vn 0.01958 -0.16534 0.98604
vn -0.54825 -0.1383 0.8248
vn -0.54826 -0.13829 0.8248
vn 0.06022 -0.16507 0.98444
vn 0.06022 -0.16507 0.98444
vn -0.3487 -0.15498 0.92433
vn -0.3487 -0.15499 0.92433
vn 0.1057 -0.16444 0.98071
vn 0.1057 -0.16445 0.98071
vn -0.2355 -0.16072 0.95849
vn -0.2355 -0.16072 0.95849
vn 0.16107 -0.16321 0.97335
vn 0.16107 -0.16321 0.97335
vn 0.02066 -0.28329 0.95881
vn 0.02066 -0.28329 0.95881
vn -0.56887 -0.23303 0.78872
vn -0.56887 -0.23304 0.78872
vn 0.06352 -0.28278 0.95708
vn 0.06352 -0.28278 0.95708
vn -0.36541 -0.26376 0.8927
vn -0.36541 -0.26376 0.8927
vn 0.11146 -0.28159 0.95304
vn 0.11146 -0.28158 0.95304
vn -0.24771 -0.27452 0.92913
vn -0.24771 -0.27452 0.92913
vn 0.1697 -0.27924 0.94511
vn 0.1697 -0.27924 0.94511
vn -0.1697 -0.27924 0.94511
vn -0.1697 -0.27924 0.94511
vn 0.2477 -0.27452 0.92913
vn 0.24771 -0.27452 0.92913
vn -0.11146 -0.28158 0.95304
vn -0.11146 -0.28159 0.95304
vn 0.36542 -0.26376 0.8927
vn -0.06352 -0.28278 0.95708
vn -0.06352 -0.28278 0.95708
vn 0.56887 -0.23303 0.78872
vn 0.56888 -0.23304 0.78871
vn -0.02066 -0.28329 0.95881
vn -0.02066 -0.28329 0.95881
vn -0.90524 -0.1204 0.40749
vn 0.90523 -0.1204 0.4075
vn 0.26694 -0.39813 0.87763
vn 0.26694 -0.39813 0.87763
vn -0.12062 -0.4101 0.90403
vn -0.12062 -0.4101 0.90403
vn 0.39137 -0.38016 0.83804
vn 0.39137 -0.38016 0.83804
vn -0.06879 -0.41214 0.90852
vn -0.06879 -0.41214 0.90852
vn 0.59968 -0.33059 0.72876
vn 0.59968 -0.33059 0.72876
vn -0.02238 -0.41301 0.91045
vn -0.02238 -0.41302 0.91045
vn -0.91758 -0.16423 0.36204
vn 0.91758 -0.16424 0.36205
vn 0.02238 -0.41302 0.91045
vn 0.02238 -0.41301 0.91045
vn -0.59968 -0.33059 0.72876
vn -0.59968 -0.33059 0.72876
vn 0.06879 -0.41214 0.90852
vn 0.0688 -0.41214 0.90852
vn -0.39137 -0.38017 0.83804
vn -0.39137 -0.38017 0.83804
vn 0.12062 -0.41011 0.90403
vn 0.12062 -0.41011 0.90403
vn -0.26694 -0.39813 0.87763
vn -0.26694 -0.39813 0.87763
vn 0.1834 -0.40611 0.89523
vn 0.1834 -0.40611 0.89523
vn -0.1834 -0.40611 0.89523
vn -0.1834 -0.40611 0.89523
vn 0.07631 -0.55701 0.82699
vn 0.0763 -0.55701 0.82699
vn -0.42682 -0.5052 0.75007
vn -0.42682 -0.5052 0.75006
vn 0.13363 -0.55363 0.82197
vn 0.13363 -0.55363 0.82197
vn -0.29383 -0.53398 0.7928
vn -0.29383 -0.53398 0.7928
vn 0.20274 -0.54704 0.81219
vn 0.20274 -0.54704 0.81218
vn -0.20274 -0.54704 0.81219
vn -0.20274 -0.54705 0.81218
vn 0.29383 -0.53398 0.7928
vn 0.29383 -0.53399 0.79279
vn -0.13363 -0.55364 0.82197
vn -0.13364 -0.55363 0.82197
vn 0.42683 -0.5052 0.75006
vn 0.42682 -0.5052 0.75006
vn -0.0763 -0.55701 0.82699
vn -0.0763 -0.55701 0.82699
vn 0.63942 -0.42952 0.6377
vn 0.63942 -0.42952 0.6377
vn -0.02484 -0.55847 0.82915
vn -0.02484 -0.55847 0.82916
vn -0.93153 -0.20317 0.30163
vn 0.93152 -0.20317 0.30164
vn 0.02484 -0.55847 0.82916
vn 0.02484 -0.55847 0.82915
vn -0.63942 -0.42953 0.63769
vn -0.63941 -0.42952 0.6377
vn -0.086 -0.71621 0.69256
vn -0.086 -0.71621 0.69256
vn 0.68414 -0.52431 0.507
vn 0.68414 -0.52431 0.507
vn -0.02801 -0.71859 0.69487
vn -0.02801 -0.71859 0.69487
vn -0.94499 -0.23513 0.22738
vn 0.94499 -0.23515 0.22738
vn 0.02801 -0.71859 0.69487
vn 0.02801 -0.71859 0.69487
vn -0.68414 -0.52431 0.50701
vn -0.68414 -0.52431 0.507
vn 0.086 -0.71621 0.69256
vn 0.086 -0.71621 0.69256
vn -0.46991 -0.63456 0.61361
vn -0.46991 -0.63456 0.61361
vn 0.15036 -0.7107 0.68724
vn 0.15036 -0.7107 0.68723
vn -0.32759 -0.67921 0.65678
vn -0.32759 -0.67921 0.65678
vn 0.2274 -0.70004 0.67693
vn 0.2274 -0.70004 0.67693
vn -0.2274 -0.70004 0.67692
vn -0.2274 -0.70004 0.67693
vn 0.32759 -0.67921 0.65678
vn 0.32759 -0.67921 0.65679
vn -0.15036 -0.7107 0.68724
vn -0.15036 -0.7107 0.68724
vn -0.51342 -0.7523 0.41285
vn -0.51342 -0.7523 0.41285
vn 0.16849 -0.86413 0.47422
vn 0.16849 -0.86413 0.47422
vn -0.36308 -0.81684 0.44826
vn -0.36308 -0.81684 0.44827
vn 0.25385 -0.84795 0.46534
vn 0.25385 -0.84795 0.46535
vn -0.25385 -0.84795 0.46535
vn -0.25385 -0.84795 0.46534
vn 0.36308 -0.81684 0.44827
vn 0.36308 -0.81684 0.44827
vn -0.16849 -0.86413 0.47423
vn -0.16849 -0.86413 0.47422
vn 0.51342 -0.7523 0.41285
vn 0.51343 -0.7523 0.41284
vn -0.09656 -0.87257 0.47886
vn -0.09656 -0.87257 0.47885
vn 0.72552 -0.60332 0.33109
vn 0.72552 -0.60332 0.33109
vn -0.03148 -0.87623 0.48086
vn -0.03148 -0.87623 0.48086
vn -0.9557 -0.25803 0.1416
vn 0.9557 -0.25804 0.14161
vn 0.03148 -0.87623 0.48086
vn 0.03148 -0.87623 0.48086
vn -0.72552 -0.60333 0.33109
vn -0.72552 -0.60332 0.33109
vn 0.09656 -0.87257 0.47885
vn 0.09656 -0.87257 0.47886
vn -0.10418 -0.97914 0.17445
vn -0.10419 -0.97914 0.17446
vn 0.7513 -0.64973 0.11577
vn 0.7513 -0.64973 0.11576
vn -0.03399 -0.98392 0.17532
vn -0.96165 -0.27001 0.04811
vn 0.96165 -0.27002 0.04811
vn 0.03399 -0.98393 0.17531
vn 0.03399 -0.98392 0.17532
vn -0.7513 -0.64973 0.11577
vn -0.7513 -0.64973 0.11577
vn 0.10418 -0.97914 0.17446
vn 0.10419 -0.97914 0.17445
vn -0.54266 -0.82692 0.14735
vn -0.54266 -0.82693 0.14734
vn 0.18152 -0.96814 0.17249
vn -0.38785 -0.90743 0.16168
vn -0.38785 -0.90743 0.16169
vn 0.27267 -0.94719 0.16878
vn 0.27267 -0.94719 0.16876
vn -0.27267 -0.94719 0.16877
vn -0.27267 -0.94719 0.16877
vn 0.38785 -0.90743 0.16167
vn 0.38785 -0.90743 0.16168
vn -0.18152 -0.96814 0.1725
vn -0.18152 -0.96814 0.17249
vn 0.54267 -0.82692 0.14734
vn 0.54267 -0.82692 0.14735
vn 0.18152 -0.96814 -0.1725
vn 0.18152 -0.96814 -0.17251
vn -0.38785 -0.90743 -0.16168
vn -0.38785 -0.90743 -0.16169
vn 0.27267 -0.94719 -0.16878
vn 0.27267 -0.94719 -0.16877
vn -0.27267 -0.94719 -0.16877
vn -0.27267 -0.94719 -0.16877
vn 0.38785 -0.90743 -0.16169
vn 0.38785 -0.90743 -0.16168
vn -0.18152 -0.96814 -0.1725
vn -0.18152 -0.96814 -0.1725
vn 0.54267 -0.82692 -0.14734
vn 0.54267 -0.82692 -0.14735
vn -0.10419 -0.97914 -0.17446
vn 0.7513 -0.64973 -0.11577
vn 0.7513 -0.64973 -0.11576
vn -0.03399 -0.98393 -0.17532
vn -0.03399 -0.98393 -0.17531
vn -0.96165 -0.27001 -0.04811
vn 0.96165 -0.27002 -0.04811
vn 0.03399 -0.98393 -0.17532
vn -0.7513 -0.64973 -0.11576
vn -0.7513 -0.64973 -0.11577
vn 0.10419 -0.97914 -0.17446
vn 0.10419 -0.97914 -0.17446
vn -0.54266 -0.82693 -0.14734
vn -0.54267 -0.82693 -0.14734
vn 0.72552 -0.60332 -0.33109
vn 0.72552 -0.60332 -0.33109
vn -0.03148 -0.87623 -0.48087
vn -0.03148 -0.87623 -0.48086
vn -0.9557 -0.25803 -0.1416
vn 0.9557 -0.25804 -0.14161
vn 0.03148 -0.87623 -0.48086
vn 0.03148 -0.87623 -0.48087
vn -0.72552 -0.60332 -0.3311
vn -0.72552 -0.60332 -0.3311
vn 0.09656 -0.87257 -0.47885
vn -0.51342 -0.7523 -0.41285
vn -0.51342 -0.7523 -0.41285
vn 0.16849 -0.86413 -0.47422
vn 0.16849 -0.86413 -0.47422
vn -0.36309 -0.81684 -0.44827
vn -0.36308 -0.81684 -0.44827
vn 0.25386 -0.84795 -0.46534
vn 0.25385 -0.84795 -0.46534
vn -0.25385 -0.84795 -0.46535
vn -0.25385 -0.84795 -0.46534
vn 0.36308 -0.81684 -0.44826
vn 0.36308 -0.81684 -0.44827
vn -0.16849 -0.86413 -0.47423
vn -0.16849 -0.86413 -0.47422
vn 0.51343 -0.7523 -0.41285
vn 0.51343 -0.7523 -0.41285
vn -0.09656 -0.87257 -0.47885
vn -0.09656 -0.87257 -0.47886
vn -0.32759 -0.67921 -0.65678
vn -0.32759 -0.67921 -0.65678
vn 0.2274 -0.70004 -0.67693
vn 0.2274 -0.70004 -0.67693
vn 0.2274 -0.70004 -0.67693
vn -0.2274 -0.70005 -0.67692
vn -0.2274 -0.70004 -0.67692
vn -0.2274 -0.70004 -0.67692
vn 0.32759 -0.67921 -0.65678
vn 0.32759 -0.67921 -0.65679
vn -0.15036 -0.71071 -0.68723
vn -0.15036 -0.7107 -0.68724
vn 0.46991 -0.63456 -0.61361
vn 0.46991 -0.63456 -0.61361
vn -0.086 -0.71621 -0.69257
vn 0.68414 -0.52431 -0.507
vn 0.68414 -0.52431 -0.507
vn -0.02801 -0.71859 -0.69487
vn -0.02801 -0.71859 -0.69487
vn -0.94499 -0.23513 -0.22738
vn 0.94499 -0.23515 -0.22738
vn 0.02801 -0.71859 -0.69487
vn 0.02801 -0.71859 -0.69487
vn -0.68414 -0.52431 -0.50701
vn -0.68413 -0.52431 -0.50701
vn 0.086 -0.7162 -0.69257
vn 0.086 -0.71621 -0.69257
vn -0.46991 -0.63455 -0.61362
vn -0.46991 -0.63456 -0.6136
vn 0.15036 -0.7107 -0.68724
vn 0.15036 -0.7107 -0.68724
vn -0.93153 -0.20316 -0.30162
vn 0.93152 -0.20317 -0.30165
vn -0.63942 -0.42953 -0.63769
vn -0.63941 -0.42952 -0.6377
vn -0.42683 -0.5052 -0.75006
vn -0.42682 -0.5052 -0.75006
vn -0.29383 -0.53398 -0.7928
vn -0.29383 -0.53398 -0.7928
vn 0.20274 -0.54704 -0.81218
vn 0.29383 -0.53399 -0.79279
vn 0.29384 -0.53398 -0.79279
vn 0.29381 -0.53395 -0.79282
vn 0.42683 -0.5052 -0.75006
vn 0.42683 -0.5052 -0.75006
vn 0.63942 -0.42952 -0.6377
vn 0.63941 -0.42951 -0.63771
vn 0.26693 -0.39812 -0.87764
vn 0.39137 -0.38016 -0.83804
vn 0.39136 -0.38016 -0.83804
vn 0.39137 -0.38016 -0.83804
vn 0.59969 -0.33059 -0.72876
vn 0.59969 -0.3306 -0.72875
vn -0.91758 -0.16423 -0.36204
vn 0.91758 -0.16424 -0.36205
vn -0.59968 -0.33059 -0.72876
vn -0.59968 -0.33059 -0.72876
vn -0.39137 -0.38016 -0.83804
vn -0.39137 -0.38017 -0.83804
vn 0.90523 -0.1204 -0.4075
vn -0.56887 -0.23303 -0.78872
vn -0.56887 -0.23304 -0.78872
vn 0.36541 -0.26375 -0.8927
vn 0.36541 -0.26375 -0.8927
vn 0.56888 -0.23303 -0.78872
vn 0.56888 -0.23304 -0.78872
vn -0.90524 -0.12039 -0.40749
vn 0.3487 -0.155 -0.92433
vn 0.3487 -0.155 -0.92433
vn 0.54826 -0.13831 -0.82479
vn -0.89612 -0.07339 -0.4377
vn 0.89611 -0.07339 -0.43771
vn -0.54825 -0.1383 -0.8248
vn -0.54826 -0.1383 -0.8248
vn -0.53799 -0.04582 -0.8417
vn -0.53799 -0.04582 -0.8417
vn 0.34056 -0.05111 -0.93883
vn 0.34056 -0.0511 -0.93883
vn 0.538 -0.04582 -0.8417
vn 0.538 -0.04583 -0.8417
vn -0.8913 -0.02464 -0.45274
vn 0.89129 -0.02465 -0.45276
vn 0.34056 0.05112 -0.93883
vn 0.34055 0.05111 -0.93884
vn 0.538 0.04582 -0.8417
vn 0.538 0.04583 -0.8417
vn -0.8913 0.02464 -0.45274
vn 0.89129 0.02465 -0.45276
vn -0.53799 0.04582 -0.8417
vn -0.53799 0.04583 -0.8417
vn 0.34869 0.15498 -0.92433
vn 0.3487 0.15499 -0.92433
vn 0.54826 0.1383 -0.82479
vn 0.54826 0.13829 -0.8248
vn -0.89612 0.07339 -0.4377
vn 0.89611 0.07339 -0.43771
vn -0.54825 0.1383 -0.8248
vn -0.54825 0.1383 -0.8248
vn 0.36541 0.26375 -0.8927
vn 0.36541 0.26375 -0.8927
vn 0.56888 0.23303 -0.78872
vn 0.56888 0.23303 -0.78872
vn -0.90524 0.1204 -0.40748
vn 0.90523 0.1204 -0.4075
vn -0.56888 0.23305 -0.78871
vn -0.56887 0.23303 -0.78872
vn 0.39137 0.38017 -0.83803
vn 0.39137 0.38016 -0.83804
vn 0.39137 0.38016 -0.83804
vn 0.59969 0.3306 -0.72875
vn 0.59969 0.3306 -0.72875
vn -0.91758 0.16423 -0.36205
vn 0.91758 0.16424 -0.36205
vn -0.59968 0.33057 -0.72877
vn -0.59968 0.33059 -0.72876
vn 0.63941 0.42951 -0.63771
vn 0.63942 0.42952 -0.6377
vn -0.93153 0.20317 -0.30163
vn 0.93152 0.20317 -0.30164
vn -0.63941 0.42953 -0.63769
vn -0.63941 0.42952 -0.6377
vn -0.42683 0.50521 -0.75006
vn -0.42683 0.5052 -0.75006
vn 0.29382 0.53398 -0.7928
vn 0.29383 0.53398 -0.7928
vn 0.29383 0.53398 -0.7928
vn 0.42682 0.5052 -0.75006
vn 0.42682 0.50519 -0.75007
vn -0.32759 0.67921 -0.65678
vn -0.32759 0.6792 -0.65679
vn 0.2274 0.70004 -0.67692
vn 0.2274 0.70004 -0.67692
vn 0.2274 0.70004 -0.67692
vn 0.32759 0.67921 -0.65678
vn 0.32759 0.67921 -0.65678
vn 0.46991 0.63457 -0.6136
vn 0.46991 0.63456 -0.61361
vn 0.68414 0.52431 -0.507
vn 0.68415 0.52431 -0.507
vn -0.94499 0.23514 -0.22738
vn 0.94499 0.23515 -0.22738
vn -0.68414 0.52431 -0.50701
vn -0.68414 0.52431 -0.507
vn -0.46991 0.63456 -0.61361
vn -0.46991 0.63456 -0.6136
vn 0.72553 0.60332 -0.33109
vn 0.72552 0.60332 -0.33109
vn -0.03148 0.87623 -0.48087
vn -0.03148 0.87623 -0.48086
vn -0.9557 0.25803 -0.1416
vn 0.9557 0.25804 -0.14161
vn 0.03148 0.87623 -0.48086
vn 0.03148 0.87623 -0.48087
vn -0.72552 0.60333 -0.33109
vn -0.72552 0.60332 -0.3311
vn 0.09655 0.87257 -0.47886
vn 0.09656 0.87257 -0.47885
vn -0.51342 0.7523 -0.41285
vn -0.51342 0.7523 -0.41285
vn 0.16849 0.86413 -0.47422
vn 0.16849 0.86413 -0.47423
vn -0.36308 0.81684 -0.44827
vn -0.36308 0.81684 -0.44826
vn 0.25385 0.84795 -0.46534
vn 0.25385 0.84795 -0.46535
vn -0.25385 0.84795 -0.46534
vn -0.25386 0.84795 -0.46534
vn 0.36308 0.81684 -0.44827
vn 0.36308 0.81684 -0.44827
vn -0.16849 0.86413 -0.47422
vn -0.16849 0.86413 -0.47422
vn 0.51342 0.7523 -0.41285
vn 0.51342 0.7523 -0.41285
vn -0.09656 0.87257 -0.47885
vn -0.09656 0.87257 -0.47886
vn 0.27267 0.94719 -0.16877
vn 0.27267 0.94719 -0.16876
vn -0.27267 0.94719 -0.16877
vn -0.27267 0.94719 -0.16877
vn 0.38785 0.90743 -0.16167
vn 0.38784 0.90743 -0.1617
vn -0.18152 0.96814 -0.1725
vn -0.18152 0.96814 -0.1725
vn 0.54267 0.82692 -0.14735
vn 0.54267 0.82692 -0.14735
vn -0.10419 0.97914 -0.17446
vn -0.10419 0.97914 -0.17446
vn 0.7513 0.64972 -0.11577
vn 0.7513 0.64972 -0.11576
vn -0.03399 0.98393 -0.17532
vn -0.03399 0.98393 -0.17531
vn -0.96165 0.27001 -0.04811
vn 0.96165 0.27002 -0.04811
vn 0.03399 0.98393 -0.17531
vn 0.03399 0.98393 -0.17532
vn -0.7513 0.64973 -0.11577
vn -0.7513 0.64973 -0.11577
vn 0.10419 0.97914 -0.17446
vn 0.10418 0.97914 -0.17447
vn -0.54267 0.82692 -0.14734
vn -0.54267 0.82692 -0.14734
vn 0.18152 0.96814 -0.17251
vn -0.38785 0.90743 -0.16168
vn -0.38785 0.90743 -0.16169
vn -0.96165 0.27001 0.04811
vn 0.96165 0.27002 0.04811
vn 0.03399 0.98393 0.17531
vn 0.03399 0.98393 0.17532
vn -0.7513 0.64973 0.11577
vn -0.7513 0.64973 0.11577
vn 0.10418 0.97914 0.17446
vn 0.10419 0.97913 0.17447
vn -0.54267 0.82692 0.14734
vn 0.18152 0.96814 0.17251
vn 0.18152 0.96814 0.1725
vn -0.38785 0.90743 0.16168
vn -0.38785 0.90743 0.16169
vn 0.27267 0.94719 0.16877
vn 0.27267 0.94719 0.16876
vn -0.27267 0.94719 0.16877
vn -0.27267 0.94719 0.16878
vn 0.38785 0.90743 0.16168
vn 0.38785 0.90743 0.1617
vn -0.18152 0.96814 0.17251
vn 0.54267 0.82692 0.14735
vn 0.54267 0.82692 0.14735
vn -0.10419 0.97914 0.17446
vn -0.10419 0.97914 0.17446
vn 0.7513 0.64972 0.11577
vn 0.7513 0.64972 0.11576
vn -0.03399 0.98392 0.17532
vn -0.03399 0.98393 0.17531
vn -0.25385 0.84795 0.46534
vn -0.25385 0.84795 0.46534
vn 0.36308 0.81684 0.44827
vn 0.36308 0.81684 0.44827
vn -0.16849 0.86413 0.47422
vn -0.16849 0.86413 0.47422
vn 0.51342 0.7523 0.41285
vn 0.51342 0.7523 0.41285
vn -0.09656 0.87257 0.47885
vn -0.09655 0.87257 0.47886
vn 0.72552 0.60332 0.33109
vn 0.72552 0.60332 0.33109
vn -0.03148 0.87623 0.48087
vn -0.03148 0.87623 0.48086
vn -0.9557 0.25803 0.1416
vn 0.9557 0.25804 0.14161
vn 0.03148 0.87623 0.48086
vn 0.03148 0.87623 0.48087
vn -0.72552 0.60333 0.33109
vn -0.72552 0.60333 0.33109
vn 0.09656 0.87257 0.47886
vn 0.09656 0.87257 0.47885
vn -0.51343 0.7523 0.41284
vn -0.51342 0.7523 0.41285
vn 0.16849 0.86414 0.47422
vn 0.16849 0.86413 0.47423
vn -0.36308 0.81684 0.44827
vn -0.36308 0.81684 0.44826
vn 0.25385 0.84794 0.46535
vn 0.25385 0.84795 0.46535
vn 0.02802 0.71859 0.69487
vn 0.02802 0.71859 0.69487
vn -0.68413 0.52431 0.50701
vn -0.68414 0.52431 0.507
vn 0.08599 0.71621 0.69256
vn 0.08599 0.71621 0.69256
vn -0.46991 0.63456 0.61361
vn -0.46991 0.63456 0.61361
vn 0.15036 0.7107 0.68724
vn 0.15036 0.7107 0.68723
vn -0.32759 0.67921 0.65678
vn -0.32759 0.67921 0.65679
vn 0.2274 0.70004 0.67693
vn 0.2274 0.70004 0.67693
vn -0.2274 0.70004 0.67693
vn -0.2274 0.70004 0.67693
vn 0.32759 0.67921 0.65678
vn 0.32759 0.67921 0.65678
vn -0.15036 0.7107 0.68724
vn -0.15036 0.7107 0.68724
vn 0.46991 0.63457 0.6136
vn -0.08599 0.71621 0.69256
vn -0.08599 0.71621 0.69256
vn 0.68414 0.52431 0.507
vn 0.68415 0.52431 0.507
vn -0.02802 0.71859 0.69487
vn -0.02802 0.71859 0.69487
vn -0.94499 0.23514 0.22738
vn 0.94499 0.23515 0.22738
vn 0.29383 0.53398 0.7928
vn 0.29383 0.53398 0.7928
vn -0.13363 0.55363 0.82197
vn -0.13363 0.55363 0.82197
vn 0.42682 0.5052 0.75006
vn 0.42682 0.50519 0.75007
vn -0.0763 0.55701 0.82699
vn -0.0763 0.55701 0.82699
vn 0.63942 0.42951 0.63771
vn 0.63942 0.42952 0.6377
vn -0.02484 0.55847 0.82915
vn -0.02484 0.55847 0.82915
vn -0.93153 0.20317 0.30163
vn 0.93152 0.20317 0.30164
vn 0.02484 0.55847 0.82915
vn 0.02484 0.55847 0.82915
vn -0.63942 0.42953 0.63769
vn -0.63941 0.42952 0.6377
vn 0.0763 0.55701 0.82699
vn 0.0763 0.55701 0.82699
vn -0.42682 0.5052 0.75006
vn -0.42682 0.5052 0.75006
vn 0.13363 0.55363 0.82197
vn 0.13363 0.55363 0.82197
vn -0.29383 0.53398 0.7928
vn -0.29383 0.53399 0.79279
vn 0.20274 0.54704 0.81218
vn 0.20274 0.54704 0.81218
vn -0.20274 0.54704 0.81218
vn -0.20274 0.54704 0.81219
vn -0.59967 0.33058 0.72877
vn -0.59968 0.33059 0.72876
vn 0.06879 0.41214 0.90852
vn 0.06879 0.41214 0.90852
vn -0.39137 0.38017 0.83804
vn -0.39137 0.38016 0.83804
vn -0.26694 0.39813 0.87763
vn -0.26694 0.39813 0.87763
vn -0.18339 0.40611 0.89523
vn -0.1834 0.40611 0.89523
vn 0.26694 0.39813 0.87763
vn 0.26694 0.39813 0.87763
vn -0.12062 0.41011 0.90403
vn -0.12062 0.4101 0.90403
vn 0.39137 0.38017 0.83803
vn 0.39137 0.38017 0.83803
vn -0.06879 0.41214 0.90852
vn -0.06879 0.41214 0.90852
vn 0.59969 0.3306 0.72875
vn 0.59969 0.3306 0.72875
vn -0.02238 0.41302 0.91045
vn -0.02238 0.41302 0.91045
vn -0.91758 0.16423 0.36205
vn 0.91758 0.16424 0.36205
vn 0.02238 0.41302 0.91045
vn 0.02238 0.41302 0.91045
vn -0.11146 0.28158 0.95304
vn -0.11146 0.28158 0.95304
vn 0.36541 0.26376 0.8927
vn 0.36542 0.26375 0.8927
vn -0.06352 0.28278 0.95708
vn -0.06352 0.28278 0.95708
vn 0.56888 0.23303 0.78872
vn 0.56888 0.23303 0.78872
vn -0.02066 0.28329 0.95881
vn -0.02066 0.28329 0.95881
vn -0.90524 0.1204 0.40749
vn 0.90523 0.1204 0.4075
vn 0.02066 0.28329 0.95881
vn 0.02066 0.28329 0.95881
vn -0.56887 0.23304 0.78872
vn -0.56887 0.23304 0.78872
vn 0.06352 0.28278 0.95708
vn 0.06352 0.28278 0.95708
vn -0.36541 0.26376 0.8927
vn -0.36541 0.26376 0.8927
vn 0.11146 0.28158 0.95304
vn 0.11146 0.28158 0.95304
vn -0.24771 0.27452 0.92913
vn -0.24771 0.27452 0.92913
vn -0.1697 0.27924 0.94511
vn -0.1697 0.27924 0.94511
vn 0.2477 0.27452 0.92913
vn 0.2477 0.27452 0.92913
vn 0.06022 0.16507 0.98444
vn 0.06022 0.16507 0.98444
vn -0.3487 0.15499 0.92433
vn -0.3487 0.15499 0.92433
vn 0.1057 0.16444 0.98071
vn 0.1057 0.16444 0.98071
vn -0.2355 0.16072 0.95849
vn -0.2355 0.16072 0.95849
vn 0.16107 0.16321 0.97335
vn 0.16107 0.16321 0.97335
vn -0.16107 0.16321 0.97335
vn -0.16107 0.16321 0.97335
vn 0.2355 0.16072 0.95849
vn -0.1057 0.16445 0.98071
vn -0.1057 0.16444 0.98071
vn 0.3487 0.15499 0.92433
vn 0.3487 0.15499 0.92433
vn -0.06022 0.16507 0.98444
vn -0.06022 0.16507 0.98444
vn 0.54826 0.1383 0.82479
vn 0.54826 0.13829 0.82479
vn -0.01958 0.16534 0.98604
vn -0.01958 0.16534 0.98604
vn -0.89612 0.07339 0.4377
vn 0.89611 0.07339 0.43771
vn 0.01958 0.16534 0.98604
vn 0.01958 0.16534 0.98604
vn -0.54825 0.1383 0.8248
vn -0.54826 0.1383 0.8248
vn 0.34056 0.05111 0.93883
vn 0.34056 0.05111 0.93883
vn -0.05863 0.05427 0.9968
vn -0.05863 0.05427 0.9968
vn 0.538 0.04582 0.8417
vn -0.01907 0.05435 0.99834
vn -0.01906 0.05435 0.99834
vn -0.8913 0.02465 0.45274
vn 0.01907 0.05435 0.99834
vn 0.01906 0.05435 0.99834
vn -0.53799 0.04583 0.8417
vn -0.53799 0.04583 0.8417
vn 0.05863 0.05427 0.9968
vn 0.05863 0.05427 0.9968
vn -0.34056 0.05111 0.93883
vn -0.34056 0.05111 0.93883
vn 0.10293 0.05408 0.99322
vn 0.10293 0.05407 0.99322
vn -0.22961 0.05291 0.97184
vn -0.22961 0.05291 0.97184
vn 0.15692 0.05369 0.98615
vn -0.15692 0.05369 0.98615
vn -0.15692 0.05369 0.98615
vn 0.2296 0.05291 0.97184
vn 0.22961 0.05291 0.97184
vn -0.10293 0.05408 0.99322
vn -0.10293 0.05408 0.99322
vn 0.09755 0.99044 -0.09755
vn 0.09755 0.99044 -0.09755
vn 0.02858 0.29017 0.95655
vn 0.02858 0.29017 0.95655
vn 0.09384 0.95272 -0.289
vn 0.09383 0.95272 -0.289
vn 0.04638 0.47089 0.88097
vn 0.04638 0.47089 0.88097
vn 0.08654 0.87861 -0.46963
vn 0.08654 0.87861 -0.46963
vn 0.06236 0.63316 0.77151
vn 0.06236 0.63316 0.77151
vn 0.07592 0.77078 -0.63256
vn 0.07592 0.77078 -0.63256
vn 0.07592 0.77078 0.63256
vn 0.07592 0.77078 0.63256
vn 0.06236 0.63316 -0.77151
vn 0.06236 0.63316 -0.7715
vn 0.08654 0.87861 0.46962
vn 0.08653 0.87861 0.46963
vn 0.04638 0.47089 -0.88097
vn 0.04638 0.47089 -0.88097
vn 0.09383 0.95272 0.28901
vn 0.09384 0.95272 0.289
vn 0.02858 0.29016 -0.95655
vn 0.02858 0.29016 -0.95655
vn 0.09755 0.99044 0.09755
vn 0.09755 0.99044 0.09755
vn 0.00965 0.09801 0.99514
vn 0.00965 0.09801 -0.99514
vn 0.08464 0.27901 -0.95655
vn 0.08464 0.27901 -0.95655
vn 0.2889 0.95238 0.09755
vn 0.2889 0.95238 0.09755
vn 0.02859 0.09425 0.99514
vn 0.02859 0.09425 -0.99514
vn 0.2889 0.95238 -0.09755
vn 0.2889 0.95238 -0.09755
vn 0.08464 0.27902 0.95655
vn 0.08464 0.27902 0.95655
vn 0.2779 0.91611 -0.289
vn 0.2779 0.91611 -0.289
vn 0.13735 0.45279 0.88097
vn 0.13735 0.45279 0.88097
vn 0.25628 0.84485 -0.46963
vn 0.25628 0.84485 -0.46963
vn 0.18469 0.60883 0.77151
vn 0.18468 0.60883 0.77151
vn 0.22483 0.74116 -0.63256
vn 0.22483 0.74116 -0.63256
vn 0.22483 0.74116 0.63256
vn 0.22482 0.74116 0.63256
vn 0.18468 0.60883 -0.7715
vn 0.18469 0.60883 -0.77151
vn 0.25628 0.84485 0.46963
vn 0.25628 0.84485 0.46963
vn 0.13735 0.45279 -0.88097
vn 0.13735 0.45279 -0.88097
vn 0.2779 0.91611 0.289
vn 0.2779 0.91611 0.289
vn 0.3651 0.68306 -0.63256
vn 0.3651 0.68306 -0.63256
vn 0.3651 0.68305 0.63256
vn 0.3651 0.68305 0.63256
vn 0.29991 0.5611 -0.77151
vn 0.29992 0.5611 -0.77151
vn 0.41618 0.77862 0.46963
vn 0.41618 0.77862 0.46963
vn 0.22305 0.4173 -0.88097
vn 0.22305 0.4173 -0.88097
vn 0.45128 0.84429 0.289
vn 0.45128 0.84429 0.289
vn 0.13744 0.25714 -0.95655
vn 0.13744 0.25714 -0.95655
vn 0.46915 0.87771 0.09755
vn 0.46915 0.87772 0.09755
vn 0.04643 0.08686 0.99514
vn 0.04643 0.08686 -0.99514
vn 0.46915 0.87772 -0.09755
vn 0.46915 0.87771 -0.09755
vn 0.13744 0.25714 0.95655
vn 0.13744 0.25714 0.95655
vn 0.45128 0.84429 -0.289
vn 0.45128 0.84429 -0.289
vn 0.22305 0.4173 0.88097
vn 0.22305 0.4173 0.88097
vn 0.41618 0.77862 -0.46963
vn 0.41618 0.77862 -0.46963
vn 0.29991 0.5611 0.77151
vn 0.29991 0.5611 0.77151
vn 0.06248 0.07613 0.99514
vn 0.06248 0.07613 -0.99514
vn 0.63137 0.76932 -0.09755
vn 0.63137 0.76932 -0.09755
vn 0.18497 0.22539 0.95655
vn 0.18497 0.22539 0.95655
vn 0.60732 0.74002 -0.289
vn 0.60732 0.74002 -0.289
vn 0.30017 0.36576 0.88097
vn 0.30017 0.36576 0.88097
vn 0.56008 0.68246 -0.46963
vn 0.56008 0.68246 -0.46963
vn 0.40361 0.49181 0.77151
vn 0.40361 0.49181 0.77151
vn 0.49134 0.5987 -0.63256
vn 0.49134 0.59871 -0.63256
vn 0.49134 0.5987 0.63256
vn 0.49134 0.5987 0.63256
vn 0.40361 0.49181 -0.77151
vn 0.40362 0.49181 -0.77151
vn 0.56008 0.68246 0.46963
vn 0.56008 0.68246 0.46963
vn 0.30017 0.36576 -0.88097
vn 0.30017 0.36576 -0.88097
vn 0.60732 0.74002 0.289
vn 0.60732 0.74002 0.289
vn 0.18497 0.22538 -0.95655
vn 0.18497 0.22539 -0.95655
vn 0.63137 0.76932 0.09755
vn 0.63137 0.76932 0.09755
vn 0.5987 0.49134 0.63256
vn 0.5987 0.49134 0.63256
vn 0.49181 0.40362 -0.77151
vn 0.49181 0.40362 -0.77151
vn 0.68246 0.56008 0.46963
vn 0.68246 0.56008 0.46963
vn 0.36576 0.30018 -0.88097
vn 0.36576 0.30017 -0.88097
vn 0.74002 0.60732 0.28901
vn 0.74002 0.60732 0.28901
vn 0.22538 0.18497 -0.95655
vn 0.22538 0.18497 -0.95655
vn 0.76932 0.63137 0.09755
vn 0.76932 0.63137 0.09755
vn 0.07613 0.06248 0.99514
vn 0.07613 0.06248 -0.99514
vn 0.76932 0.63137 -0.09755
vn 0.76932 0.63137 -0.09755
vn 0.22538 0.18497 0.95655
vn 0.22539 0.18497 0.95655
vn 0.74002 0.60732 -0.28901
vn 0.74002 0.60732 -0.28901
vn 0.36577 0.30017 0.88097
vn 0.36576 0.30018 0.88097
vn 0.68246 0.56008 -0.46963
vn 0.68246 0.56008 -0.46963
vn 0.4918 0.40362 0.77151
vn 0.49181 0.40361 0.77151
vn 0.5987 0.49135 -0.63256
vn 0.5987 0.49134 -0.63256
vn 0.87772 0.46915 -0.09755
vn 0.87772 0.46915 -0.09755
vn 0.25714 0.13745 0.95655
vn 0.25714 0.13745 0.95655
vn 0.84429 0.45128 -0.28901
vn 0.84429 0.45128 -0.289
vn 0.4173 0.22305 0.88097
vn 0.4173 0.22305 0.88097
vn 0.77862 0.41618 -0.46963
vn 0.77862 0.41618 -0.46963
vn 0.5611 0.29991 0.77151
vn 0.5611 0.29991 0.77151
vn 0.68306 0.3651 -0.63256
vn 0.68306 0.3651 -0.63256
vn 0.68306 0.3651 0.63256
vn 0.68306 0.3651 0.63256
vn 0.5611 0.29991 -0.7715
vn 0.5611 0.29991 -0.7715
vn 0.77862 0.41618 0.46963
vn 0.77862 0.41618 0.46963
vn 0.4173 0.22305 -0.88097
vn 0.4173 0.22305 -0.88097
vn 0.84429 0.45128 0.28901
vn 0.84429 0.45128 0.289
vn 0.25714 0.13744 -0.95655
vn 0.25714 0.13744 -0.95655
vn 0.87772 0.46915 0.09755
vn 0.87772 0.46915 0.09755
vn 0.08686 0.04643 0.99514
vn 0.08686 0.04643 -0.99514
vn 0.60883 0.18469 -0.7715
vn 0.60883 0.18469 -0.77151
vn 0.84485 0.25628 0.46963
vn 0.84485 0.25628 0.46963
vn 0.45279 0.13736 -0.88097
vn 0.45279 0.13736 -0.88097
vn 0.91611 0.2779 0.289
vn 0.91611 0.2779 0.289
vn 0.27901 0.08464 -0.95655
vn 0.27901 0.08464 -0.95655
vn 0.95238 0.2889 0.09755
vn 0.95238 0.2889 0.09755
vn 0.09425 0.02859 0.99514
vn 0.09425 0.02859 -0.99514
vn 0.95238 0.2889 -0.09755
vn 0.95238 0.2889 -0.09755
vn 0.27901 0.08464 0.95655
vn 0.27901 0.08464 0.95655
vn 0.91611 0.2779 -0.289
vn 0.91611 0.2779 -0.289
vn 0.45279 0.13736 0.88097
vn 0.45279 0.13736 0.88097
vn 0.84485 0.25628 -0.46963
vn 0.84485 0.25628 -0.46963
vn 0.60883 0.18469 0.77151
vn 0.60882 0.18469 0.77151
vn 0.74116 0.22483 -0.63256
vn 0.74116 0.22483 -0.63256
vn 0.74116 0.22483 0.63256
vn 0.74116 0.22483 0.63256
vn 0.29017 0.02857 0.95655
vn 0.29017 0.02858 0.95655
vn 0.95272 0.09383 -0.289
vn 0.95272 0.09383 -0.289
vn 0.47089 0.04637 0.88097
vn 0.47089 0.04638 0.88097
vn 0.87861 0.08653 -0.46963
vn 0.87861 0.08653 -0.46963
vn 0.63316 0.06236 0.77151
vn 0.63316 0.06236 0.77151
vn 0.77078 0.07591 -0.63256
vn 0.77078 0.07591 -0.63256
vn 0.77078 0.07591 0.63256
vn 0.77078 0.07591 0.63256
vn 0.63316 0.06236 -0.77151
vn 0.63316 0.06236 -0.77151
vn 0.87861 0.08653 0.46963
vn 0.87861 0.08653 0.46963
vn 0.47089 0.04638 -0.88097
vn 0.47089 0.04637 -0.88097
vn 0.95272 0.09383 0.289
vn 0.95272 0.09383 0.289
vn 0.29016 0.02858 -0.95655
vn 0.29016 0.02857 -0.95655
vn 0.99044 0.09755 0.09755
vn 0.99044 0.09755 0.09755
vn 0.09801 0.00965 0.99514
vn 0.09801 0.00965 -0.99514
vn 0.99044 0.09755 -0.09755
vn 0.99044 0.09755 -0.09755
vn 0.87861 -0.08653 0.46963
vn 0.87861 -0.08653 0.46963
vn 0.47089 -0.04638 -0.88097
vn 0.47089 -0.04637 -0.88097
vn 0.95272 -0.09383 0.289
vn 0.95272 -0.09383 0.289
vn 0.29016 -0.02858 -0.95655
vn 0.29016 -0.02857 -0.95655
vn 0.99044 -0.09755 0.09755
vn 0.99044 -0.09755 0.09755
vn 0.09801 -0.00965 0.99514
vn 0.09801 -0.00965 -0.99514
vn 0.99044 -0.09755 -0.09755
vn 0.99044 -0.09755 -0.09755
vn 0.29017 -0.02857 0.95655
vn 0.29017 -0.02858 0.95655
vn 0.95272 -0.09383 -0.289
vn 0.95272 -0.09383 -0.289
vn 0.47089 -0.04637 0.88097
vn 0.47089 -0.04638 0.88097
vn 0.87861 -0.08653 -0.46963
vn 0.87861 -0.08653 -0.46963
vn 0.63316 -0.06236 0.77151
vn 0.63316 -0.06236 0.77151
vn 0.77078 -0.07591 -0.63256
vn 0.77078 -0.07591 -0.63256
vn 0.77078 -0.07591 0.63256
vn 0.77078 -0.07591 0.63256
vn 0.63316 -0.06236 -0.77151
vn 0.63316 -0.06236 -0.77151
vn 0.91611 -0.2779 -0.289
vn 0.91611 -0.2779 -0.289
vn 0.45279 -0.13736 0.88097
vn 0.45279 -0.13736 0.88097
vn 0.84485 -0.25628 -0.46963
vn 0.84485 -0.25628 -0.46963
vn 0.60882 -0.18469 0.77151
vn 0.60883 -0.18469 0.77151
vn 0.74116 -0.22483 -0.63256
vn 0.74116 -0.22483 -0.63256
vn 0.74116 -0.22483 0.63256
vn 0.74116 -0.22483 0.63256
vn 0.60883 -0.18469 -0.77151
vn 0.60883 -0.18469 -0.7715
vn 0.84485 -0.25628 0.46963
vn 0.84485 -0.25628 0.46963
vn 0.45279 -0.13736 -0.88097
vn 0.45279 -0.13736 -0.88097
vn 0.91611 -0.2779 0.289
vn 0.91611 -0.2779 0.289
vn 0.27901 -0.08464 -0.95655
vn 0.27901 -0.08464 -0.95655
vn 0.95238 -0.2889 0.09755
vn 0.95238 -0.2889 0.09755
vn 0.09425 -0.02859 0.99514
vn 0.09425 -0.02859 -0.99514
vn 0.95238 -0.2889 -0.09755
vn 0.95238 -0.2889 -0.09755
vn 0.27901 -0.08464 0.95655
vn 0.27901 -0.08464 0.95655
vn 0.4173 -0.22305 -0.88097
vn 0.4173 -0.22305 -0.88097
vn 0.84429 -0.45128 0.289
vn 0.84429 -0.45128 0.28901
vn 0.25714 -0.13744 -0.95655
vn 0.25714 -0.13744 -0.95655
vn 0.87772 -0.46915 0.09755
vn 0.87772 -0.46915 0.09755
vn 0.08686 -0.04643 0.99514
vn 0.08686 -0.04643 -0.99514
vn 0.87772 -0.46915 -0.09755
vn 0.87771 -0.46915 -0.09755
vn 0.25714 -0.13744 0.95655
vn 0.25714 -0.13744 0.95655
vn 0.84429 -0.45129 -0.289
vn 0.84429 -0.45128 -0.289
vn 0.4173 -0.22305 0.88097
vn 0.4173 -0.22305 0.88097
vn 0.77862 -0.41618 -0.46963
vn 0.77861 -0.41618 -0.46963
vn 0.5611 -0.29991 0.77151
vn 0.5611 -0.29991 0.77151
vn 0.68306 -0.3651 -0.63256
vn 0.68306 -0.3651 -0.63256
vn 0.68306 -0.3651 0.63256
vn 0.68306 -0.3651 0.63256
vn 0.5611 -0.29991 -0.7715
vn 0.5611 -0.29991 -0.7715
vn 0.77862 -0.41618 0.46963
vn 0.77862 -0.41618 0.46963
vn 0.68246 -0.56008 -0.46963
vn 0.68247 -0.56008 -0.46963
vn 0.4918 -0.40362 0.77151
vn 0.4918 -0.40361 0.77151
vn 0.59871 -0.49134 -0.63256
vn 0.5987 -0.49134 -0.63256
vn 0.5987 -0.49134 0.63256
vn 0.59871 -0.49134 0.63256
vn 0.49181 -0.40362 -0.77151
vn 0.4918 -0.40362 -0.77151
vn 0.68246 -0.56008 0.46963
vn 0.68246 -0.56008 0.46963
vn 0.36576 -0.30018 -0.88097
vn 0.36576 -0.30018 -0.88097
vn 0.74002 -0.60732 0.28901
vn 0.74002 -0.60733 0.289
vn 0.22538 -0.18497 -0.95655
vn 0.22538 -0.18497 -0.95655
vn 0.76932 -0.63137 0.09755
vn 0.76932 -0.63137 0.09755
vn 0.07613 -0.06248 0.99514
vn 0.07613 -0.06248 -0.99514
vn 0.76932 -0.63137 -0.09755
vn 0.76932 -0.63137 -0.09755
vn 0.22539 -0.18497 0.95655
vn 0.22539 -0.18497 0.95655
vn 0.74003 -0.60732 -0.289
vn 0.74002 -0.60732 -0.289
vn 0.36576 -0.30018 0.88097
vn 0.36576 -0.30018 0.88097
vn 0.18497 -0.22539 -0.95655
vn 0.18497 -0.22539 -0.95655
vn 0.63137 -0.76932 0.09755
vn 0.63137 -0.76932 0.09755
vn 0.06248 -0.07613 0.99514
vn 0.06248 -0.07613 -0.99514
vn 0.63137 -0.76932 -0.09755
vn 0.63137 -0.76932 -0.09755
vn 0.18497 -0.22539 0.95655
vn 0.18497 -0.22539 0.95655
vn 0.60732 -0.74002 -0.289
vn 0.60732 -0.74002 -0.289
vn 0.30017 -0.36576 0.88097
vn 0.30017 -0.36576 0.88097
vn 0.56008 -0.68246 -0.46963
vn 0.56008 -0.68246 -0.46963
vn 0.40361 -0.49181 0.77151
vn 0.40361 -0.49181 0.77151
vn 0.49134 -0.59871 -0.63256
vn 0.49134 -0.59871 -0.63256
vn 0.49134 -0.59871 0.63256
vn 0.49134 -0.5987 0.63256
vn 0.40361 -0.49181 -0.77151
vn 0.40362 -0.49181 -0.7715
vn 0.56008 -0.68247 0.46963
vn 0.56008 -0.68246 0.46963
vn 0.30017 -0.36576 -0.88097
vn 0.30017 -0.36576 -0.88097
vn 0.60732 -0.74002 0.289
vn 0.60732 -0.74003 0.289
vn 0.29991 -0.5611 0.77151
vn 0.29991 -0.5611 0.77151
vn 0.3651 -0.68306 -0.63256
vn 0.3651 -0.68306 -0.63256
vn 0.3651 -0.68305 0.63256
vn 0.3651 -0.68305 0.63256
vn 0.29991 -0.5611 -0.7715
vn 0.29991 -0.5611 -0.77151
vn 0.41618 -0.77862 0.46963
vn 0.41618 -0.77862 0.46963
vn 0.22305 -0.4173 -0.88097
vn 0.22305 -0.4173 -0.88097
vn 0.45128 -0.84429 0.289
vn 0.45128 -0.84429 0.289
vn 0.13745 -0.25714 -0.95655
vn 0.13744 -0.25714 -0.95655
vn 0.46915 -0.87772 0.09755
vn 0.46915 -0.87772 0.09755
vn 0.04643 -0.08686 0.99514
vn 0.04643 -0.08686 -0.99514
vn 0.46915 -0.87772 -0.09755
vn 0.46915 -0.87772 -0.09755
vn 0.13745 -0.25714 0.95655
vn 0.13745 -0.25714 0.95655
vn 0.45128 -0.84429 -0.289
vn 0.45128 -0.84429 -0.289
vn 0.22305 -0.41729 0.88097
vn 0.22305 -0.4173 0.88097
vn 0.41618 -0.77862 -0.46963
vn 0.41618 -0.77862 -0.46963
vn 0.2889 -0.95238 0.09755
vn 0.2889 -0.95238 0.09755
vn 0.02859 -0.09425 0.99514
vn 0.02859 -0.09425 -0.99514
vn 0.2889 -0.95238 -0.09755
vn 0.2889 -0.95238 -0.09755
vn 0.08464 -0.27901 0.95655
vn 0.08464 -0.27902 0.95655
vn 0.2779 -0.91611 -0.289
vn 0.2779 -0.91611 -0.289
vn 0.13735 -0.45279 0.88097
vn 0.13735 -0.45279 0.88097
vn 0.25628 -0.84485 -0.46963
vn 0.25628 -0.84485 -0.46963
vn 0.18468 -0.60883 0.77151
vn 0.18469 -0.60883 0.77151
vn 0.22483 -0.74116 -0.63256
vn 0.22483 -0.74116 -0.63256
vn 0.22483 -0.74116 0.63256
vn 0.22483 -0.74116 0.63256
vn 0.18469 -0.60883 -0.77151
vn 0.18469 -0.60883 -0.77151
vn 0.25628 -0.84485 0.46963
vn 0.25628 -0.84485 0.46963
vn 0.13735 -0.45279 -0.88097
vn 0.13735 -0.45279 -0.88097
vn 0.2779 -0.91611 0.289
vn 0.2779 -0.91611 0.289
vn 0.08464 -0.27901 -0.95655
vn 0.08464 -0.27901 -0.95655
vn 0.07592 -0.77078 -0.63256
vn 0.07591 -0.77078 -0.63256
vn 0.07591 -0.77078 0.63256
vn 0.07591 -0.77078 0.63256
vn 0.06236 -0.63316 -0.77151
vn 0.06236 -0.63316 -0.7715
vn 0.08654 -0.87861 0.46963
vn 0.08654 -0.87861 0.46963
vn 0.04638 -0.47089 -0.88097
vn 0.04638 -0.47089 -0.88097
vn 0.09383 -0.95272 0.289
vn 0.09383 -0.95272 0.289
vn 0.02858 -0.29016 -0.95655
vn 0.02858 -0.29016 -0.95655
vn 0.09755 -0.99044 0.09755
vn 0.09755 -0.99044 0.09755
vn 0.00965 -0.09801 0.99514
vn 0.00965 -0.09801 -0.99514
vn 0.09755 -0.99044 -0.09755
vn 0.09755 -0.99044 -0.09755
vn 0.02858 -0.29017 0.95655
vn 0.02858 -0.29017 0.95655
vn 0.09383 -0.95272 -0.289
vn 0.09383 -0.95272 -0.289
vn 0.04638 -0.47089 0.88097
vn 0.04638 -0.47089 0.88097
vn 0.08654 -0.87861 -0.46963
vn 0.08654 -0.87861 -0.46963
vn 0.06236 -0.63316 0.77151
vn 0.06236 -0.63316 0.77151
vn -0.00965 -0.09801 0.99514
vn -0.00965 -0.09801 -0.99514
vn -0.09755 -0.99044 -0.09755
vn -0.09755 -0.99044 -0.09755
vn -0.02858 -0.29017 0.95655
vn -0.02858 -0.29017 0.95655
vn -0.09384 -0.95272 -0.289
vn -0.09383 -0.95272 -0.289
vn -0.04638 -0.47089 0.88097
vn -0.04638 -0.47089 0.88097
vn -0.08654 -0.87861 -0.46963
vn -0.08653 -0.87861 -0.46963
vn -0.06236 -0.63316 0.77151
vn -0.06236 -0.63316 0.77151
vn -0.07591 -0.77078 -0.63256
vn -0.07592 -0.77078 -0.63256
vn -0.07592 -0.77078 0.63256
vn -0.07591 -0.77078 0.63257
vn -0.06236 -0.63316 -0.7715
vn -0.06236 -0.63316 -0.7715
vn -0.08653 -0.87861 0.46963
vn -0.08654 -0.87861 0.46963
vn -0.04638 -0.47089 -0.88097
vn -0.04638 -0.47089 -0.88097
vn -0.09383 -0.95272 0.289
vn -0.09384 -0.95272 0.289
vn -0.02858 -0.29016 -0.95655
vn -0.02858 -0.29016 -0.95655
vn -0.09755 -0.99044 0.09755
vn -0.09755 -0.99044 0.09755
vn -0.22483 -0.74116 0.63257
vn -0.22483 -0.74116 0.63256
vn -0.18469 -0.60883 -0.7715
vn -0.18469 -0.60883 -0.7715
vn -0.25628 -0.84485 0.46963
vn -0.25629 -0.84485 0.46963
vn -0.13735 -0.45279 -0.88097
vn -0.13736 -0.45279 -0.88097
vn -0.2779 -0.91611 0.289
vn -0.2779 -0.91611 0.289
vn -0.08464 -0.27901 -0.95655
vn -0.08464 -0.27901 -0.95655
vn -0.2889 -0.95238 0.09755
vn -0.2889 -0.95238 0.09755
vn -0.02859 -0.09425 0.99514
vn -0.02859 -0.09425 -0.99514
vn -0.2889 -0.95238 -0.09755
vn -0.2889 -0.95238 -0.09755
vn -0.08464 -0.27902 0.95655
vn -0.08464 -0.27902 0.95655
vn -0.2779 -0.91611 -0.289
vn -0.2779 -0.91611 -0.289
vn -0.13736 -0.45279 0.88097
vn -0.13735 -0.45279 0.88097
vn -0.25629 -0.84485 -0.46963
vn -0.25628 -0.84485 -0.46963
vn -0.18469 -0.60883 0.77151
vn -0.18468 -0.60883 0.77151
vn -0.22483 -0.74116 -0.63256
vn -0.22483 -0.74116 -0.63256
vn -0.46915 -0.87771 -0.09755
vn -0.46915 -0.87772 -0.09755
vn -0.13745 -0.25714 0.95655
vn -0.13745 -0.25714 0.95655
vn -0.45128 -0.84429 -0.289
vn -0.45128 -0.84429 -0.289
vn -0.22305 -0.4173 0.88097
vn -0.22305 -0.4173 0.88097
vn -0.41618 -0.77862 -0.46963
vn -0.41618 -0.77862 -0.46963
vn -0.29991 -0.5611 0.77151
vn -0.29991 -0.5611 0.7715
vn -0.3651 -0.68306 -0.63256
vn -0.3651 -0.68305 -0.63256
vn -0.3651 -0.68305 0.63256
vn -0.3651 -0.68305 0.63256
vn -0.29992 -0.5611 -0.7715
vn -0.29991 -0.5611 -0.7715
vn -0.41618 -0.77862 0.46962
vn -0.41618 -0.77862 0.46963
vn -0.22305 -0.4173 -0.88097
vn -0.22305 -0.4173 -0.88097
vn -0.45128 -0.84429 0.289
vn -0.45128 -0.84429 0.289
vn -0.13744 -0.25714 -0.95655
vn -0.13744 -0.25714 -0.95655
vn -0.46915 -0.87771 0.09755
vn -0.46915 -0.87771 0.09755
vn -0.04643 -0.08686 0.99514
vn -0.04643 -0.08686 -0.99514
vn -0.40362 -0.49181 -0.7715
vn -0.40362 -0.4918 -0.7715
vn -0.56008 -0.68246 0.46963
vn -0.56008 -0.68246 0.46963
vn -0.30018 -0.36576 -0.88097
vn -0.30017 -0.36577 -0.88097
vn -0.60732 -0.74003 0.289
vn -0.60732 -0.74003 0.289
vn -0.18497 -0.22539 -0.95655
vn -0.18497 -0.22538 -0.95655
vn -0.63137 -0.76932 0.09755
vn -0.63137 -0.76932 0.09755
vn -0.06248 -0.07613 0.99514
vn -0.06248 -0.07613 -0.99514
vn -0.63137 -0.76932 -0.09755
vn -0.63137 -0.76932 -0.09755
vn -0.18497 -0.22539 0.95655
vn -0.18497 -0.22539 0.95655
vn -0.60732 -0.74003 -0.289
vn -0.60732 -0.74003 -0.289
vn -0.30017 -0.36576 0.88097
vn -0.30018 -0.36576 0.88097
vn -0.56008 -0.68246 -0.46963
vn -0.56008 -0.68246 -0.46963
vn -0.40362 -0.49181 0.7715
vn -0.40362 -0.49181 0.77151
vn -0.49134 -0.5987 -0.63256
vn -0.49134 -0.5987 -0.63256
vn -0.49134 -0.5987 0.63256
vn -0.49134 -0.5987 0.63256
vn -0.74003 -0.60732 -0.289
vn -0.74003 -0.60732 -0.289
vn -0.36576 -0.30017 0.88097
vn -0.36576 -0.30017 0.88097
vn -0.68246 -0.56008 -0.46963
vn -0.68246 -0.56008 -0.46963
vn -0.49181 -0.40362 0.77151
vn -0.49181 -0.40362 0.77151
vn -0.5987 -0.49134 -0.63256
vn -0.5987 -0.49134 -0.63256
vn -0.5987 -0.49134 0.63256
vn -0.5987 -0.49134 0.63256
vn -0.49181 -0.40362 -0.7715
vn -0.49181 -0.40362 -0.7715
vn -0.68246 -0.56008 0.46963
vn -0.68247 -0.56008 0.46963
vn -0.36576 -0.30018 -0.88097
vn -0.36576 -0.30017 -0.88097
vn -0.74003 -0.60732 0.289
vn -0.74002 -0.60732 0.289
vn -0.22539 -0.18497 -0.95655
vn -0.22539 -0.18497 -0.95655
vn -0.76932 -0.63137 0.09755
vn -0.76932 -0.63137 0.09755
vn -0.07613 -0.06248 0.99514
vn -0.07613 -0.06248 -0.99514
vn -0.76932 -0.63137 -0.09755
vn -0.76932 -0.63137 -0.09755
vn -0.22539 -0.18497 0.95655
vn -0.22539 -0.18497 0.95655
vn -0.4173 -0.22305 -0.88097
vn -0.4173 -0.22304 -0.88097
vn -0.84429 -0.45128 0.28901
vn -0.84429 -0.45128 0.289
vn -0.25714 -0.13744 -0.95655
vn -0.25714 -0.13745 -0.95655
vn -0.87771 -0.46915 0.09755
vn -0.87772 -0.46914 0.09755
vn -0.08686 -0.04643 0.99514
vn -0.08686 -0.04643 -0.99514
vn -0.87772 -0.46914 -0.09755
vn -0.87772 -0.46915 -0.09755
vn -0.25714 -0.13744 0.95655
vn -0.25714 -0.13745 0.95655
vn -0.84429 -0.45128 -0.289
vn -0.84429 -0.45128 -0.289
vn -0.4173 -0.22305 0.88097
vn -0.41729 -0.22305 0.88097
vn -0.77862 -0.41618 -0.46963
vn -0.77862 -0.41618 -0.46963
vn -0.5611 -0.29991 0.77151
vn -0.5611 -0.29991 0.7715
vn -0.68306 -0.3651 -0.63256
vn -0.68306 -0.3651 -0.63256
vn -0.68306 -0.3651 0.63256
vn -0.68305 -0.3651 0.63257
vn -0.5611 -0.29991 -0.7715
vn -0.5611 -0.29992 -0.7715
vn -0.77862 -0.41618 0.46963
vn -0.77862 -0.41618 0.46962
vn -0.45279 -0.13735 0.88097
vn -0.45279 -0.13735 0.88097
vn -0.84485 -0.25628 -0.46963
vn -0.84485 -0.25628 -0.46963
vn -0.60883 -0.18468 0.7715
vn -0.60883 -0.18469 0.77151
vn -0.74116 -0.22483 -0.63256
vn -0.74116 -0.22483 -0.63257
vn -0.74115 -0.22483 0.63257
vn -0.74116 -0.22483 0.63256
vn -0.60883 -0.18469 -0.7715
vn -0.60883 -0.18468 -0.7715
vn -0.84485 -0.25628 0.46962
vn -0.84485 -0.25628 0.46963
vn -0.45279 -0.13735 -0.88097
vn -0.45279 -0.13736 -0.88097
vn -0.91611 -0.2779 0.289
vn -0.91611 -0.2779 0.289
vn -0.27902 -0.08464 -0.95655
vn -0.27902 -0.08464 -0.95655
vn -0.95238 -0.2889 0.09755
vn -0.95238 -0.2889 0.09755
vn -0.09425 -0.02859 0.99514
vn -0.09425 -0.02859 -0.99514
vn -0.95238 -0.2889 -0.09755
vn -0.95238 -0.2889 -0.09755
vn -0.27901 -0.08464 0.95655
vn -0.27902 -0.08464 0.95655
vn -0.91611 -0.2779 -0.289
vn -0.91611 -0.2779 -0.289
vn -0.95272 -0.09383 0.289
vn -0.95272 -0.09383 0.289
vn -0.29017 -0.02858 -0.95655
vn -0.29017 -0.02858 -0.95655
vn -0.99044 -0.09755 0.09755
vn -0.99044 -0.09755 0.09755
vn -0.09801 -0.00965 0.99514
vn -0.09801 -0.00965 -0.99514
vn -0.99044 -0.09755 -0.09755
vn -0.99044 -0.09755 -0.09755
vn -0.29017 -0.02858 0.95655
vn -0.29017 -0.02858 0.95655
vn -0.95272 -0.09383 -0.289
vn -0.95272 -0.09383 -0.289
vn -0.47089 -0.04638 0.88097
vn -0.47089 -0.04638 0.88097
vn -0.87861 -0.08653 -0.46963
vn -0.87861 -0.08653 -0.46963
vn -0.63316 -0.06236 0.77151
vn -0.63316 -0.06236 0.77151
vn -0.77078 -0.07591 -0.63257
vn -0.77078 -0.07592 -0.63256
vn -0.77078 -0.07591 0.63256
vn -0.77078 -0.07591 0.63256
vn -0.63316 -0.06236 -0.7715
vn -0.63316 -0.06236 -0.77151
vn -0.87861 -0.08653 0.46963
vn -0.87861 -0.08653 0.46963
vn -0.47089 -0.04638 -0.88097
vn -0.47089 -0.04638 -0.88097
vn -0.87861 0.08653 -0.46963
vn -0.87861 0.08653 -0.46963
vn -0.63316 0.06236 0.77151
vn -0.63316 0.06236 0.7715
vn -0.77078 0.07591 -0.63256
vn -0.77078 0.07592 -0.63257
vn -0.77078 0.07592 0.63256
vn -0.77078 0.07591 0.63257
vn -0.63316 0.06236 -0.77151
vn -0.63316 0.06236 -0.7715
vn -0.87861 0.08653 0.46963
vn -0.87861 0.08653 0.46963
vn -0.47089 0.04638 -0.88097
vn -0.47089 0.04638 -0.88097
vn -0.95272 0.09383 0.289
vn -0.95272 0.09383 0.289
vn -0.29017 0.02858 -0.95655
vn -0.29017 0.02858 -0.95655
vn -0.99044 0.09755 0.09755
vn -0.99044 0.09755 0.09755
vn -0.09801 0.00965 0.99514
vn -0.09801 0.00965 -0.99514
vn -0.99044 0.09755 -0.09755
vn -0.99044 0.09755 -0.09755
vn -0.29017 0.02858 0.95655
vn -0.29017 0.02858 0.95655
vn -0.95272 0.09383 -0.289
vn -0.95272 0.09383 -0.289
vn -0.47089 0.04638 0.88097
vn -0.47089 0.04638 0.88097
vn -0.27901 0.08464 -0.95655
vn -0.27901 0.08464 -0.95655
vn -0.95238 0.2889 0.09755
vn -0.95238 0.2889 0.09755
vn -0.09425 0.02859 0.99514
vn -0.09425 0.02859 -0.99514
vn -0.95238 0.2889 -0.09755
vn -0.95238 0.2889 -0.09755
vn -0.27902 0.08463 0.95655
vn -0.27902 0.08464 0.95655
vn -0.91611 0.2779 -0.289
vn -0.91611 0.2779 -0.289
vn -0.45279 0.13736 0.88097
vn -0.45279 0.13735 0.88097
vn -0.84485 0.25628 -0.46963
vn -0.84485 0.25628 -0.46963
vn -0.60883 0.18468 0.7715
vn -0.60883 0.18469 0.7715
vn -0.74116 0.22483 -0.63257
vn -0.74116 0.22483 -0.63256
vn -0.74116 0.22483 0.63257
vn -0.74116 0.22483 0.63257
vn -0.60883 0.18469 -0.7715
vn -0.60883 0.18468 -0.7715
vn -0.84485 0.25628 0.46963
vn -0.84485 0.25628 0.46963
vn -0.45279 0.13735 -0.88097
vn -0.45279 0.13736 -0.88097
vn -0.91611 0.2779 0.289
vn -0.91611 0.2779 0.289
vn -0.5611 0.29992 0.7715
vn -0.5611 0.29991 0.77151
vn -0.68306 0.3651 -0.63256
vn -0.68306 0.3651 -0.63256
vn -0.68306 0.3651 0.63257
vn -0.68306 0.3651 0.63256
vn -0.5611 0.29991 -0.7715
vn -0.5611 0.29992 -0.7715
vn -0.77862 0.41618 0.46963
vn -0.77862 0.41618 0.46962
vn -0.41729 0.22305 -0.88097
vn -0.4173 0.22304 -0.88097
vn -0.84429 0.45128 0.289
vn -0.84429 0.45128 0.28901
vn -0.25714 0.13744 -0.95655
vn -0.25714 0.13744 -0.95655
vn -0.87772 0.46915 0.09755
vn -0.87772 0.46915 0.09755
vn -0.08686 0.04643 0.99514
vn -0.08686 0.04643 -0.99514
vn -0.87772 0.46915 -0.09755
vn -0.87772 0.46915 -0.09755
vn -0.25714 0.13745 0.95655
vn -0.25714 0.13744 0.95655
vn -0.84429 0.45128 -0.289
vn -0.84429 0.45128 -0.28901
vn -0.4173 0.22305 0.88097
vn -0.4173 0.22305 0.88097
vn -0.77862 0.41618 -0.46963
vn -0.77862 0.41618 -0.46963
vn -0.76932 0.63137 0.09755
vn -0.76932 0.63137 0.09755
vn -0.07613 0.06248 0.99514
vn -0.07613 0.06248 -0.99514
vn -0.76932 0.63137 -0.09755
vn -0.76932 0.63137 -0.09755
vn -0.22539 0.18497 0.95655
vn -0.22539 0.18497 0.95655
vn -0.74002 0.60732 -0.28901
vn -0.74002 0.60732 -0.289
vn -0.36576 0.30018 0.88097
vn -0.36576 0.30017 0.88097
vn -0.68246 0.56008 -0.46963
vn -0.68246 0.56008 -0.46963
vn -0.49181 0.40361 0.77151
vn -0.49181 0.40362 0.7715
vn -0.5987 0.49134 -0.63256
vn -0.5987 0.49134 -0.63256
vn -0.5987 0.49134 0.63256
vn -0.5987 0.49134 0.63256
vn -0.49181 0.40362 -0.7715
vn -0.49181 0.40362 -0.7715
vn -0.68246 0.56009 0.46962
vn -0.68246 0.56009 0.46962
vn -0.36577 0.30017 -0.88097
vn -0.36576 0.30018 -0.88097
vn -0.74002 0.60732 0.28901
vn -0.74002 0.60733 0.289
vn -0.22538 0.18497 -0.95655
vn -0.22539 0.18497 -0.95655
vn -0.49134 0.5987 -0.63256
vn -0.49134 0.5987 -0.63256
vn -0.49134 0.5987 0.63256
vn -0.49134 0.5987 0.63257
vn -0.40362 0.49181 -0.7715
vn -0.40362 0.49181 -0.7715
vn -0.56009 0.68246 0.46962
vn -0.56008 0.68247 0.46962
vn -0.30018 0.36576 -0.88097
vn -0.30017 0.36576 -0.88097
vn -0.60732 0.74002 0.289
vn -0.60732 0.74002 0.28901
vn -0.18497 0.22539 -0.95655
vn -0.18497 0.22539 -0.95655
vn -0.63137 0.76932 0.09755
vn -0.63137 0.76932 0.09755
vn -0.06248 0.07613 0.99514
vn -0.06248 0.07613 -0.99514
vn -0.63137 0.76932 -0.09755
vn -0.63137 0.76932 -0.09755
vn -0.18497 0.22539 0.95655
vn -0.18497 0.22539 0.95655
vn -0.60732 0.74002 -0.289
vn -0.60732 0.74002 -0.28901
vn -0.30017 0.36576 0.88097
vn -0.30017 0.36576 0.88097
vn -0.56008 0.68246 -0.46963
vn -0.56009 0.68246 -0.46963
vn -0.40361 0.49181 0.7715
vn -0.40361 0.49181 0.77151
vn -0.04643 0.08686 -0.99514
vn -0.46915 0.87771 -0.09755
vn -0.46915 0.87772 -0.09755
vn -0.13745 0.25714 0.95655
vn -0.13745 0.25714 0.95655
vn -0.45128 0.84429 -0.28901
vn -0.45128 0.84429 -0.289
vn -0.22305 0.4173 0.88097
vn -0.22305 0.4173 0.88097
vn -0.41618 0.77862 -0.46963
vn -0.41618 0.77862 -0.46963
vn -0.29991 0.5611 0.77151
vn -0.29991 0.5611 0.77151
vn -0.3651 0.68306 -0.63256
vn -0.3651 0.68306 -0.63256
vn -0.3651 0.68305 0.63257
vn -0.3651 0.68305 0.63256
vn -0.29992 0.5611 -0.7715
vn -0.29991 0.5611 -0.77151
vn -0.41618 0.77862 0.46962
vn -0.41618 0.77862 0.46962
vn -0.22305 0.4173 -0.88097
vn -0.22305 0.4173 -0.88097
vn -0.45128 0.84429 0.28901
vn -0.45128 0.84429 0.289
vn -0.13744 0.25714 -0.95655
vn -0.13744 0.25714 -0.95655
vn -0.46915 0.87772 0.09755
vn -0.46915 0.87771 0.09755
vn -0.04643 0.08686 0.99514
vn -0.18468 0.60883 -0.77151
vn -0.18469 0.60883 -0.7715
vn -0.25628 0.84485 0.46962
vn -0.25628 0.84485 0.46963
vn -0.13735 0.45279 -0.88097
vn -0.13736 0.45279 -0.88097
vn -0.2779 0.91611 0.289
vn -0.2779 0.91611 0.289
vn -0.08464 0.27901 -0.95655
vn -0.08464 0.27901 -0.95655
vn -0.2889 0.95238 0.09755
vn -0.2889 0.95238 0.09755
vn -0.02859 0.09425 0.99514
vn -0.02859 0.09425 -0.99514
vn -0.2889 0.95238 -0.09755
vn -0.2889 0.95238 -0.09755
vn -0.08464 0.27902 0.95655
vn -0.08464 0.27901 0.95655
vn -0.2779 0.91611 -0.289
vn -0.2779 0.91611 -0.289
vn -0.13736 0.45279 0.88097
vn -0.13735 0.45279 0.88097
vn -0.25628 0.84485 -0.46963
vn -0.25628 0.84485 -0.46963
vn -0.18469 0.60883 0.77151
vn -0.18468 0.60883 0.77151
vn -0.22483 0.74116 -0.63256
vn -0.22483 0.74116 -0.63256
vn -0.22483 0.74116 0.63256
vn -0.22483 0.74116 0.63256
vn -0.02858 0.29017 0.95655
vn -0.02858 0.29017 0.95655
vn -0.09384 0.95272 -0.289
vn -0.09384 0.95272 -0.289
vn -0.04638 0.47089 0.88097
vn -0.04638 0.47089 0.88097
vn -0.08654 0.87861 -0.46963
vn -0.08654 0.87861 -0.46963
vn -0.06236 0.63316 0.77151
vn -0.06236 0.63316 0.77151
vn -0.07592 0.77078 -0.63256
vn -0.07592 0.77078 -0.63256
vn -0.07592 0.77078 0.63257
vn -0.07592 0.77078 0.63256
vn -0.06236 0.63316 -0.7715
vn -0.06236 0.63316 -0.77151
vn -0.08654 0.87861 0.46963
vn -0.08654 0.87862 0.46962
vn -0.04638 0.47089 -0.88097
vn -0.04638 0.47089 -0.88097
vn -0.09383 0.95272 0.289
vn -0.09384 0.95272 0.28901
vn -0.02858 0.29016 -0.95655
vn -0.02858 0.29016 -0.95655
vn -0.09755 0.99044 0.09755
vn -0.09755 0.99044 0.09755
vn -0.00965 0.09801 0.99514
vn -0.00965 0.09801 -0.99514
vn -0.09755 0.99044 -0.09755
vn -0.09755 0.99044 -0.09755
vn 0.0625 0.85539 0.5142
vn 0.06249 0.85539 0.5142
vn 0.06898 0.94418 0.32212
vn 0.06898 0.94418 0.32211
vn 0.00637 0.08724 0.99617
vn 0.01902 0.26037 0.96532
vn 0.01902 0.26037 0.96532
vn 0.03135 0.42905 0.90274
vn 0.03135 0.42905 0.90274
vn 0.04303 0.58892 0.80704
vn 0.04303 0.58892 0.80704
vn 0.05361 0.73379 0.67726
vn 0.05361 0.73379 0.67726
vn 0.16024 0.71212 0.68353
vn 0.16024 0.71212 0.68353
vn 0.18742 0.83291 0.5207
vn 0.18742 0.83291 0.5207
vn 0.20745 0.92194 0.32709
vn 0.20746 0.92194 0.32709
vn 0.01888 0.0839 0.9963
vn 0.0564 0.25066 0.96643
vn 0.0564 0.25066 0.96643
vn 0.09313 0.41385 0.90557
vn 0.09313 0.41385 0.90557
vn 0.12818 0.56965 0.81183
vn 0.12818 0.56965 0.81183
vn 0.03067 0.07734 0.99653
vn 0.09179 0.2315 0.9685
vn 0.09179 0.2315 0.9685
vn 0.15212 0.38364 0.91087
vn 0.15211 0.38364 0.91087
vn 0.21048 0.53086 0.8209
vn 0.21049 0.53086 0.8209
vn 0.26481 0.66787 0.69558
vn 0.26481 0.66786 0.69558
vn 0.31177 0.78632 0.53339
vn 0.31178 0.78632 0.53338
vn 0.34703 0.87524 0.33694
vn 0.34703 0.87524 0.33694
vn 0.36495 0.59949 0.71234
vn 0.36496 0.59949 0.71233
vn 0.43379 0.71255 0.55145
vn 0.43379 0.71255 0.55145
vn 0.48686 0.79974 0.35125
vn 0.48686 0.79974 0.35125
vn 0.04128 0.06781 0.99684
vn 0.12387 0.20348 0.97121
vn 0.12387 0.20348 0.97121
vn 0.2063 0.33888 0.91794
vn 0.2063 0.33887 0.91793
vn 0.28752 0.47229 0.83323
vn 0.28752 0.47229 0.83323
vn 0.1514 0.1675 0.97418
vn 0.1514 0.1675 0.97418
vn 0.25352 0.28048 0.92577
vn 0.25352 0.28048 0.92577
vn 0.35623 0.39411 0.84722
vn 0.35623 0.39411 0.84722
vn 0.45692 0.50551 0.73191
vn 0.45692 0.50551 0.73191
vn 0.54945 0.60788 0.57323
vn 0.54945 0.60788 0.57323
vn 0.62323 0.6895 0.36901
vn 0.62323 0.68951 0.36901
vn 0.05032 0.05567 0.99718
vn 0.65158 0.4695 0.59583
vn 0.65158 0.4695 0.59583
vn 0.74774 0.5388 0.38806
vn 0.74774 0.53879 0.38805
vn 0.05743 0.04138 0.99749
vn 0.17322 0.12482 0.97694
vn 0.17322 0.12482 0.97694
vn 0.29156 0.21009 0.9332
vn 0.29156 0.21009 0.9332
vn 0.41292 0.29754 0.86079
vn 0.41293 0.29754 0.86079
vn 0.53525 0.38568 0.7515
vn 0.53525 0.38568 0.7515
vn 0.18837 0.07704 0.97907
vn 0.18837 0.07703 0.97907
vn 0.31833 0.13017 0.939
vn 0.31833 0.13018 0.939
vn 0.45369 0.18553 0.87163
vn 0.45369 0.18553 0.87163
vn 0.59323 0.24259 0.76761
vn 0.59323 0.24259 0.76761
vn 0.72981 0.29845 0.61506
vn 0.72982 0.29845 0.61506
vn 0.84637 0.34611 0.4048
vn 0.84637 0.34611 0.4048
vn 0.06233 0.02549 0.99773
vn 0.77282 0.10261 0.62627
vn 0.77282 0.10261 0.62627
vn 0.90199 0.11976 0.41482
vn 0.90199 0.11976 0.41483
vn 0.06483 0.0086 0.99786
vn 0.19613 0.02603 0.98023
vn 0.19613 0.02604 0.98023
vn 0.33217 0.04411 0.94219
vn 0.33218 0.0441 0.94219
vn 0.47509 0.06308 0.87767
vn 0.47509 0.06308 0.87767
vn 0.6243 0.08289 0.77677
vn 0.6243 0.08289 0.77678
vn 0.33218 -0.04411 0.94219
vn 0.33218 -0.0441 0.94219
vn 0.47509 -0.06308 0.87767
vn 0.47509 -0.06308 0.87767
vn 0.6243 -0.08289 0.77678
vn 0.6243 -0.08289 0.77677
vn 0.77282 -0.10261 0.62627
vn 0.77282 -0.10261 0.62627
vn 0.90199 -0.11976 0.41483
vn 0.90199 -0.11976 0.41482
vn 0.06483 -0.0086 0.99786
vn 0.19613 -0.02603 0.98023
vn 0.19613 -0.02604 0.98023
vn 0.84637 -0.34612 0.4048
vn 0.84637 -0.34611 0.40481
vn 0.06233 -0.02549 0.99773
vn 0.18837 -0.07703 0.97907
vn 0.18837 -0.07703 0.97907
vn 0.31833 -0.13017 0.939
vn 0.31833 -0.13018 0.939
vn 0.45369 -0.18553 0.87163
vn 0.45369 -0.18553 0.87163
vn 0.59323 -0.2426 0.76761
vn 0.59323 -0.24259 0.76761
vn 0.72982 -0.29845 0.61506
vn 0.72982 -0.29845 0.61505
vn 0.41293 -0.29754 0.86079
vn 0.41293 -0.29754 0.86079
vn 0.53525 -0.38568 0.7515
vn 0.53525 -0.38568 0.7515
vn 0.65158 -0.46951 0.59583
vn 0.65158 -0.4695 0.59583
vn 0.74774 -0.53879 0.38806
vn 0.74774 -0.5388 0.38805
vn 0.05743 -0.04138 0.99749
vn 0.17322 -0.12481 0.97694
vn 0.17322 -0.12482 0.97694
vn 0.29156 -0.21009 0.9332
vn 0.29156 -0.21009 0.9332
vn 0.05032 -0.05567 0.99718
vn 0.1514 -0.1675 0.97418
vn 0.1514 -0.1675 0.97418
vn 0.25352 -0.28048 0.92577
vn 0.25352 -0.28048 0.92577
vn 0.35623 -0.39411 0.84722
vn 0.35623 -0.39411 0.84722
vn 0.45692 -0.50551 0.73191
vn 0.45692 -0.5055 0.73191
vn 0.54945 -0.60788 0.57323
vn 0.54945 -0.60788 0.57323
vn 0.62323 -0.68951 0.369
vn 0.62323 -0.6895 0.36901
vn 0.28752 -0.47229 0.83323
vn 0.28752 -0.47229 0.83323
vn 0.36496 -0.59949 0.71234
vn 0.36495 -0.59949 0.71233
vn 0.43379 -0.71256 0.55145
vn 0.43379 -0.71255 0.55145
vn 0.48687 -0.79974 0.35125
vn 0.48687 -0.79974 0.35125
vn 0.04128 -0.06781 0.99684
vn 0.12387 -0.20348 0.97121
vn 0.12387 -0.20348 0.97121
vn 0.2063 -0.33888 0.91793
vn 0.2063 -0.33887 0.91794
vn 0.03067 -0.07734 0.99653
vn 0.09179 -0.2315 0.9685
vn 0.09179 -0.2315 0.9685
vn 0.15212 -0.38364 0.91087
vn 0.15211 -0.38365 0.91087
vn 0.21048 -0.53086 0.8209
vn 0.21048 -0.53086 0.8209
vn 0.26481 -0.66787 0.69558
vn 0.26481 -0.66786 0.69558
vn 0.31178 -0.78632 0.53339
vn 0.31177 -0.78632 0.53338
vn 0.34703 -0.87524 0.33694
vn 0.34703 -0.87524 0.33694
vn 0.16024 -0.71212 0.68353
vn 0.16024 -0.71212 0.68353
vn 0.18742 -0.83291 0.5207
vn 0.18742 -0.83291 0.5207
vn 0.20745 -0.92194 0.32709
vn 0.20746 -0.92194 0.32709
vn 0.01888 -0.0839 0.9963
vn 0.0564 -0.25065 0.96643
vn 0.0564 -0.25066 0.96643
vn 0.09313 -0.41386 0.90557
vn 0.09313 -0.41386 0.90557
vn 0.12818 -0.56965 0.81183
vn 0.12818 -0.56965 0.81183
vn 0.00637 -0.08724 0.99617
vn 0.01902 -0.26037 0.96532
vn 0.01902 -0.26037 0.96532
vn 0.03134 -0.42905 0.90274
vn 0.03135 -0.42905 0.90274
vn 0.04303 -0.58892 0.80704
vn 0.04303 -0.58892 0.80704
vn 0.05361 -0.73379 0.67726
vn 0.05361 -0.73379 0.67726
vn 0.0625 -0.85539 0.5142
vn 0.06249 -0.85539 0.5142
vn 0.06898 -0.94419 0.32211
vn 0.06898 -0.94418 0.32211
vn -0.05361 -0.73379 0.67726
vn -0.05361 -0.73379 0.67726
vn -0.06249 -0.85539 0.5142
vn -0.0625 -0.85539 0.5142
vn -0.06898 -0.94418 0.32211
vn -0.06898 -0.94418 0.32211
vn -0.00637 -0.08724 0.99617
vn -0.01902 -0.26037 0.96532
vn -0.01902 -0.26037 0.96532
vn -0.03134 -0.42905 0.90274
vn -0.03135 -0.42905 0.90274
vn -0.04303 -0.58892 0.80704
vn -0.04303 -0.58893 0.80704
vn -0.0564 -0.25065 0.96643
vn -0.0564 -0.25065 0.96643
vn -0.09313 -0.41385 0.90557
vn -0.09313 -0.41385 0.90557
vn -0.12818 -0.56965 0.81183
vn -0.12818 -0.56965 0.81183
vn -0.16024 -0.71212 0.68353
vn -0.16024 -0.71212 0.68353
vn -0.18742 -0.83292 0.5207
vn -0.18742 -0.83291 0.5207
vn -0.20745 -0.92194 0.32709
vn -0.20746 -0.92194 0.32709
vn -0.01888 -0.0839 0.9963
vn -0.31178 -0.78632 0.53338
vn -0.31178 -0.78632 0.53338
vn -0.34703 -0.87524 0.33694
vn -0.34703 -0.87524 0.33694
vn -0.03066 -0.07734 0.99653
vn -0.09179 -0.2315 0.9685
vn -0.09179 -0.2315 0.9685
vn -0.15212 -0.38364 0.91087
vn -0.15211 -0.38364 0.91087
vn -0.21049 -0.53086 0.8209
vn -0.21049 -0.53086 0.8209
vn -0.26481 -0.66786 0.69558
vn -0.26481 -0.66786 0.69558
vn -0.2063 -0.33888 0.91794
vn -0.2063 -0.33887 0.91793
vn -0.28752 -0.47229 0.83323
vn -0.28752 -0.47229 0.83323
vn -0.36495 -0.59949 0.71234
vn -0.36496 -0.59949 0.71233
vn -0.43379 -0.71255 0.55145
vn -0.43379 -0.71255 0.55145
vn -0.48686 -0.79974 0.35125
vn -0.48686 -0.79974 0.35125
vn -0.04128 -0.06781 0.99684
vn -0.12387 -0.20348 0.97121
vn -0.12387 -0.20348 0.97121
vn -0.62323 -0.6895 0.36901
vn -0.62323 -0.6895 0.369
vn -0.05032 -0.05567 0.99718
vn -0.1514 -0.1675 0.97418
vn -0.1514 -0.1675 0.97418
vn -0.25352 -0.28048 0.92577
vn -0.25352 -0.28048 0.92577
vn -0.35623 -0.39411 0.84722
vn -0.35623 -0.39411 0.84722
vn -0.45692 -0.50551 0.73191
vn -0.45692 -0.50551 0.73191
vn -0.54945 -0.60788 0.57323
vn -0.54945 -0.60788 0.57323
vn -0.29156 -0.21009 0.9332
vn -0.29156 -0.21009 0.9332
vn -0.41293 -0.29754 0.86079
vn -0.41293 -0.29754 0.86079
vn -0.53525 -0.38568 0.7515
vn -0.53525 -0.38568 0.7515
vn -0.65158 -0.4695 0.59583
vn -0.65158 -0.4695 0.59583
vn -0.74774 -0.53879 0.38805
vn -0.74774 -0.53879 0.38805
vn -0.05743 -0.04138 0.99749
vn -0.17322 -0.12482 0.97694
vn -0.17322 -0.12482 0.97694
vn -0.84637 -0.34611 0.4048
vn -0.84636 -0.34612 0.40481
vn -0.06233 -0.02549 0.99773
vn -0.18837 -0.07703 0.97907
vn -0.18837 -0.07703 0.97907
vn -0.31833 -0.13017 0.939
vn -0.31833 -0.13018 0.939
vn -0.45369 -0.18553 0.87163
vn -0.4537 -0.18553 0.87163
vn -0.59323 -0.24259 0.76761
vn -0.59323 -0.24259 0.76761
vn -0.72982 -0.29844 0.61505
vn -0.72982 -0.29845 0.61506
vn -0.4751 -0.06308 0.87767
vn -0.47509 -0.06308 0.87767
vn -0.6243 -0.0829 0.77677
vn -0.6243 -0.08289 0.77677
vn -0.77282 -0.10261 0.62627
vn -0.77282 -0.10261 0.62627
vn -0.90198 -0.11976 0.41483
vn -0.90198 -0.11976 0.41483
vn -0.06482 -0.00861 0.99786
vn -0.19613 -0.02604 0.98023
vn -0.19613 -0.02604 0.98023
vn -0.33218 -0.0441 0.94219
vn -0.33217 -0.0441 0.94219
vn -0.06482 0.00861 0.99786
vn -0.19613 0.02604 0.98023
vn -0.19613 0.02604 0.98023
vn -0.33217 0.0441 0.94219
vn -0.33218 0.0441 0.94219
vn -0.47509 0.06308 0.87767
vn -0.4751 0.06308 0.87767
vn -0.6243 0.0829 0.77677
vn -0.6243 0.08289 0.77677
vn -0.77282 0.10261 0.62627
vn -0.77282 0.10261 0.62627
vn -0.90198 0.11976 0.41483
vn -0.90198 0.11976 0.41483
vn -0.45369 0.18553 0.87163
vn -0.45369 0.18553 0.87163
vn -0.59323 0.24259 0.76761
vn -0.59323 0.24259 0.76761
vn -0.72982 0.29845 0.61506
vn -0.72982 0.29845 0.61506
vn -0.84637 0.34611 0.40481
vn -0.84637 0.34612 0.4048
vn -0.06233 0.02549 0.99773
vn -0.18837 0.07703 0.97907
vn -0.18837 0.07703 0.97907
vn -0.31833 0.13017 0.939
vn -0.31833 0.13018 0.939
vn -0.05743 0.04138 0.99749
vn -0.17322 0.12481 0.97694
vn -0.17322 0.12482 0.97694
vn -0.29156 0.21009 0.9332
vn -0.29156 0.21009 0.9332
vn -0.41293 0.29754 0.86079
vn -0.41293 0.29754 0.86079
vn -0.53525 0.38568 0.7515
vn -0.53525 0.38568 0.7515
vn -0.65158 0.4695 0.59583
vn -0.65158 0.4695 0.59583
vn -0.74774 0.53879 0.38805
vn -0.74774 0.53879 0.38805
vn -0.45692 0.5055 0.73191
vn -0.45692 0.50551 0.73191
vn -0.54945 0.60788 0.57323
vn -0.54945 0.60788 0.57323
vn -0.62323 0.68951 0.369
vn -0.62323 0.68951 0.369
vn -0.05032 0.05567 0.99718
vn -0.1514 0.1675 0.97418
vn -0.1514 0.1675 0.97418
vn -0.25352 0.28048 0.92577
vn -0.25352 0.28048 0.92577
vn -0.35623 0.39411 0.84722
vn -0.35623 0.39411 0.84722
vn -0.12387 0.20348 0.97121
vn -0.12387 0.20348 0.97121
vn -0.2063 0.33888 0.91793
vn -0.2063 0.33887 0.91794
vn -0.28752 0.47229 0.83323
vn -0.28752 0.47229 0.83323
vn -0.36495 0.59949 0.71233
vn -0.36495 0.59949 0.71233
vn -0.43379 0.71256 0.55145
vn -0.43379 0.71255 0.55145
vn -0.48687 0.79974 0.35125
vn -0.48686 0.79974 0.35125
vn -0.04128 0.06781 0.99684
vn -0.31178 0.78632 0.53339
vn -0.31177 0.78632 0.53338
vn -0.34703 0.87524 0.33694
vn -0.34703 0.87524 0.33694
vn -0.03067 0.07734 0.99653
vn -0.09179 0.2315 0.9685
vn -0.09179 0.2315 0.9685
vn -0.15212 0.38364 0.91087
vn -0.15211 0.38364 0.91087
vn -0.21049 0.53086 0.8209
vn -0.21049 0.53086 0.8209
vn -0.26481 0.66787 0.69558
vn -0.26481 0.66786 0.69558
vn -0.0564 0.25066 0.96643
vn -0.0564 0.25066 0.96643
vn -0.09313 0.41385 0.90557
vn -0.09313 0.41385 0.90557
vn -0.12818 0.56965 0.81183
vn -0.12818 0.56965 0.81183
vn -0.16024 0.71212 0.68353
vn -0.16024 0.71212 0.68353
vn -0.18742 0.83291 0.5207
vn -0.18742 0.83292 0.5207
vn -0.20745 0.92194 0.32709
vn -0.20746 0.92194 0.32709
vn -0.01888 0.0839 0.9963
vn -0.0625 0.85539 0.5142
vn -0.0625 0.85539 0.51419
vn -0.06898 0.94419 0.32211
vn -0.06899 0.94418 0.32212
vn -0.00637 0.08724 0.99617
vn -0.01902 0.26037 0.96532
vn -0.01902 0.26037 0.96532
vn -0.03135 0.42905 0.90274
vn -0.03134 0.42905 0.90274
vn -0.04302 0.58893 0.80704
vn -0.04303 0.58892 0.80704
vn -0.05361 0.73379 0.67726
vn -0.05361 0.73379 0.67726
vn 0.36612 -0.92338 0.11542
vn 0.36612 -0.92338 0.11541
vn 0.66505 0.73577 0.12785
vn 0.66505 0.73577 0.12785
vn 0.07243 0.99131 0.1098
vn 0.07243 0.99131 0.1098
vn -0.36612 -0.92338 0.11542
vn -0.36612 -0.92338 0.11542
vn -0.36612 0.92338 0.11542
vn -0.36612 0.92338 0.11541
vn 0.80384 0.57922 0.13544
vn 0.80384 0.57922 0.13545
vn -0.07243 0.99131 0.10981
vn -0.07243 0.99131 0.1098
vn 0.36612 0.92338 0.11542
vn 0.36612 0.92338 0.11542
vn -0.66505 0.73577 0.12786
vn -0.66505 0.73577 0.12785
vn -0.07243 -0.99131 0.1098
vn -0.07243 -0.99131 0.1098
vn -0.21816 0.9695 0.11168
vn -0.21816 0.9695 0.11169
vn 0.66505 -0.73577 0.12786
vn 0.66505 -0.73577 0.12784
vn 0.07242 -0.99131 0.10981
vn 0.07243 -0.99131 0.1098
vn -0.80385 0.57921 0.13545
vn -0.80384 0.57922 0.13546
vn -0.91618 0.37466 0.14226
vn -0.91618 0.37467 0.14227
vn 0.98062 -0.1302 0.14642
vn 0.98062 -0.1302 0.14641
vn 0.91618 -0.37465 0.14226
vn 0.91618 -0.37466 0.14227
vn 0.51619 -0.8479 0.12091
vn 0.51618 -0.8479 0.12091
vn -0.51618 -0.8479 0.12091
vn -0.51618 -0.8479 0.12091
vn -0.21816 -0.9695 0.11168
vn -0.21816 -0.9695 0.11168
vn 0.51618 0.8479 0.12091
vn 0.51618 0.8479 0.12091
vn -0.51618 0.8479 0.12091
vn -0.51618 0.8479 0.12091
vn 0.98062 0.1302 0.14641
vn 0.98062 0.1302 0.14642
vn 0.80384 -0.57922 0.13545
vn 0.80384 -0.57922 0.13546
vn -0.98062 0.1302 0.14642
vn -0.98062 0.1302 0.14641
vn -0.91618 -0.37465 0.14229
vn -0.91618 -0.37467 0.14226
vn 0.21816 -0.9695 0.11168
vn 0.21816 -0.9695 0.11169
vn -0.80384 -0.57922 0.13546
vn -0.80384 -0.57922 0.13546
vn -0.98062 -0.1302 0.14641
vn -0.98062 -0.1302 0.14642
vn 0.21816 0.9695 0.11168
vn 0.21816 0.9695 0.11168
vn 0.91618 0.37465 0.14227
vn 0.91618 0.37466 0.14226
vn -0.66505 -0.73577 0.12784
vn -0.66505 -0.73577 0.12786
vn 0.00965 0.09801 0.99514
vn 0.00965 0.09801 -0.99514
vn 0.09755 0.99044 -0.09755
vn 0.09755 0.99044 -0.09755
vn 0.02857 0.29016 0.95655
vn 0.02858 0.29016 0.95655
vn 0.09383 0.95272 -0.289
vn 0.09384 0.95272 -0.28901
vn 0.04638 0.4709 0.88097
vn 0.04637 0.47089 0.88097
vn 0.08654 0.87861 -0.46963
vn 0.08654 0.87861 -0.46963
vn 0.06235 0.63316 0.77151
vn 0.06236 0.63316 0.77151
vn 0.07592 0.77078 -0.63257
vn 0.07592 0.77078 -0.63257
vn 0.07592 0.77078 0.63256
vn 0.07592 0.77078 0.63256
vn 0.06236 0.63316 -0.7715
vn 0.06236 0.63317 -0.7715
vn 0.08654 0.87861 0.46963
vn 0.08653 0.87861 0.46963
vn 0.04637 0.47089 -0.88097
vn 0.04638 0.47089 -0.88097
vn 0.09383 0.95272 0.289
vn 0.09383 0.95272 0.28901
vn 0.02858 0.29017 -0.95655
vn 0.02857 0.29017 -0.95655
vn 0.09755 0.99044 0.09755
vn 0.09755 0.99044 0.09755
vn 0.08464 0.27902 -0.95655
vn 0.08464 0.27902 -0.95655
vn 0.28891 0.95238 0.09754
vn 0.28889 0.95238 0.09756
vn 0.02859 0.09425 0.99514
vn 0.02859 0.09425 -0.99514
vn 0.28889 0.95238 -0.09754
vn 0.28891 0.95237 -0.09756
vn 0.08464 0.27901 0.95655
vn 0.08464 0.27901 0.95655
vn 0.2779 0.9161 -0.28901
vn 0.27789 0.91611 -0.289
vn 0.13736 0.4528 0.88097
vn 0.13736 0.4528 0.88097
vn 0.25628 0.84485 -0.46963
vn 0.25628 0.84484 -0.46963
vn 0.18469 0.60882 0.77151
vn 0.18468 0.60882 0.77151
vn 0.22483 0.74115 -0.63257
vn 0.22482 0.74116 -0.63256
vn 0.22482 0.74116 0.63256
vn 0.22483 0.74116 0.63256
vn 0.18468 0.60884 -0.7715
vn 0.18469 0.60883 -0.77151
vn 0.25628 0.84485 0.46963
vn 0.25628 0.84485 0.46963
vn 0.13736 0.45279 -0.88097
vn 0.13736 0.45279 -0.88097
vn 0.27789 0.91611 0.28901
vn 0.2779 0.91611 0.289
vn 0.29991 0.56109 0.77151
vn 0.29992 0.56109 0.77151
vn 0.3651 0.68306 -0.63256
vn 0.36511 0.68305 -0.63257
vn 0.36511 0.68306 0.63255
vn 0.3651 0.68306 0.63256
vn 0.29992 0.5611 -0.77151
vn 0.29992 0.5611 -0.7715
vn 0.41617 0.77862 0.46964
vn 0.41618 0.77862 0.46963
vn 0.22305 0.4173 -0.88097
vn 0.22305 0.4173 -0.88097
vn 0.45129 0.84429 0.289
vn 0.45128 0.84429 0.289
vn 0.13745 0.25714 -0.95655
vn 0.13744 0.25715 -0.95655
vn 0.46915 0.87772 0.09756
vn 0.46916 0.87771 0.09755
vn 0.04643 0.08686 0.99514
vn 0.04643 0.08686 -0.99514
vn 0.46915 0.87771 -0.09756
vn 0.46915 0.87772 -0.09755
vn 0.13744 0.25714 0.95655
vn 0.13744 0.25714 0.95655
vn 0.45128 0.84429 -0.289
vn 0.45129 0.84429 -0.289
vn 0.22305 0.4173 0.88097
vn 0.22305 0.4173 0.88097
vn 0.41618 0.77861 -0.46964
vn 0.41617 0.77862 -0.46963
vn 0.63137 0.76932 0.09755
vn 0.63136 0.76933 0.09755
vn 0.06248 0.07613 0.99514
vn 0.06248 0.07613 -0.99514
vn 0.63136 0.76933 -0.09755
vn 0.63137 0.76932 -0.09755
vn 0.18498 0.22538 0.95655
vn 0.18496 0.22539 0.95655
vn 0.60732 0.74003 -0.289
vn 0.60732 0.74003 -0.289
vn 0.30017 0.36577 0.88097
vn 0.30018 0.36577 0.88097
vn 0.56008 0.68246 -0.46963
vn 0.56008 0.68246 -0.46963
vn 0.40361 0.4918 0.77151
vn 0.40361 0.4918 0.77151
vn 0.49134 0.5987 -0.63257
vn 0.49134 0.5987 -0.63257
vn 0.49134 0.59871 0.63256
vn 0.49135 0.5987 0.63256
vn 0.40362 0.49181 -0.7715
vn 0.40362 0.49181 -0.7715
vn 0.56008 0.68246 0.46963
vn 0.56008 0.68246 0.46963
vn 0.30017 0.36576 -0.88097
vn 0.30017 0.36577 -0.88097
vn 0.60732 0.74003 0.289
vn 0.60732 0.74003 0.289
vn 0.18497 0.22539 -0.95655
vn 0.18498 0.22538 -0.95655
vn 0.5987 0.49134 -0.63257
vn 0.5987 0.49135 -0.63257
vn 0.5987 0.49135 0.63256
vn 0.5987 0.49135 0.63256
vn 0.49181 0.40362 -0.7715
vn 0.49181 0.40362 -0.7715
vn 0.68246 0.56008 0.46963
vn 0.68246 0.56008 0.46963
vn 0.36576 0.30018 -0.88097
vn 0.36577 0.30017 -0.88097
vn 0.74003 0.60732 0.289
vn 0.74002 0.60732 0.28901
vn 0.22539 0.18497 -0.95655
vn 0.22538 0.18498 -0.95655
vn 0.76932 0.63137 0.09755
vn 0.76933 0.63136 0.09754
vn 0.07613 0.06248 0.99514
vn 0.07613 0.06248 -0.99514
vn 0.76933 0.63136 -0.09755
vn 0.76932 0.63137 -0.09754
vn 0.22537 0.18497 0.95655
vn 0.22539 0.18496 0.95655
vn 0.74002 0.60732 -0.289
vn 0.74002 0.60732 -0.28901
vn 0.36578 0.30017 0.88097
vn 0.36576 0.30018 0.88097
vn 0.68246 0.56008 -0.46963
vn 0.68246 0.56008 -0.46963
vn 0.4918 0.40362 0.77151
vn 0.4918 0.40362 0.77151
vn 0.08686 0.04643 0.99514
vn 0.08686 0.04643 -0.99514
vn 0.87771 0.46916 -0.09754
vn 0.87772 0.46914 -0.09756
vn 0.25714 0.13744 0.95655
vn 0.25714 0.13745 0.95655
vn 0.84429 0.45127 -0.289
vn 0.84429 0.45127 -0.28901
vn 0.4173 0.22306 0.88097
vn 0.4173 0.22305 0.88097
vn 0.77862 0.41617 -0.46963
vn 0.77862 0.41618 -0.46962
vn 0.56109 0.29991 0.77151
vn 0.5611 0.29991 0.77151
vn 0.68305 0.3651 -0.63257
vn 0.68305 0.3651 -0.63257
vn 0.68306 0.3651 0.63256
vn 0.68306 0.3651 0.63256
vn 0.5611 0.29991 -0.7715
vn 0.5611 0.29992 -0.7715
vn 0.77862 0.41618 0.46963
vn 0.77862 0.41617 0.46962
vn 0.41729 0.22305 -0.88097
vn 0.41729 0.22305 -0.88097
vn 0.84429 0.45127 0.289
vn 0.84429 0.45127 0.28901
vn 0.25714 0.13745 -0.95655
vn 0.25714 0.13744 -0.95655
vn 0.87772 0.46914 0.09754
vn 0.87771 0.46915 0.09756
vn 0.74116 0.22483 0.63256
vn 0.74116 0.22483 0.63256
vn 0.60883 0.18469 -0.7715
vn 0.60883 0.18468 -0.7715
vn 0.84485 0.25628 0.46962
vn 0.84485 0.25628 0.46962
vn 0.45279 0.13735 -0.88097
vn 0.45279 0.13735 -0.88097
vn 0.9161 0.2779 0.28901
vn 0.91611 0.2779 0.289
vn 0.27902 0.08463 -0.95655
vn 0.27902 0.08464 -0.95655
vn 0.95238 0.2889 0.09756
vn 0.95238 0.28889 0.09755
vn 0.09425 0.02859 0.99514
vn 0.09425 0.02859 -0.99514
vn 0.95238 0.28889 -0.09756
vn 0.95238 0.2889 -0.09755
vn 0.27901 0.08463 0.95655
vn 0.27901 0.08463 0.95655
vn 0.91611 0.27789 -0.28901
vn 0.91611 0.2779 -0.289
vn 0.4528 0.13735 0.88097
vn 0.4528 0.13735 0.88097
vn 0.84485 0.25629 -0.46962
vn 0.84485 0.25628 -0.46962
vn 0.60882 0.18468 0.77151
vn 0.60882 0.18469 0.77151
vn 0.74116 0.22483 -0.63257
vn 0.74116 0.22483 -0.63257
vn 0.99044 0.09755 -0.09755
vn 0.99044 0.09755 -0.09755
vn 0.29016 0.02857 0.95655
vn 0.29016 0.02858 0.95655
vn 0.95272 0.09384 -0.289
vn 0.95272 0.09384 -0.289
vn 0.47089 0.04638 0.88097
vn 0.4709 0.04637 0.88097
vn 0.87861 0.08654 -0.46963
vn 0.87861 0.08653 -0.46964
vn 0.63315 0.06235 0.77151
vn 0.63315 0.06236 0.77151
vn 0.77078 0.07591 -0.63257
vn 0.77078 0.07591 -0.63256
vn 0.77078 0.07592 0.63256
vn 0.77079 0.07591 0.63256
vn 0.63316 0.06236 -0.7715
vn 0.63316 0.06236 -0.77151
vn 0.87862 0.08653 0.46962
vn 0.87861 0.08654 0.46963
vn 0.47089 0.04637 -0.88097
vn 0.47089 0.04638 -0.88097
vn 0.95272 0.09384 0.289
vn 0.95272 0.09384 0.289
vn 0.29017 0.02858 -0.95655
vn 0.29017 0.02857 -0.95655
vn 0.99044 0.09755 0.09755
vn 0.99044 0.09755 0.09755
vn 0.09802 0.00965 0.99514
vn 0.09802 0.00965 -0.99514
vn 0.63316 -0.06236 -0.7715
vn 0.63316 -0.06236 -0.7715
vn 0.87861 -0.08653 0.46964
vn 0.87861 -0.08654 0.46963
vn 0.47089 -0.04637 -0.88097
vn 0.47089 -0.04638 -0.88097
vn 0.95272 -0.09384 0.289
vn 0.95272 -0.09384 0.289
vn 0.29017 -0.02858 -0.95655
vn 0.29017 -0.02857 -0.95655
vn 0.99044 -0.09755 0.09755
vn 0.99044 -0.09755 0.09755
vn 0.09802 -0.00965 0.99514
vn 0.09802 -0.00965 -0.99514
vn 0.99044 -0.09755 -0.09755
vn 0.99044 -0.09755 -0.09755
vn 0.29016 -0.02857 0.95655
vn 0.29016 -0.02858 0.95655
vn 0.95272 -0.09384 -0.289
vn 0.95272 -0.09384 -0.289
vn 0.4709 -0.04638 0.88097
vn 0.47089 -0.04637 0.88097
vn 0.87861 -0.08654 -0.46963
vn 0.87862 -0.08653 -0.46963
vn 0.63315 -0.06235 0.77151
vn 0.63315 -0.06236 0.77151
vn 0.77078 -0.07591 -0.63256
vn 0.77078 -0.07591 -0.63257
vn 0.77079 -0.07592 0.63256
vn 0.77078 -0.07591 0.63256
vn 0.91611 -0.2779 -0.289
vn 0.9161 -0.2779 -0.28901
vn 0.4528 -0.13735 0.88097
vn 0.4528 -0.13735 0.88097
vn 0.84485 -0.25628 -0.46963
vn 0.84485 -0.25628 -0.46962
vn 0.60882 -0.18468 0.77151
vn 0.60882 -0.18469 0.77151
vn 0.74116 -0.22483 -0.63257
vn 0.74115 -0.22483 -0.63257
vn 0.74116 -0.22483 0.63256
vn 0.74116 -0.22483 0.63256
vn 0.60883 -0.18469 -0.7715
vn 0.60883 -0.18468 -0.7715
vn 0.84485 -0.25628 0.46963
vn 0.84485 -0.25629 0.46962
vn 0.45279 -0.13735 -0.88097
vn 0.4528 -0.13735 -0.88097
vn 0.91611 -0.2779 0.289
vn 0.91611 -0.27789 0.28901
vn 0.27902 -0.08463 -0.95655
vn 0.27902 -0.08464 -0.95655
vn 0.95238 -0.2889 0.09755
vn 0.95238 -0.2889 0.09755
vn 0.09425 -0.02859 0.99514
vn 0.09425 -0.02859 -0.99514
vn 0.95238 -0.2889 -0.09755
vn 0.95238 -0.2889 -0.09755
vn 0.27901 -0.08463 0.95655
vn 0.27901 -0.08463 0.95655
vn 0.4173 -0.22305 -0.88097
vn 0.41729 -0.22305 -0.88097
vn 0.84429 -0.45127 0.28901
vn 0.84429 -0.45128 0.289
vn 0.25714 -0.13745 -0.95655
vn 0.25715 -0.13745 -0.95655
vn 0.87772 -0.46914 0.09755
vn 0.87771 -0.46915 0.09754
vn 0.08686 -0.04643 0.99514
vn 0.08686 -0.04643 -0.99514
vn 0.87771 -0.46915 -0.09755
vn 0.87772 -0.46915 -0.09754
vn 0.25714 -0.13744 0.95655
vn 0.25714 -0.13745 0.95655
vn 0.84429 -0.45128 -0.28901
vn 0.84429 -0.45127 -0.289
vn 0.4173 -0.22306 0.88097
vn 0.4173 -0.22305 0.88097
vn 0.77862 -0.41617 -0.46962
vn 0.77862 -0.41618 -0.46963
vn 0.56109 -0.29991 0.77151
vn 0.5611 -0.29991 0.77151
vn 0.68305 -0.3651 -0.63257
vn 0.68305 -0.3651 -0.63257
vn 0.68306 -0.3651 0.63256
vn 0.68306 -0.36511 0.63255
vn 0.5611 -0.29991 -0.7715
vn 0.5611 -0.29992 -0.7715
vn 0.77861 -0.41619 0.46962
vn 0.77862 -0.41617 0.46964
vn 0.36576 -0.30018 0.88097
vn 0.36576 -0.30018 0.88097
vn 0.68246 -0.56009 -0.46963
vn 0.68246 -0.56008 -0.46963
vn 0.4918 -0.40362 0.77151
vn 0.4918 -0.40362 0.77151
vn 0.5987 -0.49134 -0.63257
vn 0.59869 -0.49135 -0.63257
vn 0.5987 -0.49136 0.63255
vn 0.59871 -0.49134 0.63256
vn 0.4918 -0.40362 -0.7715
vn 0.49181 -0.40362 -0.7715
vn 0.68247 -0.56007 0.46964
vn 0.68246 -0.56009 0.46963
vn 0.36576 -0.30018 -0.88097
vn 0.36576 -0.30018 -0.88097
vn 0.74002 -0.60733 0.289
vn 0.74002 -0.60732 0.28901
vn 0.22539 -0.18497 -0.95655
vn 0.22538 -0.18498 -0.95655
vn 0.76932 -0.63137 0.09755
vn 0.76933 -0.63136 0.09755
vn 0.07613 -0.06248 0.99514
vn 0.07613 -0.06248 -0.99514
vn 0.76933 -0.63136 -0.09755
vn 0.76932 -0.63137 -0.09755
vn 0.22538 -0.18498 0.95655
vn 0.22538 -0.18497 0.95655
vn 0.74003 -0.60732 -0.289
vn 0.74002 -0.60732 -0.28901
vn 0.60733 -0.74002 0.28901
vn 0.60732 -0.74003 0.289
vn 0.18497 -0.22539 -0.95655
vn 0.18498 -0.22538 -0.95655
vn 0.63137 -0.76932 0.09755
vn 0.63136 -0.76933 0.09755
vn 0.06248 -0.07613 0.99514
vn 0.06248 -0.07613 -0.99514
vn 0.63136 -0.76933 -0.09755
vn 0.63137 -0.76932 -0.09755
vn 0.18497 -0.22538 0.95655
vn 0.18497 -0.22538 0.95655
vn 0.60732 -0.74002 -0.28901
vn 0.60733 -0.74002 -0.289
vn 0.30018 -0.36576 0.88097
vn 0.30018 -0.36577 0.88097
vn 0.56009 -0.68246 -0.46963
vn 0.56008 -0.68246 -0.46963
vn 0.40361 -0.49181 0.77151
vn 0.40361 -0.4918 0.77151
vn 0.49134 -0.5987 -0.63257
vn 0.49134 -0.5987 -0.63257
vn 0.49135 -0.5987 0.63256
vn 0.49134 -0.59871 0.63256
vn 0.40362 -0.49181 -0.7715
vn 0.40362 -0.49181 -0.7715
vn 0.56008 -0.68247 0.46963
vn 0.56008 -0.68246 0.46963
vn 0.30017 -0.36576 -0.88097
vn 0.30018 -0.36576 -0.88097
vn 0.41618 -0.77862 -0.46963
vn 0.41618 -0.77862 -0.46963
vn 0.29991 -0.56109 0.77151
vn 0.29991 -0.5611 0.77151
vn 0.3651 -0.68305 -0.63257
vn 0.36509 -0.68305 -0.63257
vn 0.3651 -0.68306 0.63256
vn 0.3651 -0.68306 0.63256
vn 0.29991 -0.5611 -0.7715
vn 0.29992 -0.5611 -0.7715
vn 0.41618 -0.77861 0.46963
vn 0.41618 -0.77862 0.46963
vn 0.22305 -0.4173 -0.88097
vn 0.22305 -0.4173 -0.88097
vn 0.45128 -0.84429 0.289
vn 0.45128 -0.84429 0.289
vn 0.13745 -0.25715 -0.95655
vn 0.13744 -0.25715 -0.95655
vn 0.46915 -0.87772 0.09755
vn 0.46915 -0.87771 0.09755
vn 0.04643 -0.08686 0.99514
vn 0.04643 -0.08686 -0.99514
vn 0.46915 -0.87771 -0.09755
vn 0.46915 -0.87772 -0.09755
vn 0.13744 -0.25714 0.95655
vn 0.13744 -0.25714 0.95655
vn 0.45128 -0.84429 -0.289
vn 0.45128 -0.84429 -0.289
vn 0.22305 -0.4173 0.88097
vn 0.22305 -0.4173 0.88097
vn 0.08464 -0.27902 -0.95655
vn 0.08463 -0.27902 -0.95655
vn 0.2889 -0.95238 0.09755
vn 0.2889 -0.95238 0.09755
vn 0.02859 -0.09425 0.99514
vn 0.02859 -0.09425 -0.99514
vn 0.2889 -0.95238 -0.09755
vn 0.2889 -0.95238 -0.09755
vn 0.08463 -0.27901 0.95655
vn 0.08464 -0.27901 0.95655
vn 0.2779 -0.91611 -0.289
vn 0.2779 -0.91611 -0.289
vn 0.13736 -0.4528 0.88097
vn 0.13736 -0.4528 0.88097
vn 0.25628 -0.84485 -0.46963
vn 0.25628 -0.84485 -0.46963
vn 0.18469 -0.60882 0.77151
vn 0.18469 -0.60883 0.77151
vn 0.22483 -0.74115 -0.63257
vn 0.22483 -0.74115 -0.63257
vn 0.22483 -0.74116 0.63256
vn 0.22483 -0.74116 0.63256
vn 0.18469 -0.60883 -0.7715
vn 0.18469 -0.60883 -0.7715
vn 0.25628 -0.84485 0.46963
vn 0.25628 -0.84485 0.46963
vn 0.13736 -0.45279 -0.88097
vn 0.13736 -0.45279 -0.88097
vn 0.2779 -0.9161 0.289
vn 0.2779 -0.91611 0.289
vn 0.06235 -0.63316 0.77151
vn 0.06236 -0.63315 0.77151
vn 0.07592 -0.77078 -0.63257
vn 0.07592 -0.77078 -0.63257
vn 0.07592 -0.77078 0.63256
vn 0.07592 -0.77078 0.63256
vn 0.06236 -0.63317 -0.7715
vn 0.06236 -0.63316 -0.7715
vn 0.08654 -0.87861 0.46963
vn 0.08653 -0.87861 0.46963
vn 0.04637 -0.47089 -0.88097
vn 0.04637 -0.47089 -0.88097
vn 0.09383 -0.95272 0.289
vn 0.09384 -0.95272 0.289
vn 0.02858 -0.29017 -0.95655
vn 0.02858 -0.29017 -0.95655
vn 0.09755 -0.99044 0.09755
vn 0.09755 -0.99044 0.09755
vn 0.00966 -0.09801 0.99514
vn 0.00966 -0.09801 -0.99514
vn 0.09755 -0.99044 -0.09755
vn 0.09755 -0.99044 -0.09755
vn 0.02858 -0.29016 0.95655
vn 0.02858 -0.29016 0.95655
vn 0.09384 -0.95272 -0.289
vn 0.09383 -0.95272 -0.289
vn 0.04637 -0.47089 0.88097
vn 0.04637 -0.47089 0.88097
vn 0.08653 -0.87861 -0.46963
vn 0.08654 -0.87861 -0.46963
vn -0.09755 -0.99044 0.09755
vn -0.09755 -0.99044 0.09755
vn -0.00965 -0.09801 0.99514
vn -0.00965 -0.09801 -0.99514
vn -0.09755 -0.99044 -0.09755
vn -0.09755 -0.99044 -0.09755
vn -0.02858 -0.29016 0.95655
vn -0.02858 -0.29016 0.95655
vn -0.09384 -0.95272 -0.289
vn -0.09383 -0.95272 -0.289
vn -0.04637 -0.47089 0.88097
vn -0.04637 -0.47089 0.88097
vn -0.08653 -0.87861 -0.46963
vn -0.08654 -0.87861 -0.46963
vn -0.06235 -0.63316 0.77151
vn -0.06236 -0.63316 0.77151
vn -0.07592 -0.77078 -0.63257
vn -0.07591 -0.77078 -0.63257
vn -0.07591 -0.77078 0.63256
vn -0.07592 -0.77078 0.63256
vn -0.06236 -0.63316 -0.7715
vn -0.06236 -0.63317 -0.7715
vn -0.08654 -0.87861 0.46963
vn -0.08653 -0.87861 0.46963
vn -0.04637 -0.47089 -0.88097
vn -0.04637 -0.47089 -0.88097
vn -0.09383 -0.95272 0.289
vn -0.09384 -0.95272 0.289
vn -0.02858 -0.29017 -0.95655
vn -0.02858 -0.29017 -0.95655
vn -0.22483 -0.74116 -0.63257
vn -0.22483 -0.74115 -0.63257
vn -0.22483 -0.74116 0.63256
vn -0.22483 -0.74116 0.63256
vn -0.18469 -0.60883 -0.7715
vn -0.18469 -0.60883 -0.7715
vn -0.25628 -0.84485 0.46963
vn -0.25628 -0.84485 0.46963
vn -0.13735 -0.45279 -0.88097
vn -0.13735 -0.45279 -0.88097
vn -0.2779 -0.9161 0.289
vn -0.2779 -0.9161 0.28901
vn -0.08464 -0.27902 -0.95655
vn -0.08464 -0.27902 -0.95655
vn -0.2889 -0.95238 0.09755
vn -0.2889 -0.95238 0.09755
vn -0.02859 -0.09425 0.99514
vn -0.02859 -0.09425 -0.99514
vn -0.2889 -0.95238 -0.09755
vn -0.2889 -0.95238 -0.09755
vn -0.08464 -0.27901 0.95655
vn -0.08464 -0.27901 0.95655
vn -0.2779 -0.91611 -0.289
vn -0.2779 -0.9161 -0.28901
vn -0.13735 -0.4528 0.88097
vn -0.13736 -0.4528 0.88097
vn -0.25628 -0.84485 -0.46963
vn -0.25628 -0.84485 -0.46963
vn -0.18469 -0.60882 0.77151
vn -0.18469 -0.60882 0.77151
vn -0.04643 -0.08686 -0.99514
vn -0.46915 -0.87771 -0.09755
vn -0.46915 -0.87771 -0.09755
vn -0.13745 -0.25713 0.95655
vn -0.13744 -0.25714 0.95655
vn -0.45129 -0.84428 -0.28901
vn -0.45128 -0.84429 -0.28901
vn -0.22305 -0.4173 0.88097
vn -0.22305 -0.4173 0.88097
vn -0.41618 -0.77862 -0.46962
vn -0.41619 -0.77861 -0.46963
vn -0.29991 -0.5611 0.77151
vn -0.29991 -0.5611 0.77151
vn -0.3651 -0.68305 -0.63257
vn -0.3651 -0.68306 -0.63256
vn -0.3651 -0.68306 0.63256
vn -0.36511 -0.68306 0.63255
vn -0.29991 -0.56111 -0.7715
vn -0.29992 -0.5611 -0.7715
vn -0.41619 -0.77861 0.46962
vn -0.41618 -0.77862 0.46963
vn -0.22305 -0.4173 -0.88097
vn -0.22305 -0.4173 -0.88097
vn -0.45128 -0.84428 0.28901
vn -0.45129 -0.84428 0.28901
vn -0.13744 -0.25714 -0.95655
vn -0.13745 -0.25714 -0.95655
vn -0.46915 -0.87771 0.09755
vn -0.46915 -0.87771 0.09755
vn -0.04643 -0.08686 0.99514
vn -0.40362 -0.49181 -0.7715
vn -0.40362 -0.49181 -0.7715
vn -0.56008 -0.68247 0.46963
vn -0.56008 -0.68247 0.46963
vn -0.30017 -0.36576 -0.88097
vn -0.30018 -0.36576 -0.88097
vn -0.60732 -0.74003 0.28901
vn -0.60732 -0.74002 0.28901
vn -0.18497 -0.22539 -0.95655
vn -0.18496 -0.2254 -0.95655
vn -0.63137 -0.76932 0.09756
vn -0.63137 -0.76932 0.09755
vn -0.06248 -0.07614 0.99514
vn -0.06248 -0.07614 -0.99514
vn -0.63137 -0.76932 -0.09756
vn -0.63137 -0.76932 -0.09755
vn -0.18495 -0.22539 0.95655
vn -0.18497 -0.22538 0.95655
vn -0.60732 -0.74002 -0.28901
vn -0.60732 -0.74003 -0.28901
vn -0.30018 -0.36577 0.88097
vn -0.30018 -0.36577 0.88097
vn -0.56008 -0.68246 -0.46963
vn -0.56008 -0.68247 -0.46963
vn -0.40361 -0.4918 0.77151
vn -0.40362 -0.4918 0.77151
vn -0.49134 -0.59871 -0.63256
vn -0.49134 -0.5987 -0.63257
vn -0.49135 -0.59871 0.63255
vn -0.49134 -0.59871 0.63256
vn -0.22539 -0.18496 0.95655
vn -0.22538 -0.18497 0.95655
vn -0.74002 -0.60732 -0.28901
vn -0.74002 -0.60733 -0.289
vn -0.36576 -0.30018 0.88097
vn -0.36577 -0.30017 0.88097
vn -0.68246 -0.56009 -0.46963
vn -0.68246 -0.56008 -0.46963
vn -0.49181 -0.40361 0.77151
vn -0.4918 -0.40361 0.77151
vn -0.5987 -0.49134 -0.63256
vn -0.5987 -0.49134 -0.63257
vn -0.59871 -0.49134 0.63256
vn -0.5987 -0.49135 0.63256
vn -0.49181 -0.40362 -0.7715
vn -0.49181 -0.40361 -0.7715
vn -0.68246 -0.56008 0.46963
vn -0.68246 -0.56009 0.46963
vn -0.36577 -0.30017 -0.88097
vn -0.36576 -0.30018 -0.88097
vn -0.74002 -0.60733 0.28901
vn -0.74003 -0.60732 0.289
vn -0.22539 -0.18497 -0.95655
vn -0.22539 -0.18497 -0.95655
vn -0.76932 -0.63137 0.09755
vn -0.76932 -0.63137 0.09756
vn -0.07613 -0.06248 0.99514
vn -0.07613 -0.06248 -0.99514
vn -0.76932 -0.63137 -0.09755
vn -0.76932 -0.63137 -0.09756
vn -0.77862 -0.41618 0.46963
vn -0.77861 -0.41618 0.46963
vn -0.4173 -0.22305 -0.88097
vn -0.4173 -0.22304 -0.88097
vn -0.84429 -0.45129 0.289
vn -0.84428 -0.45129 0.28901
vn -0.25715 -0.13744 -0.95655
vn -0.25714 -0.13744 -0.95655
vn -0.87771 -0.46916 0.09756
vn -0.87772 -0.46914 0.09754
vn -0.08686 -0.04643 0.99514
vn -0.08686 -0.04643 -0.99514
vn -0.87772 -0.46914 -0.09756
vn -0.87771 -0.46916 -0.09754
vn -0.25714 -0.13744 0.95655
vn -0.25714 -0.13744 0.95655
vn -0.84428 -0.45129 -0.289
vn -0.84429 -0.45128 -0.28901
vn -0.41731 -0.22305 0.88097
vn -0.4173 -0.22305 0.88097
vn -0.77862 -0.41618 -0.46963
vn -0.77862 -0.41618 -0.46963
vn -0.56109 -0.29991 0.77151
vn -0.5611 -0.29991 0.77151
vn -0.68305 -0.3651 -0.63257
vn -0.68305 -0.36509 -0.63257
vn -0.68306 -0.3651 0.63256
vn -0.68306 -0.3651 0.63256
vn -0.5611 -0.29991 -0.7715
vn -0.5611 -0.29992 -0.7715
vn -0.91611 -0.27789 -0.28901
vn -0.91611 -0.2779 -0.289
vn -0.45279 -0.13736 0.88097
vn -0.4528 -0.13735 0.88097
vn -0.84485 -0.25628 -0.46963
vn -0.84484 -0.25628 -0.46964
vn -0.60883 -0.18468 0.77151
vn -0.60882 -0.18469 0.77151
vn -0.74116 -0.22482 -0.63257
vn -0.74116 -0.22483 -0.63256
vn -0.74116 -0.22483 0.63256
vn -0.74116 -0.22483 0.63256
vn -0.60883 -0.18469 -0.7715
vn -0.60883 -0.1847 -0.7715
vn -0.84485 -0.25628 0.46963
vn -0.84484 -0.25628 0.46964
vn -0.45279 -0.13736 -0.88097
vn -0.45279 -0.13736 -0.88097
vn -0.9161 -0.2779 0.28901
vn -0.91611 -0.2779 0.289
vn -0.27902 -0.08464 -0.95655
vn -0.27902 -0.08463 -0.95655
vn -0.95238 -0.2889 0.09754
vn -0.95237 -0.28891 0.09755
vn -0.09425 -0.02859 0.99514
vn -0.09425 -0.02859 -0.99514
vn -0.95237 -0.28891 -0.09754
vn -0.95238 -0.2889 -0.09755
vn -0.27901 -0.08463 0.95655
vn -0.27901 -0.08464 0.95655
vn -0.47089 -0.04637 -0.88097
vn -0.47089 -0.04638 -0.88097
vn -0.95272 -0.09383 0.289
vn -0.95272 -0.09384 0.28901
vn -0.29016 -0.02858 -0.95655
vn -0.29017 -0.02859 -0.95655
vn -0.99044 -0.09755 0.09755
vn -0.99044 -0.09755 0.09755
vn -0.09801 -0.00966 0.99514
vn -0.09801 -0.00966 -0.99514
vn -0.99044 -0.09755 -0.09755
vn -0.99044 -0.09755 -0.09755
vn -0.29016 -0.02859 0.95655
vn -0.29016 -0.02858 0.95655
vn -0.95272 -0.09384 -0.289
vn -0.95272 -0.09383 -0.28901
vn -0.4709 -0.04638 0.88097
vn -0.4709 -0.04639 0.88097
vn -0.87861 -0.08653 -0.46964
vn -0.87861 -0.08654 -0.46962
vn -0.63315 -0.06237 0.77151
vn -0.63316 -0.06236 0.77151
vn -0.77078 -0.07592 -0.63257
vn -0.77077 -0.07591 -0.63257
vn -0.77078 -0.07592 0.63256
vn -0.77078 -0.07592 0.63256
vn -0.63317 -0.06236 -0.7715
vn -0.63317 -0.06236 -0.7715
vn -0.87861 -0.08654 0.46964
vn -0.87862 -0.08653 0.46962
vn -0.4709 0.04638 0.88097
vn -0.4709 0.04639 0.88097
vn -0.87862 0.08653 -0.46962
vn -0.87861 0.08654 -0.46964
vn -0.63316 0.06237 0.77151
vn -0.63315 0.06236 0.77151
vn -0.77077 0.07592 -0.63257
vn -0.77078 0.07591 -0.63257
vn -0.77078 0.07591 0.63256
vn -0.77078 0.07592 0.63256
vn -0.63317 0.06236 -0.7715
vn -0.63317 0.06236 -0.7715
vn -0.87861 0.08654 0.46962
vn -0.87861 0.08653 0.46964
vn -0.47089 0.04637 -0.88097
vn -0.47089 0.04638 -0.88097
vn -0.95272 0.09383 0.28901
vn -0.95272 0.09384 0.289
vn -0.29017 0.02858 -0.95655
vn -0.29016 0.02859 -0.95655
vn -0.99044 0.09755 0.09755
vn -0.99044 0.09755 0.09755
vn -0.09801 0.00966 0.99514
vn -0.09801 0.00966 -0.99514
vn -0.99044 0.09755 -0.09755
vn -0.99044 0.09755 -0.09755
vn -0.29016 0.02859 0.95655
vn -0.29016 0.02858 0.95655
vn -0.95272 0.09384 -0.28901
vn -0.95272 0.09383 -0.289
vn -0.91611 0.2779 0.289
vn -0.91611 0.2779 0.28901
vn -0.27901 0.08464 -0.95655
vn -0.27902 0.08464 -0.95655
vn -0.95238 0.2889 0.09755
vn -0.95237 0.28891 0.09754
vn -0.09425 0.02859 0.99514
vn -0.09425 0.02859 -0.99514
vn -0.95237 0.28891 -0.09755
vn -0.95238 0.2889 -0.09754
vn -0.27901 0.08463 0.95655
vn -0.27901 0.08464 0.95655
vn -0.91611 0.2779 -0.289
vn -0.9161 0.2779 -0.28901
vn -0.4528 0.13736 0.88097
vn -0.4528 0.13735 0.88097
vn -0.84484 0.25628 -0.46964
vn -0.84485 0.25628 -0.46963
vn -0.60882 0.18468 0.77151
vn -0.60882 0.18469 0.77151
vn -0.74116 0.22483 -0.63257
vn -0.74115 0.22483 -0.63257
vn -0.74116 0.22483 0.63256
vn -0.74116 0.22483 0.63256
vn -0.60884 0.18469 -0.7715
vn -0.60883 0.1847 -0.7715
vn -0.84484 0.25628 0.46964
vn -0.84485 0.25628 0.46963
vn -0.45279 0.13736 -0.88097
vn -0.45279 0.13736 -0.88097
vn -0.77861 0.41618 -0.46963
vn -0.77862 0.41618 -0.46963
vn -0.56109 0.29991 0.77151
vn -0.5611 0.29991 0.77151
vn -0.68305 0.3651 -0.63257
vn -0.68305 0.3651 -0.63257
vn -0.68306 0.3651 0.63256
vn -0.68306 0.3651 0.63256
vn -0.5611 0.29991 -0.7715
vn -0.5611 0.29992 -0.7715
vn -0.77862 0.41618 0.46963
vn -0.77862 0.41618 0.46963
vn -0.4173 0.22305 -0.88097
vn -0.4173 0.22304 -0.88097
vn -0.84429 0.45128 0.28901
vn -0.84429 0.45129 0.289
vn -0.25715 0.13744 -0.95655
vn -0.25714 0.13744 -0.95655
vn -0.87771 0.46915 0.09754
vn -0.87772 0.46914 0.09755
vn -0.08686 0.04643 0.99514
vn -0.08686 0.04643 -0.99514
vn -0.87772 0.46914 -0.09754
vn -0.87771 0.46915 -0.09755
vn -0.25714 0.13744 0.95655
vn -0.25714 0.13744 0.95655
vn -0.84429 0.45129 -0.28901
vn -0.84429 0.45128 -0.289
vn -0.4173 0.22304 0.88097
vn -0.4173 0.22305 0.88097
vn -0.22539 0.18497 -0.95655
vn -0.22539 0.18497 -0.95655
vn -0.76932 0.63137 0.09755
vn -0.76932 0.63137 0.09755
vn -0.07613 0.06248 0.99514
vn -0.07613 0.06248 -0.99514
vn -0.76932 0.63137 -0.09755
vn -0.76932 0.63137 -0.09755
vn -0.22539 0.18496 0.95655
vn -0.22538 0.18497 0.95655
vn -0.74002 0.60732 -0.28901
vn -0.74002 0.60732 -0.28901
vn -0.36577 0.30018 0.88097
vn -0.36577 0.30017 0.88097
vn -0.68246 0.56009 -0.46963
vn -0.68246 0.56008 -0.46963
vn -0.49181 0.40361 0.77151
vn -0.49181 0.40361 0.77151
vn -0.5987 0.49134 -0.63257
vn -0.5987 0.49134 -0.63256
vn -0.59871 0.49134 0.63256
vn -0.59871 0.49135 0.63256
vn -0.49181 0.40362 -0.7715
vn -0.49182 0.40361 -0.7715
vn -0.68246 0.56008 0.46963
vn -0.68246 0.56009 0.46963
vn -0.36577 0.30017 -0.88097
vn -0.36576 0.30018 -0.88097
vn -0.74002 0.60733 0.289
vn -0.74002 0.60732 0.28901
vn -0.49134 0.5987 -0.63257
vn -0.49135 0.5987 -0.63256
vn -0.49135 0.5987 0.63256
vn -0.49135 0.59871 0.63256
vn -0.40362 0.49181 -0.7715
vn -0.40362 0.49181 -0.7715
vn -0.56008 0.68246 0.46963
vn -0.56009 0.68246 0.46963
vn -0.30017 0.36576 -0.88097
vn -0.30018 0.36576 -0.88097
vn -0.60733 0.74002 0.28901
vn -0.60732 0.74003 0.289
vn -0.18497 0.22539 -0.95655
vn -0.18497 0.22539 -0.95655
vn -0.63137 0.76932 0.09755
vn -0.63137 0.76932 0.09756
vn -0.06248 0.07613 0.99514
vn -0.06248 0.07613 -0.99514
vn -0.63137 0.76932 -0.09755
vn -0.63137 0.76932 -0.09756
vn -0.18496 0.22539 0.95655
vn -0.18497 0.22538 0.95655
vn -0.60732 0.74002 -0.28901
vn -0.60733 0.74002 -0.289
vn -0.30018 0.36576 0.88097
vn -0.30018 0.36577 0.88097
vn -0.56009 0.68246 -0.46963
vn -0.56008 0.68246 -0.46963
vn -0.40361 0.49181 0.77151
vn -0.40361 0.4918 0.77151
vn -0.04643 0.08686 0.99514
vn -0.04643 0.08686 -0.99514
vn -0.46915 0.87771 -0.09755
vn -0.46915 0.87771 -0.09755
vn -0.13744 0.25714 0.95655
vn -0.13744 0.25714 0.95655
vn -0.45129 0.84429 -0.289
vn -0.45128 0.84429 -0.28901
vn -0.22305 0.4173 0.88097
vn -0.22305 0.4173 0.88097
vn -0.41618 0.77862 -0.46963
vn -0.41618 0.77862 -0.46963
vn -0.29991 0.56109 0.77151
vn -0.29991 0.5611 0.77151
vn -0.3651 0.68305 -0.63257
vn -0.36509 0.68305 -0.63257
vn -0.3651 0.68306 0.63256
vn -0.3651 0.68306 0.63256
vn -0.29991 0.5611 -0.7715
vn -0.29992 0.5611 -0.7715
vn -0.41618 0.77862 0.46963
vn -0.41618 0.77862 0.46963
vn -0.22305 0.4173 -0.88097
vn -0.22305 0.4173 -0.88097
vn -0.45128 0.84429 0.289
vn -0.45129 0.84428 0.28901
vn -0.13744 0.25714 -0.95655
vn -0.13744 0.25714 -0.95655
vn -0.46915 0.87771 0.09755
vn -0.46915 0.87771 0.09755
vn -0.22483 0.74116 0.63256
vn -0.22483 0.74116 0.63256
vn -0.18469 0.60883 -0.7715
vn -0.18469 0.60883 -0.7715
vn -0.25628 0.84485 0.46963
vn -0.25628 0.84485 0.46963
vn -0.13735 0.45279 -0.88097
vn -0.13735 0.45279 -0.88097
vn -0.2779 0.9161 0.28901
vn -0.27789 0.91611 0.289
vn -0.08464 0.27902 -0.95655
vn -0.08464 0.27902 -0.95655
vn -0.2889 0.95238 0.09755
vn -0.2889 0.95238 0.09756
vn -0.02859 0.09425 0.99514
vn -0.02859 0.09425 -0.99514
vn -0.2889 0.95238 -0.09755
vn -0.2889 0.95238 -0.09756
vn -0.08464 0.27901 0.95655
vn -0.08464 0.27901 0.95655
vn -0.27789 0.91611 -0.28901
vn -0.2779 0.91611 -0.289
vn -0.13735 0.4528 0.88097
vn -0.13736 0.4528 0.88097
vn -0.25628 0.84485 -0.46963
vn -0.25628 0.84485 -0.46963
vn -0.18469 0.60882 0.77151
vn -0.18469 0.60882 0.77151
vn -0.22482 0.74116 -0.63257
vn -0.22483 0.74116 -0.63256
vn -0.09755 0.99044 -0.09755
vn -0.09755 0.99044 -0.09755
vn -0.02858 0.29016 0.95655
vn -0.02858 0.29016 0.95655
vn -0.09384 0.95272 -0.289
vn -0.09384 0.95272 -0.289
vn -0.04638 0.47089 0.88097
vn -0.04637 0.4709 0.88097
vn -0.08654 0.87861 -0.46963
vn -0.08654 0.87861 -0.46963
vn -0.06235 0.63316 0.77151
vn -0.06236 0.63315 0.77151
vn -0.07592 0.77078 -0.63257
vn -0.07591 0.77078 -0.63257
vn -0.07591 0.77078 0.63256
vn -0.07592 0.77078 0.63256
vn -0.06236 0.63317 -0.7715
vn -0.06236 0.63316 -0.7715
vn -0.08654 0.87861 0.46963
vn -0.08653 0.87861 0.46963
vn -0.04637 0.47089 -0.88097
vn -0.04638 0.47089 -0.88097
vn -0.09383 0.95272 0.289
vn -0.09384 0.95272 0.289
vn -0.02858 0.29017 -0.95655
vn -0.02858 0.29017 -0.95655
vn -0.09755 0.99044 0.09755
vn -0.09755 0.99044 0.09755
vn -0.00965 0.09801 0.99514
vn -0.00965 0.09801 -0.99514
vn 0.00966 0.09801 0.99514
vn 0.00966 0.09801 -0.99514
vn 0.09755 0.99044 -0.09754
vn 0.09755 0.99044 -0.09755
vn 0.02858 0.29016 0.95655
vn 0.02858 0.29016 0.95655
vn 0.09384 0.95272 -0.289
vn 0.09383 0.95272 -0.289
vn 0.04637 0.47089 0.88097
vn 0.04638 0.4709 0.88097
vn 0.08653 0.87861 -0.46963
vn 0.06236 0.63315 0.77151
vn 0.06236 0.63315 0.77151
vn 0.06236 0.63316 -0.7715
vn 0.08654 0.87862 0.46962
vn 0.08653 0.87861 0.46963
vn 0.04638 0.47089 -0.88097
vn 0.04637 0.47089 -0.88097
vn 0.09383 0.95272 0.28901
vn 0.09384 0.95272 0.289
vn 0.02858 0.29017 -0.95655
vn 0.02858 0.29017 -0.95655
vn 0.09755 0.99044 0.09754
vn 0.09755 0.99044 0.09755
vn 0.08464 0.27902 -0.95655
vn 0.08463 0.27902 -0.95655
vn 0.2889 0.95238 0.09755
vn 0.2889 0.95238 0.09755
vn 0.02859 0.09425 0.99514
vn 0.02859 0.09425 -0.99514
vn 0.2889 0.95238 -0.09755
vn 0.2889 0.95238 -0.09755
vn 0.08463 0.27901 0.95655
vn 0.2779 0.91611 -0.289
vn 0.2779 0.9161 -0.289
vn 0.13736 0.4528 0.88097
vn 0.13735 0.4528 0.88097
vn 0.25628 0.84485 -0.46963
vn 0.25628 0.84485 -0.46963
vn 0.18468 0.60882 0.77151
vn 0.18468 0.60882 0.77151
vn 0.22483 0.74115 -0.63257
vn 0.22483 0.74116 0.63256
vn 0.22483 0.74116 0.63256
vn 0.18469 0.60883 -0.7715
vn 0.18469 0.60883 -0.7715
vn 0.25628 0.84485 0.46963
vn 0.13735 0.45279 -0.88097
vn 0.2779 0.91611 0.289
vn 0.2779 0.91611 0.289
vn 0.29991 0.56109 0.77151
vn 0.29991 0.56109 0.77151
vn 0.3651 0.68305 -0.63257
vn 0.36509 0.68306 -0.63257
vn 0.3651 0.68306 0.63256
vn 0.3651 0.68306 0.63256
vn 0.29991 0.56111 -0.7715
vn 0.41618 0.77862 0.46963
vn 0.41618 0.77862 0.46963
vn 0.45128 0.84429 0.289
vn 0.46915 0.87772 0.09755
vn 0.46915 0.87771 0.09755
vn 0.46915 0.87771 -0.09755
vn 0.45128 0.84429 -0.289
vn 0.45128 0.84429 -0.289
vn 0.41618 0.77862 -0.46963
vn 0.41618 0.77861 -0.46963
vn 0.18497 0.22538 0.95655
vn 0.60732 0.74002 -0.28901
vn 0.30018 0.36577 0.88097
vn 0.30018 0.36577 0.88097
vn 0.56008 0.68246 -0.46963
vn 0.56008 0.68247 -0.46963
vn 0.40362 0.4918 0.77151
vn 0.49134 0.5987 -0.63257
vn 0.49134 0.5987 -0.63257
vn 0.49135 0.5987 0.63256
vn 0.49134 0.59871 0.63256
vn 0.40362 0.49181 -0.7715
vn 0.40362 0.49181 -0.7715
vn 0.56008 0.68246 0.46963
vn 0.56009 0.68246 0.46963
vn 0.30018 0.36576 -0.88097
vn 0.60733 0.74002 0.289
vn 0.60732 0.74002 0.28901
vn 0.18497 0.22539 -0.95655
vn 0.18498 0.22538 -0.95655
vn 0.5987 0.49134 -0.63257
vn 0.5987 0.49135 -0.63257
vn 0.5987 0.49135 0.63256
vn 0.49181 0.40363 -0.7715
vn 0.68246 0.56008 0.46963
vn 0.68246 0.56009 0.46963
vn 0.36576 0.30018 -0.88097
vn 0.36576 0.30018 -0.88097
vn 0.74002 0.60733 0.28901
vn 0.74003 0.60732 0.289
vn 0.22539 0.18497 -0.95655
vn 0.76932 0.63137 0.09755
vn 0.76933 0.63136 0.09755
vn 0.76932 0.63137 -0.09755
vn 0.22538 0.18497 0.95655
vn 0.22538 0.18497 0.95655
vn 0.74002 0.60732 -0.28901
vn 0.74002 0.60733 -0.289
vn 0.36576 0.30018 0.88097
vn 0.68246 0.56009 -0.46963
vn 0.4918 0.40362 0.77151
vn 0.4918 0.40362 0.77151
vn 0.87771 0.46915 -0.09754
vn 0.87772 0.46914 -0.09755
vn 0.84429 0.45128 -0.289
vn 0.5611 0.29991 0.77151
vn 0.68305 0.36509 -0.63257
vn 0.68306 0.3651 0.63256
vn 0.68306 0.3651 0.63256
vn 0.5611 0.29991 -0.7715
vn 0.5611 0.29992 -0.7715
vn 0.84429 0.45127 0.289
vn 0.84429 0.45128 0.28901
vn 0.87772 0.46915 0.09754
vn 0.87771 0.46915 0.09755
vn 0.74116 0.22483 0.63256
vn 0.74116 0.22483 0.63256
vn 0.60883 0.18469 -0.7715
vn 0.84485 0.25628 0.46962
vn 0.84485 0.25628 0.46963
vn 0.95238 0.2889 0.09755
vn 0.95238 0.2889 0.09755
vn 0.95238 0.2889 -0.09755
vn 0.84485 0.25628 -0.46963
vn 0.60883 0.18468 0.77151
vn 0.60882 0.18469 0.77151
vn 0.74116 0.22482 -0.63257
vn 0.74116 0.22483 -0.63256
vn 0.87861 0.08654 -0.46963
vn 0.87861 0.08653 -0.46964
vn 0.77078 0.07591 -0.63257
vn 0.77078 0.07592 0.63256
vn 0.77079 0.07591 0.63256
vn 0.87862 0.08653 0.46963
vn 0.87861 -0.08653 0.46964
vn 0.87861 -0.08654 0.46963
vn 0.95272 -0.09384 0.289
vn 0.99044 -0.09755 0.09755
vn 0.99044 -0.09755 0.09755
vn 0.99044 -0.09755 -0.09755
vn 0.95272 -0.09384 -0.289
vn 0.95272 -0.09384 -0.289
vn 0.87862 -0.08653 -0.46962
vn 0.77078 -0.07591 -0.63256
vn 0.77078 -0.07591 -0.63257
vn 0.77078 -0.07591 0.63256
vn 0.91611 -0.2779 -0.289
vn 0.84485 -0.25628 -0.46962
vn 0.84485 -0.25628 -0.46962
vn 0.74116 -0.22483 -0.63257
vn 0.74116 -0.22483 0.63256
vn 0.74116 -0.22483 0.63256
vn 0.84485 -0.25628 0.46962
vn 0.91611 -0.2779 0.289
vn 0.91611 -0.2779 0.28901
vn 0.95238 -0.2889 0.09755
vn 0.95238 -0.28889 0.09756
vn 0.95238 -0.28889 -0.09755
vn 0.95238 -0.2889 -0.09756
vn 0.84429 -0.45127 0.289
vn 0.25713 -0.13746 -0.95655
vn 0.87772 -0.46914 0.09756
vn 0.87771 -0.46916 0.09754
vn 0.08686 -0.04643 0.99514
vn 0.08686 -0.04643 -0.99514
vn 0.87771 -0.46915 -0.09756
vn 0.87772 -0.46914 -0.09754
vn 0.25713 -0.13746 0.95655
vn 0.25713 -0.13745 0.95655
vn 0.84429 -0.45127 -0.28901
vn 0.84429 -0.45127 -0.289
vn 0.77861 -0.41619 -0.46964
vn 0.68305 -0.36511 -0.63257
vn 0.68306 -0.3651 -0.63256
vn 0.68246 -0.56008 -0.46964
vn 0.68247 -0.56007 -0.46963
vn 0.59871 -0.49134 -0.63256
vn 0.68246 -0.56008 0.46963
vn 0.74002 -0.60732 0.28901
vn 0.74002 -0.60732 0.289
vn 0.22539 -0.18497 -0.95655
vn 0.22539 -0.18497 -0.95655
vn 0.76932 -0.63137 0.09754
vn 0.07613 -0.06248 0.99514
vn 0.07613 -0.06248 -0.99514
vn 0.76933 -0.63136 -0.09754
vn 0.76932 -0.63137 -0.09755
vn 0.22539 -0.18496 0.95655
vn 0.74002 -0.60732 -0.28901
vn 0.74003 -0.60732 -0.289
vn 0.60732 -0.74003 0.289
vn 0.60732 -0.74003 -0.289
vn 0.60732 -0.74003 -0.289
vn 0.56008 -0.68246 -0.46963
vn 0.56008 -0.68246 -0.46963
vn 0.49134 -0.5987 -0.63257
vn 0.49134 -0.5987 -0.63257
vn 0.49134 -0.5987 0.63256
vn 0.56008 -0.68246 0.46963
vn 0.56008 -0.68246 0.46963
vn 0.41618 -0.77862 -0.46963
vn 0.41617 -0.77862 -0.46963
vn 0.36509 -0.68305 -0.63257
vn 0.3651 -0.68306 0.63256
vn 0.3651 -0.68306 0.63256
vn 0.41617 -0.77862 0.46963
vn 0.25628 -0.84485 -0.46963
vn 0.22482 -0.74116 -0.63257
vn 0.22483 -0.74116 -0.63256
vn 0.07592 -0.77078 -0.63257
vn 0.04638 -0.47089 -0.88097
vn 0.02858 -0.29017 -0.95655
vn 0.02858 -0.29017 -0.95655
vn 0.02858 -0.29016 0.95655
vn 0.04638 -0.47089 0.88097
vn 0.04637 -0.4709 0.88097
vn 0.08653 -0.87861 -0.46963
vn 0.08654 -0.87861 -0.46963
vn -0.00965 -0.09801 0.99514
vn -0.00965 -0.09801 -0.99514
vn -0.02857 -0.29016 0.95655
vn -0.02858 -0.29016 0.95655
vn -0.04638 -0.4709 0.88097
vn -0.04637 -0.47089 -0.88097
vn -0.04638 -0.47089 -0.88097
vn -0.02858 -0.29017 -0.95655
vn -0.02857 -0.29017 -0.95655
vn -0.08464 -0.27902 -0.95655
vn -0.08465 -0.27901 -0.95655
vn -0.02859 -0.09425 0.99514
vn -0.02859 -0.09425 -0.99514
vn -0.08465 -0.27901 0.95655
vn -0.04643 -0.08686 -0.99514
vn -0.46915 -0.87772 -0.09755
vn -0.13744 -0.25714 0.95655
vn -0.13744 -0.25714 0.95655
vn -0.45128 -0.84429 -0.28901
vn -0.45128 -0.84429 -0.28901
vn -0.41618 -0.77862 -0.46963
vn -0.41618 -0.77862 -0.46963
vn -0.3651 -0.68305 -0.63257
vn -0.36509 -0.68306 -0.63256
vn -0.3651 -0.68306 0.63256
vn -0.41618 -0.77862 0.46963
vn -0.41618 -0.77862 0.46963
vn -0.45128 -0.84429 0.28901
vn -0.45128 -0.84429 0.28901
vn -0.13744 -0.25714 -0.95655
vn -0.46915 -0.87772 0.09755
vn -0.46915 -0.87771 0.09755
vn -0.04643 -0.08686 0.99514
vn -0.56008 -0.68246 0.46963
vn -0.56009 -0.68246 0.46963
vn -0.60732 -0.74002 0.28901
vn -0.60733 -0.74002 0.28901
vn -0.18497 -0.22539 -0.95655
vn -0.18497 -0.22539 -0.95655
vn -0.63137 -0.76932 0.09755
vn -0.06248 -0.07613 0.99514
vn -0.06248 -0.07613 -0.99514
vn -0.63137 -0.76932 -0.09755
vn -0.63137 -0.76932 -0.09755
vn -0.18496 -0.22538 0.95655
vn -0.60733 -0.74002 -0.28901
vn -0.60732 -0.74002 -0.28901
vn -0.56009 -0.68246 -0.46963
vn -0.56008 -0.68246 -0.46963
vn -0.49134 -0.5987 -0.63256
vn -0.49135 -0.5987 0.63256
vn -0.49135 -0.59871 0.63256
vn -0.87772 -0.46914 0.09754
vn -0.87772 -0.46914 -0.09756
vn -0.87771 -0.46916 -0.09754
vn -0.5611 -0.29991 0.77151
vn -0.68305 -0.3651 -0.63257
vn -0.68306 -0.3651 0.63256
vn -0.68306 -0.3651 0.63256
vn -0.5611 -0.29991 -0.7715
vn -0.5611 -0.29992 -0.7715
vn -0.45279 -0.13736 0.88097
vn -0.84484 -0.25628 -0.46964
vn -0.60882 -0.1847 0.77151
vn -0.60883 -0.18469 0.7715
vn -0.74116 -0.22483 -0.63257
vn -0.74116 -0.22483 -0.63257
vn -0.74116 -0.22483 0.63256
vn -0.74116 -0.22483 0.63256
vn -0.60883 -0.18469 -0.7715
vn -0.84485 -0.25628 0.46963
vn -0.84484 -0.25628 0.46964
vn -0.95238 -0.2889 0.09754
vn -0.95237 -0.28891 0.09755
vn -0.09425 -0.02859 0.99514
vn -0.95237 -0.28891 -0.09754
vn -0.279 -0.08465 0.95655
vn -0.27901 -0.08464 0.95655
vn -0.09801 -0.00965 0.99514
vn -0.29016 -0.02857 0.95655
vn -0.47089 -0.04638 0.88097
vn -0.4709 -0.04637 0.88097
vn -0.87861 -0.08653 -0.46964
vn -0.87861 -0.08654 -0.46962
vn -0.63316 -0.06236 0.7715
vn -0.77078 -0.07592 -0.63257
vn -0.77078 -0.07592 0.63256
vn -0.77078 -0.07592 0.63256
vn -0.87861 -0.08654 0.46964
vn -0.47089 0.04637 0.88097
vn -0.63316 0.06235 0.77151
vn -0.63316 0.06236 0.7715
vn -0.95272 0.09384 0.289
vn -0.99044 0.09755 0.09755
vn -0.99044 0.09755 0.09755
vn -0.09801 0.00965 0.99514
vn -0.99044 0.09755 -0.09755
vn -0.29016 0.02857 0.95655
vn -0.29016 0.02858 0.95655
vn -0.95272 0.09384 -0.28901
vn -0.95272 0.09383 -0.289
vn -0.91611 0.2779 0.289
vn -0.91611 0.27789 0.28901
vn -0.95238 0.2889 0.09755
vn -0.09425 0.02859 0.99514
vn -0.95237 0.28891 -0.09755
vn -0.95238 0.2889 -0.09754
vn -0.27901 0.08465 0.95655
vn -0.91611 0.2779 -0.289
vn -0.45279 0.13736 0.88097
vn -0.45279 0.13736 0.88097
vn -0.60883 0.1847 0.7715
vn -0.60882 0.18469 0.77151
vn -0.74115 0.22483 -0.63257
vn -0.74116 0.22483 0.63256
vn -0.74116 0.22483 0.63256
vn -0.60884 0.18469 -0.7715
vn -0.60883 0.1847 -0.7715
vn -0.5611 0.29991 0.77151
vn -0.5611 0.29991 0.77151
vn -0.68305 0.3651 -0.63257
vn -0.68306 0.36509 -0.63257
vn -0.68306 0.3651 0.63256
vn -0.56111 0.29991 -0.7715
vn -0.84428 0.45129 0.289
vn -0.87771 0.46916 0.09754
vn -0.87772 0.46914 0.09756
vn -0.87771 0.46916 -0.09756
vn -0.84428 0.45129 -0.28901
vn -0.84429 0.45129 -0.289
vn -0.22538 0.18498 -0.95655
vn -0.22539 0.18497 -0.95655
vn -0.76932 0.63137 0.09756
vn -0.76932 0.63137 -0.09756
vn -0.76932 0.63137 -0.09755
vn -0.22538 0.18497 0.95655
vn -0.74003 0.60732 -0.289
vn -0.36576 0.30019 0.88097
vn -0.36577 0.30017 0.88097
vn -0.36575 0.30018 -0.88097
vn -0.74002 0.60733 0.289
vn -0.74002 0.60732 0.28901
vn -0.49134 0.5987 -0.63257
vn -0.49135 0.5987 -0.63256
vn -0.49134 0.59871 0.63255
vn -0.56008 0.68247 0.46963
vn -0.56008 0.68246 0.46963
vn -0.30017 0.36576 -0.88097
vn -0.30018 0.36576 -0.88097
vn -0.60732 0.74003 0.28901
vn -0.60732 0.74002 0.28901
vn -0.18498 0.22539 -0.95655
vn -0.18496 0.22539 -0.95655
vn -0.06248 0.07614 0.99514
vn -0.06248 0.07614 -0.99514
vn -0.18496 0.22539 0.95655
vn -0.18497 0.22538 0.95655
vn -0.60732 0.74003 -0.28901
vn -0.30018 0.36576 0.88097
vn -0.56008 0.68247 -0.46963
vn -0.56008 0.68247 -0.46963
vn -0.04643 0.08686 0.99514
vn -0.04643 0.08686 -0.99514
vn -0.13745 0.25713 0.95655
vn -0.45129 0.84428 -0.28901
vn -0.45128 0.84428 -0.28901
vn -0.41618 0.77862 -0.46963
vn -0.41619 0.77861 -0.46962
vn -0.36511 0.68305 -0.63256
vn -0.3651 0.68307 0.63255
vn -0.36511 0.68305 0.63256
vn -0.41619 0.77861 0.46963
vn -0.41618 0.77862 0.46962
vn -0.45128 0.84429 0.28901
vn -0.13744 0.25714 -0.95655
vn -0.13745 0.25714 -0.95655
vn -0.18468 0.60883 -0.7715
vn -0.25628 0.84485 0.46963
vn -0.13735 0.45279 -0.88097
vn -0.13735 0.45279 -0.88097
vn -0.27789 0.91611 0.28901
vn -0.27789 0.91611 0.28901
vn -0.28889 0.95238 0.09755
vn -0.28889 0.95238 -0.09755
vn -0.2889 0.95238 -0.09755
vn -0.27789 0.91611 -0.28901
vn -0.13735 0.4528 0.88097
vn -0.25628 0.84485 -0.46963
vn -0.25628 0.84485 -0.46962
vn -0.18468 0.60883 0.77151
vn -0.18469 0.60882 0.77151
vn -0.09755 0.99044 -0.09755
vn -0.09755 0.99044 -0.09754
vn -0.02858 0.29016 0.95655
vn -0.09384 0.95272 -0.28901
vn -0.09384 0.95272 -0.289
vn -0.04637 0.4709 0.88097
vn -0.04638 0.47089 0.88097
vn -0.08654 0.87861 -0.46963
vn -0.08654 0.87861 -0.46963
vn -0.06236 0.63315 0.77151
vn -0.06236 0.63316 -0.7715
vn -0.06236 0.63316 -0.7715
vn -0.08654 0.87861 0.46962
vn -0.08653 0.87862 0.46962
vn -0.04638 0.47089 -0.88097
vn -0.04637 0.47089 -0.88097
vn -0.09383 0.95272 0.28901
vn -0.09384 0.95272 0.28901
vn -0.02858 0.29017 -0.95655
vn -0.02858 0.29017 -0.95655
vn -0.09755 0.99044 0.09755
vn -0.09755 0.99044 0.09754
vn -0.16281 0.53672 -0.82791
vn -0.16281 0.53671 -0.82791
vn 0.53671 0.16281 -0.82791
vn 0.53672 0.16281 -0.8279
vn -0.34056 -0.05111 -0.93883
vn -0.34056 -0.0511 -0.93883
vn -0.36541 -0.26376 -0.89269
vn -0.36542 -0.26376 -0.89269
vn -0.49463 0.26439 -0.82791
vn -0.49464 0.26439 -0.82791
vn -0.26439 -0.49464 -0.82791
vn -0.26438 -0.49464 -0.82791
vn -0.26439 -0.49463 -0.82791
vn -0.53671 0.16281 -0.82791
vn -0.53671 0.16281 -0.82791
vn 0.20274 0.54704 -0.81218
vn -0.15036 0.7107 -0.68724
vn -0.15036 0.71071 -0.68723
vn 0.16281 -0.53671 -0.82791
vn 0.16281 -0.53671 -0.82791
vn 0.05497 -0.55816 -0.82791
vn 0.05497 -0.55816 -0.82791
vn 0.086 0.71621 -0.69257
vn 0.086 0.71622 -0.69256
vn -0.39136 0.38017 -0.83804
vn -0.39137 0.38016 -0.83804
vn -0.39137 0.38017 -0.83803
vn -0.2274 0.70004 -0.67693
vn -0.2274 0.70004 -0.67692
vn -0.2274 0.70004 -0.67693
vn -0.3487 -0.15499 -0.92433
vn -0.3487 -0.15499 -0.92433
vn 0.26693 0.39813 -0.87763
vn 0.3558 -0.43355 -0.82791
vn 0.3558 -0.43355 -0.82791
vn -0.16281 -0.53671 -0.82791
vn -0.16281 -0.53671 -0.82791
vn 0.26694 0.39813 -0.87763
vn -0.26694 0.39813 -0.87763
vn -0.26694 -0.39813 -0.87763
vn -0.26439 0.49463 -0.82791
vn -0.26439 0.49464 -0.82791
vn -0.36542 0.26376 -0.89269
vn -0.36541 0.26375 -0.8927
vn 0.086 0.71622 -0.69256
vn 0.08599 0.71621 -0.69257
vn 0.49463 0.26439 -0.82791
vn 0.49463 0.26439 -0.82791
vn -0.55816 -0.05497 -0.82791
vn -0.55816 -0.05497 -0.82791
vn -0.55816 0.05497 -0.82791
vn -0.55816 0.05497 -0.82791
vn -0.20274 0.54705 -0.81218
vn -0.43355 0.35581 -0.82791
vn -0.43355 0.35581 -0.82791
vn -0.3487 -0.15499 -0.92433
vn -0.3487 -0.15499 -0.92433
vn -0.53671 -0.16281 -0.82791
vn -0.53671 -0.16281 -0.82791
vn 0.55817 0.05497 -0.8279
vn 0.55817 0.05498 -0.8279
vn -0.43355 -0.35581 -0.82791
vn -0.43355 -0.35581 -0.82791
vn 0.20274 0.54704 -0.81219
vn 0.15036 0.7107 -0.68724
vn 0.15036 0.71071 -0.68723
vn -0.34056 0.05111 -0.93883
vn -0.34056 0.05111 -0.93883
vn -0.34056 0.05111 -0.93883
vn -0.34057 0.05111 -0.93883
vn -0.29383 0.53398 -0.7928
vn -0.29383 0.53398 -0.7928
vn -0.35581 0.43355 -0.82791
vn -0.3558 0.43355 -0.82791
vn -0.39137 0.38016 -0.83804
vn -0.39137 0.38017 -0.83803
vn -0.39137 0.38017 -0.83804
vn 0.02801 0.71859 -0.69487
vn 0.02802 0.7186 -0.69486
vn 0.43355 -0.35581 -0.82791
vn 0.43355 -0.35581 -0.82791
vn -0.35581 -0.43355 -0.82791
vn -0.35581 -0.43355 -0.82791
vn 0.43355 0.35581 -0.82791
vn 0.43355 0.35581 -0.82791
vn -0.02801 0.7186 -0.69486
vn -0.02802 0.71859 -0.69487
vn -0.26694 -0.39813 -0.87763
vn -0.086 0.71622 -0.69256
vn -0.086 0.71621 -0.69257
vn 0.05497 0.55816 -0.82791
vn 0.05497 0.55816 -0.82791
vn -0.05497 0.55816 -0.82791
vn -0.05497 0.55816 -0.82791
vn 0.16281 0.53671 -0.82791
vn 0.16281 0.53671 -0.82791
vn 0.53672 -0.16281 -0.8279
vn 0.53671 -0.16281 -0.82791
vn -0.34056 -0.05111 -0.93883
vn -0.34056 -0.05111 -0.93883
vn -0.29384 0.53399 -0.79279
vn -0.29383 0.53398 -0.7928
vn -0.29383 0.53398 -0.7928
vn -0.15036 0.7107 -0.68724
vn -0.20274 0.54704 -0.81219
vn 0.15037 0.71071 -0.68723
vn 0.15036 0.7107 -0.68724
vn 0.26439 0.49463 -0.82791
vn 0.26439 0.49464 -0.82791
vn -0.05497 -0.55816 -0.82791
vn -0.05497 -0.55816 -0.82791
vn 0.35581 0.43355 -0.82791
vn 0.35581 0.43355 -0.82791
vn 0.26439 -0.49463 -0.82791
vn 0.26439 -0.49464 -0.82791
vn -0.26694 0.39813 -0.87763
vn 0.02802 0.7186 -0.69486
vn 0.02801 0.71859 -0.69487
vn 0.55817 -0.05497 -0.8279
vn 0.55817 -0.05498 -0.8279
vn -0.02801 0.71859 -0.69487
vn -0.02801 0.7186 -0.69486
vn -0.3487 0.15499 -0.92433
vn -0.3487 0.15499 -0.92433
vn -0.086 0.71621 -0.69257
vn -0.08599 0.71622 -0.69256
vn -0.20274 -0.54704 -0.81218
vn -0.49463 -0.26439 -0.82791
vn -0.49463 -0.26439 -0.82791
vn -0.36541 -0.26376 -0.8927
vn -0.36541 -0.26376 -0.8927
vn 0.49463 -0.26439 -0.82791
vn 0.49463 -0.26439 -0.82791
vn -0.20274 -0.54704 -0.81219
vn -0.36541 0.26376 -0.8927
vn -0.3487 0.15499 -0.92433
vn -0.3487 0.15499 -0.92433
vn -0.2274 0.70004 -0.67693
vn -0.2274 0.70004 -0.67693
vn -0.2274 0.70004 -0.67693
usemtl mat0
f 1//1 2//1 3//1
f 1//2 3//2 4//2
f 5//3 6//3 7//3
f 5//4 7//4 8//4
f 9//5 1//5 4//5
f 9//6 4//6 10//6
f 11//7 5//7 8//7
f 11//8 8//8 12//8
f 13//9 9//9 10//9
f 13//10 10//10 14//10
f 15//11 11//11 12//11
f 15//12 12//12 16//12
f 17//13 13//13 14//13
f 17//14 14//14 18//14
f 19//15 17//15 18//15
f 19//16 18//16 20//16
f 21//17 19//17 20//17
f 21//18 20//18 22//18
f 23//19 24//19 25//19
f 26//20 21//20 22//20
f 26//21 22//21 27//21
f 2//22 23//22 25//22
f 2//23 25//23 3//23
f 6//24 26//24 27//24
f 6//25 27//25 7//25
f 3//26 25//26 28//26
f 3//27 28//27 29//27
f 7//28 27//28 30//28
f 7//29 30//29 31//29
f 4//30 3//30 29//30
f 4//31 29//31 32//31
f 8//32 7//32 31//32
f 8//33 31//33 33//33
f 10//34 4//34 32//34
f 10//35 32//35 34//35
f 12//36 8//36 33//36
f 12//37 33//37 35//37
f 14//38 10//38 34//38
f 14//39 34//39 36//39
f 16//40 12//40 35//40
f 16//41 35//41 37//41
f 18//42 14//42 36//42
f 18//43 36//43 38//43
f 20//44 18//44 38//44
f 20//45 38//45 39//45
f 22//46 20//46 39//46
f 22//47 39//47 40//47
f 25//48 24//48 28//48
f 27//49 22//49 40//49
f 27//50 40//50 30//50
f 38//51 36//51 41//51
f 38//52 41//52 42//52
f 39//53 38//53 42//53
f 39//54 42//54 43//54
f 40//55 39//55 43//55
f 40//56 43//56 44//56
f 28//57 24//57 45//57
f 30//58 40//58 44//58
f 30//59 44//59 46//59
f 29//60 28//60 45//60
f 29//61 45//61 47//61
f 31//62 30//62 46//62
f 31//63 46//63 48//63
f 32//64 29//64 47//64
f 32//65 47//65 49//65
f 33//66 31//66 48//66
f 33//67 48//67 50//67
f 34//68 32//68 49//68
f 34//69 49//69 51//69
f 35//70 33//70 50//70
f 35//71 50//71 52//71
f 36//72 34//72 51//72
f 36//73 51//73 41//73
f 37//74 35//74 52//74
f 37//75 52//75 53//75
f 48//76 46//76 54//76
f 48//77 54//77 55//77
f 49//78 47//78 56//78
f 49//79 56//79 57//79
f 50//80 48//80 55//80
f 50//81 55//81 58//81
f 51//82 49//82 57//82
f 51//83 57//83 59//83
f 52//84 50//84 58//84
f 52//85 58//85 60//85
f 41//86 51//86 59//86
f 41//87 59//87 61//87
f 53//88 52//88 60//88
f 53//89 60//89 62//89
f 42//90 41//90 61//90
f 42//91 61//91 63//91
f 43//92 42//92 63//92
f 43//93 63//93 64//93
f 44//94 43//94 64//94
f 44//95 64//95 65//95
f 45//96 24//96 66//96
f 46//97 44//97 65//97
f 46//98 65//98 54//98
f 47//99 45//99 66//99
f 47//100 66//100 56//100
f 64//101 63//101 67//101
f 64//102 67//102 68//102
f 65//103 64//103 68//103
f 65//104 68//104 69//104
f 66//105 24//105 70//105
f 54//106 65//106 69//106
f 54//107 69//107 71//107
f 56//108 66//108 70//108
f 56//109 70//109 72//109
f 55//110 54//110 71//110
f 55//111 71//111 73//111
f 57//112 56//112 72//112
f 57//113 72//113 74//113
f 58//114 55//114 73//114
f 58//115 73//115 75//115
f 59//116 57//116 74//116
f 59//117 74//117 76//117
f 60//118 58//118 75//118
f 60//119 75//119 77//119
f 61//120 59//120 76//120
f 61//121 76//121 78//121
f 62//122 60//122 77//122
f 62//123 77//123 79//123
f 63//124 61//124 78//124
f 63//125 78//125 67//125
f 74//126 72//126 80//126
f 74//127 80//127 81//127
f 75//128 73//128 82//128
f 75//129 82//129 83//129
f 76//130 74//130 81//130
f 76//131 81//131 84//131
f 77//132 75//132 83//132
f 77//133 83//133 85//133
f 78//134 76//134 84//134
f 78//135 84//135 86//135
f 79//136 77//136 85//136
f 79//137 85//137 87//137
f 67//138 78//138 86//138
f 67//139 86//139 88//139
f 68//140 67//140 88//140
f 68//141 88//141 89//141
f 69//142 68//142 89//142
f 69//143 89//143 90//143
f 70//144 24//144 91//144
f 71//145 69//145 90//145
f 71//146 90//146 92//146
f 72//147 70//147 91//147
f 72//148 91//148 80//148
f 73//149 71//149 92//149
f 73//150 92//150 82//150
f 89//151 88//151 93//151
f 89//152 93//152 94//152
f 90//153 89//153 94//153
f 90//154 94//154 95//154
f 91//155 24//155 96//155
f 92//156 90//156 95//156
f 92//157 95//157 97//157
f 80//158 91//158 96//158
f 80//159 96//159 98//159
f 82//160 92//160 97//160
f 82//161 97//161 99//161
f 81//162 80//162 98//162
f 81//163 98//163 100//163
f 83//164 82//164 99//164
f 83//165 99//165 101//165
f 84//166 81//166 100//166
f 84//167 100//167 102//167
f 85//168 83//168 101//168
f 85//169 101//169 103//169
f 86//170 84//170 102//170
f 86//171 102//171 104//171
f 87//172 85//172 103//172
f 87//173 103//173 105//173
f 88//174 86//174 104//174
f 88//175 104//175 93//175
f 101//176 99//176 106//176
f 101//177 106//177 107//177
f 102//178 100//178 108//178
f 102//179 108//179 109//179
f 103//180 101//180 107//180
f 103//181 107//181 110//181
f 104//182 102//182 109//182
f 104//183 109//183 111//183
f 105//184 103//184 110//184
f 105//185 110//185 112//185
f 93//186 104//186 111//186
f 93//187 111//187 113//187
f 94//188 93//188 113//188
f 94//189 113//189 114//189
f 95//190 94//190 114//190
f 95//191 114//191 115//191
f 96//192 24//192 116//192
f 97//193 95//193 115//193
f 97//194 115//194 117//194
f 98//195 96//195 116//195
f 98//196 116//196 118//196
f 99//197 97//197 117//197
f 99//198 117//198 106//198
f 100//199 98//199 118//199
f 100//200 118//200 108//200
f 115//201 114//201 119//201
f 115//202 119//202 120//202
f 116//203 24//203 121//203
f 117//204 115//204 120//204
f 117//205 120//205 122//205
f 118//206 116//206 121//206
f 118//207 121//207 123//207
f 106//208 117//208 122//208
f 106//209 122//209 124//209
f 108//210 118//210 123//210
f 108//211 123//211 125//211
f 107//212 106//212 124//212
f 107//213 124//213 126//213
f 109//214 108//214 125//214
f 109//215 125//215 127//215
f 110//216 107//216 126//216
f 110//217 126//217 128//217
f 111//218 109//218 127//218
f 111//219 127//219 129//219
f 112//220 110//220 128//220
f 112//221 128//221 130//221
f 113//222 111//222 129//222
f 113//223 129//223 131//223
f 114//224 113//224 131//224
f 114//225 131//225 119//225
f 128//226 126//226 132//226
f 128//227 132//227 133//227
f 129//228 127//228 134//228
f 129//229 134//229 135//229
f 130//230 128//230 133//230
f 130//231 133//231 136//231
f 131//232 129//232 135//232
f 131//233 135//233 137//233
f 119//234 131//234 137//234
f 119//235 137//235 138//235
f 120//236 119//236 138//236
f 120//237 138//237 139//237
f 121//238 24//238 140//238
f 122//239 120//239 139//239
f 122//240 139//240 141//240
f 123//241 121//241 140//241
f 123//242 140//242 142//242
f 124//243 122//243 141//243
f 124//244 141//244 143//244
f 125//245 123//245 142//245
f 125//246 142//246 144//246
f 126//247 124//247 143//247
f 126//248 143//248 132//248
f 127//249 125//249 144//249
f 127//250 144//250 134//250
f 140//251 24//251 145//251
f 141//252 139//252 146//252
f 141//253 146//253 147//253
f 142//254 140//254 145//254
f 142//255 145//255 148//255
f 143//256 141//256 147//256
f 143//257 147//257 149//257
f 144//258 142//258 148//258
f 144//259 148//259 150//259
f 132//260 143//260 149//260
f 132//261 149//261 151//261
f 134//262 144//262 150//262
f 134//263 150//263 152//263
f 133//264 132//264 151//264
f 133//265 151//265 153//265
f 135//266 134//266 152//266
f 135//267 152//267 154//267
f 136//268 133//268 153//268
f 136//269 153//269 155//269
f 137//270 135//270 154//270
f 137//271 154//271 156//271
f 138//272 137//272 156//272
f 138//273 156//273 157//273
f 139//274 138//274 157//274
f 139//275 157//275 146//275
f 154//276 152//276 158//276
f 154//277 158//277 159//277
f 155//278 153//278 160//278
f 155//279 160//279 161//279
f 156//280 154//280 159//280
f 156//281 159//281 162//281
f 157//282 156//282 162//282
f 157//283 162//283 163//283
f 146//284 157//284 163//284
f 146//285 163//285 164//285
f 145//286 24//286 165//286
f 147//287 146//287 164//287
f 147//288 164//288 166//288
f 148//289 145//289 165//289
f 148//290 165//290 167//290
f 149//291 147//291 166//291
f 149//292 166//292 168//292
f 150//293 148//293 167//293
f 150//294 167//294 169//294
f 151//295 149//295 168//295
f 151//296 168//296 170//296
f 152//297 150//297 169//297
f 152//298 169//298 158//298
f 153//299 151//299 170//299
f 153//300 170//300 160//300
f 166//301 164//301 171//301
f 166//302 171//302 172//302
f 167//303 165//303 173//303
f 167//304 173//304 174//304
f 168//305 166//305 172//305
f 168//306 172//306 175//306
f 169//307 167//307 174//307
f 169//308 174//308 176//308
f 170//309 168//309 175//309
f 170//310 175//310 177//310
f 158//311 169//311 176//311
f 158//312 176//312 178//312
f 160//313 170//313 177//313
f 160//314 177//314 179//314
f 159//315 158//315 178//315
f 159//316 178//316 180//316
f 161//317 160//317 179//317
f 161//318 179//318 181//318
f 162//319 159//319 180//319
f 162//320 180//320 182//320
f 163//321 162//321 182//321
f 163//322 182//322 183//322
f 164//323 163//323 183//323
f 164//324 183//324 171//324
f 165//325 24//325 173//325
f 181//326 179//326 184//326
f 181//327 184//327 185//327
f 182//328 180//328 186//328
f 182//329 186//329 187//329
f 183//330 182//330 187//330
f 183//331 187//331 188//331
f 171//332 183//332 188//332
f 171//333 188//333 189//333
f 173//334 24//334 190//334
f 172//335 171//335 189//335
f 172//336 189//336 191//336
f 174//337 173//337 190//337
f 174//338 190//338 192//338
f 175//339 172//339 191//339
f 175//340 191//340 193//340
f 176//341 174//341 192//341
f 176//342 192//342 194//342
f 177//343 175//343 193//343
f 177//344 193//344 195//344
f 178//345 176//345 194//345
f 178//346 194//346 196//346
f 179//347 177//347 195//347
f 179//348 195//348 184//348
f 180//349 178//349 196//349
f 180//350 196//350 186//350
f 192//351 190//351 197//351
f 192//352 197//352 198//352
f 193//353 191//353 199//353
f 193//354 199//354 200//354
f 194//355 192//355 198//355
f 194//356 198//356 201//356
f 195//357 193//357 200//357
f 195//358 200//358 202//358
f 196//359 194//359 201//359
f 196//360 201//360 203//360
f 184//361 195//361 202//361
f 184//362 202//362 204//362
f 186//363 196//363 203//363
f 186//364 203//364 205//364
f 185//365 184//365 204//365
f 185//366 204//366 206//366
f 187//367 186//367 205//367
f 187//368 205//368 207//368
f 188//369 187//369 207//369
f 188//370 207//370 208//370
f 189//371 188//371 208//371
f 189//372 208//372 209//372
f 190//373 24//373 197//373
f 191//374 189//374 209//374
f 191//375 209//375 199//375
f 207//376 205//376 210//376
f 207//377 210//377 211//377
f 208//378 207//378 211//378
f 208//379 211//379 212//379
f 209//380 208//380 212//380
f 209//381 212//381 213//381
f 197//382 24//382 214//382
f 199//383 209//383 213//383
f 199//384 213//384 215//384
f 198//385 197//385 214//385
f 198//386 214//386 216//386
f 200//387 199//387 215//387
f 200//388 215//388 217//388
f 201//389 198//389 216//389
f 201//390 216//390 218//390
f 202//391 200//391 217//391
f 202//392 217//392 219//392
f 203//393 201//393 218//393
f 203//394 218//394 220//394
f 204//395 202//395 219//395
f 204//396 219//396 221//396
f 205//397 203//397 220//397
f 205//398 220//398 210//398
f 206//399 204//399 221//399
f 206//400 221//400 222//400
f 217//401 215//401 223//401
f 217//402 223//402 224//402
f 218//403 216//403 225//403
f 218//404 225//404 226//404
f 219//405 217//405 224//405
f 219//406 224//406 227//406
f 220//407 218//407 226//407
f 220//408 226//408 228//408
f 221//409 219//409 227//409
f 221//410 227//410 229//410
f 210//411 220//411 228//411
f 210//412 228//412 230//412
f 222//413 221//413 229//413
f 222//414 229//414 231//414
f 211//415 210//415 230//415
f 211//416 230//416 232//416
f 212//417 211//417 232//417
f 212//418 232//418 233//418
f 213//419 212//419 233//419
f 213//420 233//420 234//420
f 214//421 24//421 235//421
f 215//422 213//422 234//422
f 215//423 234//423 223//423
f 216//424 214//424 235//424
f 216//425 235//425 225//425
f 233//426 232//426 236//426
f 233//427 236//427 237//427
f 234//428 233//428 237//428
f 234//429 237//429 238//429
f 235//430 24//430 239//430
f 223//431 234//431 238//431
f 223//432 238//432 240//432
f 225//433 235//433 239//433
f 225//434 239//434 241//434
f 224//435 223//435 240//435
f 224//436 240//436 242//436
f 226//437 225//437 241//437
f 226//438 241//438 243//438
f 227//439 224//439 242//439
f 227//440 242//440 244//440
f 228//441 226//441 243//441
f 228//442 243//442 245//442
f 229//443 227//443 244//443
f 229//444 244//444 246//444
f 230//445 228//445 245//445
f 230//446 245//446 247//446
f 231//447 229//447 246//447
f 231//448 246//448 248//448
f 232//449 230//449 247//449
f 232//450 247//450 236//450
f 244//451 242//451 249//451
f 244//452 249//452 250//452
f 245//453 243//453 251//453
f 245//454 251//454 252//454
f 246//455 244//455 250//455
f 246//456 250//456 253//456
f 247//457 245//457 252//457
f 247//458 252//458 254//458
f 248//459 246//459 253//459
f 248//460 253//460 255//460
f 236//461 247//461 254//461
f 236//462 254//462 256//462
f 237//463 236//463 256//463
f 237//464 256//464 257//464
f 238//465 237//465 257//465
f 238//466 257//466 258//466
f 239//467 24//467 259//467
f 240//468 238//468 258//468
f 240//469 258//469 260//469
f 241//470 239//470 259//470
f 241//471 259//471 261//471
f 242//472 240//472 260//472
f 242//473 260//473 249//473
f 243//474 241//474 261//474
f 243//475 261//475 251//475
f 258//476 257//476 262//476
f 258//477 262//477 263//477
f 259//478 24//478 264//478
f 260//479 258//479 263//479
f 260//480 263//480 265//480
f 261//481 259//481 264//481
f 261//482 264//482 266//482
f 249//483 260//483 265//483
f 249//484 265//484 267//484
f 251//485 261//485 266//485
f 251//486 266//486 268//486
f 250//487 249//487 267//487
f 250//488 267//488 269//488
f 252//489 251//489 268//489
f 252//490 268//490 270//490
f 253//491 250//491 269//491
f 253//492 269//492 271//492
f 254//493 252//493 270//493
f 254//494 270//494 272//494
f 255//495 253//495 271//495
f 255//496 271//496 273//496
f 256//497 254//497 272//497
f 256//498 272//498 274//498
f 257//499 256//499 274//499
f 257//500 274//500 262//500
f 270//501 268//501 275//501
f 270//502 275//502 276//502
f 271//503 269//503 277//503
f 271//504 277//504 278//504
f 272//505 270//505 276//505
f 272//506 276//506 279//506
f 273//507 271//507 278//507
f 273//508 278//508 280//508
f 274//509 272//509 279//509
f 274//510 279//510 281//510
f 262//511 274//511 281//511
f 262//512 281//512 282//512
f 263//513 262//513 282//513
f 263//514 282//514 283//514
f 264//515 24//515 284//515
f 265//516 263//516 283//516
f 265//517 283//517 285//517
f 266//518 264//518 284//518
f 266//519 284//519 286//519
f 267//520 265//520 285//520
f 267//521 285//521 287//521
f 268//522 266//522 286//522
f 268//523 286//523 275//523
f 269//524 267//524 287//524
f 269//525 287//525 277//525
f 283//526 282//526 288//526
f 283//527 288//527 289//527
f 284//528 24//528 290//528
f 285//529 283//529 289//529
f 285//530 289//530 291//530
f 286//531 284//531 290//531
f 286//532 290//532 292//532
f 287//533 285//533 291//533
f 287//534 291//534 293//534
f 275//535 286//535 292//535
f 275//536 292//536 294//536
f 277//537 287//537 293//537
f 277//538 293//538 295//538
f 276//539 275//539 294//539
f 276//540 294//540 296//540
f 278//541 277//541 295//541
f 278//542 295//542 297//542
f 279//543 276//543 296//543
f 279//544 296//544 298//544
f 280//545 278//545 297//545
f 280//546 297//546 299//546
f 281//547 279//547 298//547
f 281//548 298//548 300//548
f 282//549 281//549 300//549
f 282//550 300//550 288//550
f 297//551 295//551 301//551
f 297//552 301//552 302//552
f 298//553 296//553 303//553
f 298//554 303//554 304//554
f 299//555 297//555 302//555
f 299//556 302//556 305//556
f 300//557 298//557 304//557
f 300//558 304//558 306//558
f 288//559 300//559 306//559
f 288//560 306//560 307//560
f 289//561 288//561 307//561
f 289//562 307//562 308//562
f 290//563 24//563 309//563
f 291//564 289//564 308//564
f 291//565 308//565 310//565
f 292//566 290//566 309//566
f 292//567 309//567 311//567
f 293//568 291//568 310//568
f 293//569 310//569 312//569
f 294//570 292//570 311//570
f 294//571 311//571 313//571
f 295//572 293//572 312//572
f 295//573 312//573 301//573
f 296//574 294//574 313//574
f 296//575 313//575 303//575
f 309//576 24//576 314//576
f 310//577 308//577 315//577
f 310//578 315//578 316//578
f 311//579 309//579 314//579
f 311//580 314//580 317//580
f 312//581 310//581 316//581
f 312//582 316//582 318//582
f 313//583 311//583 317//583
f 313//584 317//584 319//584
f 301//585 312//585 318//585
f 301//586 318//586 320//586
f 303//587 313//587 319//587
f 303//588 319//588 321//588
f 302//589 301//589 320//589
f 302//590 320//590 322//590
f 304//591 303//591 321//591
f 304//592 321//592 323//592
f 305//593 302//593 322//593
f 305//594 322//594 324//594
f 306//595 304//595 323//595
f 306//596 323//596 325//596
f 307//597 306//597 325//597
f 307//598 325//598 326//598
f 308//599 307//599 326//599
f 308//600 326//600 315//600
f 323//601 321//601 327//601
f 323//602 327//602 328//602
f 324//603 322//603 329//603
f 324//604 329//604 330//604
f 325//605 323//605 328//605
f 325//606 328//606 331//606
f 326//607 325//607 331//607
f 326//608 331//608 332//608
f 315//609 326//609 332//609
f 315//610 332//610 333//610
f 314//611 24//611 334//611
f 316//612 315//612 333//612
f 316//613 333//613 335//613
f 317//614 314//614 334//614
f 317//615 334//615 336//615
f 318//616 316//616 335//616
f 318//617 335//617 337//617
f 319//618 317//618 336//618
f 319//619 336//619 338//619
f 320//620 318//620 337//620
f 320//621 337//621 339//621
f 321//622 319//622 338//622
f 321//623 338//623 327//623
f 322//624 320//624 339//624
f 322//625 339//625 329//625
f 335//626 333//626 340//626
f 335//627 340//627 341//627
f 336//628 334//628 342//628
f 336//629 342//629 343//629
f 337//630 335//630 341//630
f 337//631 341//631 344//631
f 338//632 336//632 343//632
f 338//633 343//633 345//633
f 339//634 337//634 344//634
f 339//635 344//635 346//635
f 327//636 338//636 345//636
f 327//637 345//637 347//637
f 329//638 339//638 346//638
f 329//639 346//639 348//639
f 328//640 327//640 347//640
f 328//641 347//641 349//641
f 330//642 329//642 348//642
f 330//643 348//643 350//643
f 331//644 328//644 349//644
f 331//645 349//645 351//645
f 332//646 331//646 351//646
f 332//647 351//647 352//647
f 333//648 332//648 352//648
f 333//649 352//649 340//649
f 334//650 24//650 342//650
f 350//651 348//651 353//651
f 350//652 353//652 354//652
f 351//653 349//653 355//653
f 351//654 355//654 356//654
f 352//655 351//655 356//655
f 352//656 356//656 357//656
f 340//657 352//657 357//657
f 340//658 357//658 358//658
f 342//659 24//659 359//659
f 341//660 340//660 358//660
f 341//661 358//661 360//661
f 343//662 342//662 359//662
f 343//663 359//663 361//663
f 344//664 341//664 360//664
f 344//665 360//665 362//665
f 345//666 343//666 361//666
f 345//667 361//667 363//667
f 346//668 344//668 362//668
f 346//669 362//669 364//669
f 347//670 345//670 363//670
f 347//671 363//671 365//671
f 348//672 346//672 364//672
f 348//673 364//673 353//673
f 349//674 347//674 365//674
f 349//675 365//675 355//675
f 362//676 360//676 366//676
f 362//677 366//677 367//677
f 363//678 361//678 368//678
f 363//679 368//679 369//679
f 364//680 362//680 367//680
f 364//681 367//681 370//681
f 365//682 363//682 369//682
f 365//683 369//683 371//683
f 353//684 364//684 370//684
f 353//685 370//685 372//685
f 355//686 365//686 371//686
f 355//687 371//687 373//687
f 354//688 353//688 372//688
f 354//689 372//689 374//689
f 356//690 355//690 373//690
f 356//691 373//691 375//691
f 357//692 356//692 375//692
f 357//693 375//693 376//693
f 358//694 357//694 376//694
f 358//695 376//695 377//695
f 359//696 24//696 378//696
f 360//697 358//697 377//697
f 360//698 377//698 366//698
f 361//699 359//699 378//699
f 361//700 378//700 368//700
f 376//701 375//701 379//701
f 376//702 379//702 380//702
f 377//703 376//703 380//703
f 377//704 380//704 381//704
f 378//705 24//705 382//705
f 366//706 377//706 381//706
f 366//707 381//707 383//707
f 368//708 378//708 382//708
f 368//709 382//709 384//709
f 367//710 366//710 383//710
f 367//711 383//711 385//711
f 369//712 368//712 384//712
f 369//713 384//713 386//713
f 370//714 367//714 385//714
f 370//715 385//715 387//715
f 371//716 369//716 386//716
f 371//717 386//717 388//717
f 372//718 370//718 387//718
f 372//719 387//719 389//719
f 373//720 371//720 388//720
f 373//721 388//721 390//721
f 374//722 372//722 389//722
f 374//723 389//723 391//723
f 375//724 373//724 390//724
f 375//725 390//725 379//725
f 386//726 384//726 392//726
f 386//727 392//727 393//727
f 387//728 385//728 394//728
f 387//729 394//729 395//729
f 388//730 386//730 393//730
f 388//731 393//731 396//731
f 389//732 387//732 395//732
f 389//733 395//733 397//733
f 390//734 388//734 396//734
f 390//735 396//735 398//735
f 391//736 389//736 397//736
f 391//737 397//737 399//737
f 379//738 390//738 398//738
f 379//739 398//739 400//739
f 380//740 379//740 400//740
f 380//741 400//741 401//741
f 381//742 380//742 401//742
f 381//743 401//743 402//743
f 382//744 24//744 403//744
f 383//745 381//745 402//745
f 383//746 402//746 404//746
f 384//747 382//747 403//747
f 384//748 403//748 392//748
f 385//749 383//749 404//749
f 385//750 404//750 394//750
f 401//751 400//751 405//751
f 401//752 405//752 406//752
f 402//753 401//753 406//753
f 402//754 406//754 407//754
f 403//755 24//755 408//755
f 404//756 402//756 407//756
f 404//757 407//757 409//757
f 392//758 403//758 408//758
f 392//759 408//759 410//759
f 394//760 404//760 409//760
f 394//761 409//761 411//761
f 393//762 392//762 410//762
f 393//763 410//763 412//763
f 395//764 394//764 411//764
f 395//765 411//765 413//765
f 396//766 393//766 412//766
f 396//767 412//767 414//767
f 397//768 395//768 413//768
f 397//769 413//769 415//769
f 398//770 396//770 414//770
f 398//771 414//771 416//771
f 399//772 397//772 415//772
f 399//773 415//773 417//773
f 400//774 398//774 416//774
f 400//775 416//775 405//775
f 413//776 411//776 6//776
f 413//777 6//777 5//777
f 414//778 412//778 1//778
f 414//779 1//779 9//779
f 415//780 413//780 5//780
f 415//781 5//781 11//781
f 416//782 414//782 9//782
f 416//783 9//783 13//783
f 417//784 415//784 11//784
f 417//785 11//785 15//785
f 405//786 416//786 13//786
f 405//787 13//787 17//787
f 406//788 405//788 17//788
f 406//789 17//789 19//789
f 407//790 406//790 19//790
f 407//791 19//791 21//791
f 408//792 24//792 23//792
f 409//793 407//793 21//793
f 409//794 21//794 26//794
f 410//795 408//795 23//795
f 410//796 23//796 2//796
f 411//797 409//797 26//797
f 411//798 26//798 6//798
f 412//799 410//799 2//799
f 412//800 2//800 1//800
f 418//801 419//801 420//801
f 418//801 420//801 421//801
f 421//802 420//802 422//802
f 421//802 422//802 423//802
f 423//803 422//803 424//803
f 423//803 424//803 425//803
f 425//804 424//804 426//804
f 425//804 426//804 427//804
f 427//805 426//805 428//805
f 427//805 428//805 429//805
f 429//806 428//806 430//806
f 429//806 430//806 431//806
f 431//807 430//807 432//807
f 431//807 432//807 433//807
f 433//808 432//808 434//808
f 433//808 434//808 435//808
f 435//809 434//809 436//809
f 435//809 436//809 437//809
f 437//810 436//810 438//810
f 437//810 438//810 439//810
f 439//811 438//811 440//811
f 439//811 440//811 441//811
f 441//812 440//812 442//812
f 441//812 442//812 443//812
f 443//813 442//813 444//813
f 443//813 444//813 445//813
f 445//814 444//814 446//814
f 445//814 446//814 447//814
f 447//815 446//815 448//815
f 447//815 448//815 449//815
f 449//816 448//816 450//816
f 449//816 450//816 451//816
f 451//817 450//817 452//817
f 451//817 452//817 453//817
f 453//818 452//818 454//818
f 453//818 454//818 455//818
f 455//819 454//819 456//819
f 455//819 456//819 457//819
f 457//820 456//820 458//820
f 457//820 458//820 459//820
f 459//821 458//821 460//821
f 459//821 460//821 461//821
f 461//822 460//822 462//822
f 461//822 462//822 463//822
f 463//823 462//823 464//823
f 463//823 464//823 465//823
f 465//824 464//824 466//824
f 465//824 466//824 467//824
f 467//825 466//825 468//825
f 467//825 468//825 469//825
f 469//826 468//826 470//826
f 469//826 470//826 471//826
f 471//827 470//827 472//827
f 471//827 472//827 473//827
f 473//828 472//828 474//828
f 473//828 474//828 475//828
f 475//829 474//829 476//829
f 475//829 476//829 477//829
f 477//830 476//830 478//830
f 477//830 478//830 479//830
f 422//831 420//831 419//831
f 419//831 480//831 478//831
f 478//831 476//831 474//831
f 474//831 472//831 470//831
f 470//831 468//831 466//831
f 466//831 464//831 462//831
f 462//831 460//831 458//831
f 458//831 456//831 454//831
f 454//831 452//831 450//831
f 450//831 448//831 446//831
f 446//831 444//831 442//831
f 442//831 440//831 438//831
f 438//831 436//831 434//831
f 434//831 432//831 430//831
f 430//831 428//831 426//831
f 426//831 424//831 422//831
f 422//831 419//831 478//831
f 478//831 474//831 470//831
f 470//831 466//831 462//831
f 462//831 458//831 454//831
f 454//831 450//831 446//831
f 446//831 442//831 438//831
f 438//831 434//831 430//831
f 430//831 426//831 422//831
f 422//831 478//831 470//831
f 470//831 462//831 454//831
f 454//831 446//831 438//831
f 438//831 430//831 422//831
f 422//831 470//831 454//831
f 454//831 438//831 422//831
f 479//832 478//832 480//832
f 479//832 480//832 481//832
f 481//833 480//833 419//833
f 481//833 419//833 418//833
f 481//834 418//834 421//834
f 421//834 423//834 425//834
f 425//834 427//834 429//834
f 429//834 431//834 433//834
f 433//834 435//834 437//834
f 437//834 439//834 441//834
f 441//834 443//834 445//834
f 445//834 447//834 449//834
f 449//834 451//834 453//834
f 453//834 455//834 457//834
f 457//834 459//834 461//834
f 461//834 463//834 465//834
f 465//834 467//834 469//834
f 469//834 471//834 473//834
f 473//834 475//834 477//834
f 477//834 479//834 481//834
f 481//834 421//834 425//834
f 425//834 429//834 433//834
f 433//834 437//834 441//834
f 441//834 445//834 449//834
f 449//834 453//834 457//834
f 457//834 461//834 465//834
f 465//834 469//834 473//834
f 473//834 477//834 481//834
f 481//834 425//834 433//834
f 433//834 441//834 449//834
f 449//834 457//834 465//834
f 465//834 473//834 481//834
f 481//834 433//834 449//834
f 449//834 465//834 481//834
f 482//835 483//835 484//835
f 482//836 484//836 485//836
f 486//837 487//837 488//837
f 486//838 488//838 489//838
f 490//839 482//839 485//839
f 490//840 485//840 491//840
f 492//841 486//841 489//841
f 492//842 489//842 493//842
f 494//843 495//843 496//843
f 497//844 490//844 491//844
f 498//845 492//845 493//845
f 498//846 493//846 499//846
f 500//847 494//847 496//847
f 500//848 496//848 501//848
f 502//849 498//849 499//849
f 502//850 499//850 503//850
f 504//851 500//851 501//851
f 504//852 501//852 505//852
f 506//853 502//853 503//853
f 506//854 503//854 507//854
f 508//855 504//855 505//855
f 508//856 505//856 509//856
f 510//857 506//857 507//857
f 510//858 507//858 511//858
f 512//859 508//859 509//859
f 512//860 509//860 513//860
f 483//861 510//861 511//861
f 483//862 511//862 484//862
f 487//863 512//863 513//863
f 487//864 513//864 488//864
f 513//865 509//865 514//865
f 513//866 514//866 515//866
f 484//867 511//867 516//867
f 484//868 516//868 517//868
f 488//869 513//869 515//869
f 488//870 515//870 518//870
f 485//871 484//871 517//871
f 485//872 517//872 519//872
f 489//873 488//873 518//873
f 489//874 518//874 520//874
f 491//875 485//875 519//875
f 491//876 519//876 521//876
f 493//877 489//877 520//877
f 493//878 520//878 522//878
f 496//879 495//879 523//879
f 497//880 491//880 521//880
f 499//881 493//881 522//881
f 499//882 522//882 524//882
f 501//883 496//883 523//883
f 501//884 523//884 525//884
f 503//885 499//885 524//885
f 503//886 524//886 526//886
f 505//887 501//887 525//887
f 505//888 525//888 527//888
f 507//889 503//889 526//889
f 507//890 526//890 528//890
f 509//891 505//891 527//891
f 509//892 527//892 514//892
f 511//893 507//893 528//893
f 511//894 528//894 516//894
f 524//895 522//895 529//895
f 524//896 529//896 530//896
f 525//897 523//897 531//897
f 525//898 531//898 532//898
f 526//899 524//899 530//899
f 526//900 530//900 533//900
f 527//901 525//901 532//901
f 527//902 532//902 534//902
f 528//903 526//903 533//903
f 528//904 533//904 535//904
f 514//905 527//905 534//905
f 514//906 534//906 536//906
f 516//907 528//907 535//907
f 516//908 535//908 537//908
f 515//909 514//909 536//909
f 515//910 536//910 538//910
f 517//911 516//911 537//911
f 517//912 537//912 539//912
f 518//913 515//913 538//913
f 518//914 538//914 540//914
f 519//915 517//915 539//915
f 519//916 539//916 541//916
f 520//917 518//917 540//917
f 520//918 540//918 542//918
f 521//919 519//919 541//919
f 521//920 541//920 543//920
f 522//921 520//921 542//921
f 522//922 542//922 529//922
f 523//923 495//923 531//923
f 497//924 521//924 543//924
f 539//925 537//925 544//925
f 539//926 544//926 545//926
f 540//927 538//927 546//927
f 540//928 546//928 547//928
f 541//929 539//929 545//929
f 541//930 545//930 548//930
f 542//931 540//931 547//931
f 542//932 547//932 549//932
f 543//933 541//933 548//933
f 543//934 548//934 550//934
f 529//935 542//935 549//935
f 529//936 549//936 551//936
f 531//937 495//937 552//937
f 497//938 543//938 550//938
f 530//939 529//939 551//939
f 530//940 551//940 553//940
f 532//941 531//941 552//941
f 532//942 552//942 554//942
f 533//943 530//943 553//943
f 533//944 553//944 555//944
f 534//945 532//945 554//945
f 534//946 554//946 556//946
f 535//947 533//947 555//947
f 535//948 555//948 557//948
f 536//949 534//949 556//949
f 536//950 556//950 558//950
f 537//951 535//951 557//951
f 537//952 557//952 544//952
f 538//953 536//953 558//953
f 538//954 558//954 546//954
f 555//955 553//955 559//955
f 555//956 559//956 560//956
f 556//957 554//957 561//957
f 556//958 561//958 562//958
f 557//959 555//959 560//959
f 557//960 560//960 563//960
f 558//961 556//961 562//961
f 558//962 562//962 564//962
f 544//963 557//963 563//963
f 544//964 563//964 565//964
f 546//965 558//965 564//965
f 546//966 564//966 566//966
f 545//967 544//967 565//967
f 545//968 565//968 567//968
f 547//969 546//969 566//969
f 547//970 566//970 568//970
f 548//971 545//971 567//971
f 548//972 567//972 569//972
f 549//973 547//973 568//973
f 549//974 568//974 570//974
f 550//975 548//975 569//975
f 550//976 569//976 571//976
f 551//977 549//977 570//977
f 551//978 570//978 572//978
f 552//979 495//979 573//979
f 497//980 550//980 571//980
f 553//981 551//981 572//981
f 553//982 572//982 559//982
f 554//983 552//983 573//983
f 554//984 573//984 561//984
f 569//985 567//985 574//985
f 569//986 574//986 575//986
f 570//987 568//987 576//987
f 570//988 576//988 577//988
f 571//989 569//989 575//989
f 571//990 575//990 578//990
f 572//991 570//991 577//991
f 572//992 577//992 579//992
f 573//993 495//993 580//993
f 497//994 571//994 578//994
f 559//995 572//995 579//995
f 559//996 579//996 581//996
f 561//997 573//997 580//997
f 561//998 580//998 582//998
f 560//999 559//999 581//999
f 560//1000 581//1000 583//1000
f 562//1001 561//1001 582//1001
f 562//1002 582//1002 584//1002
f 563//1003 560//1003 583//1003
f 563//1004 583//1004 585//1004
f 564//1005 562//1005 584//1005
f 564//1006 584//1006 586//1006
f 565//1007 563//1007 585//1007
f 565//1008 585//1008 587//1008
f 566//1009 564//1009 586//1009
f 566//1010 586//1010 588//1010
f 567//1011 565//1011 587//1011
f 567//1012 587//1012 574//1012
f 568//1013 566//1013 588//1013
f 568//1014 588//1014 576//1014
f 584//1015 582//1015 589//1015
f 584//1016 589//1016 590//1016
f 585//1017 583//1017 591//1017
f 585//1018 591//1018 592//1018
f 586//1019 584//1019 590//1019
f 586//1020 590//1020 593//1020
f 587//1021 585//1021 592//1021
f 587//1022 592//1022 594//1022
f 588//1023 586//1023 593//1023
f 588//1024 593//1024 595//1024
f 574//1025 587//1025 594//1025
f 574//1026 594//1026 596//1026
f 576//1027 588//1027 595//1027
f 576//1028 595//1028 597//1028
f 575//1029 574//1029 596//1029
f 575//1030 596//1030 598//1030
f 577//1031 576//1031 597//1031
f 577//1032 597//1032 599//1032
f 578//1033 575//1033 598//1033
f 578//1034 598//1034 600//1034
f 579//1035 577//1035 599//1035
f 579//1036 599//1036 601//1036
f 580//1037 495//1037 602//1037
f 497//1038 578//1038 600//1038
f 581//1039 579//1039 601//1039
f 581//1040 601//1040 603//1040
f 582//1041 580//1041 602//1041
f 582//1042 602//1042 589//1042
f 583//1043 581//1043 603//1043
f 583//1044 603//1044 591//1044
f 599//1045 597//1045 604//1045
f 599//1046 604//1046 605//1046
f 600//1047 598//1047 606//1047
f 600//1048 606//1048 607//1048
f 601//1049 599//1049 605//1049
f 601//1050 605//1050 608//1050
f 602//1051 495//1051 609//1051
f 497//1052 600//1052 607//1052
f 603//1053 601//1053 608//1053
f 603//1054 608//1054 610//1054
f 589//1055 602//1055 609//1055
f 589//1056 609//1056 611//1056
f 591//1057 603//1057 610//1057
f 591//1058 610//1058 612//1058
f 590//1059 589//1059 611//1059
f 590//1060 611//1060 613//1060
f 592//1061 591//1061 612//1061
f 592//1062 612//1062 614//1062
f 593//1063 590//1063 613//1063
f 593//1064 613//1064 615//1064
f 594//1065 592//1065 614//1065
f 594//1066 614//1066 616//1066
f 595//1067 593//1067 615//1067
f 595//1068 615//1068 617//1068
f 596//1069 594//1069 616//1069
f 596//1070 616//1070 618//1070
f 597//1071 595//1071 617//1071
f 597//1072 617//1072 604//1072
f 598//1073 596//1073 618//1073
f 598//1074 618//1074 606//1074
f 614//1075 612//1075 619//1075
f 614//1076 619//1076 620//1076
f 615//1077 613//1077 621//1077
f 615//1078 621//1078 622//1078
f 616//1079 614//1079 620//1079
f 616//1080 620//1080 623//1080
f 617//1081 615//1081 622//1081
f 617//1082 622//1082 624//1082
f 618//1083 616//1083 623//1083
f 618//1084 623//1084 625//1084
f 604//1085 617//1085 624//1085
f 604//1086 624//1086 626//1086
f 606//1087 618//1087 625//1087
f 606//1088 625//1088 627//1088
f 605//1089 604//1089 626//1089
f 605//1090 626//1090 628//1090
f 607//1091 606//1091 627//1091
f 607//1092 627//1092 629//1092
f 608//1093 605//1093 628//1093
f 608//1094 628//1094 630//1094
f 609//1095 495//1095 631//1095
f 497//1096 607//1096 629//1096
f 610//1097 608//1097 630//1097
f 610//1098 630//1098 632//1098
f 611//1099 609//1099 631//1099
f 611//1100 631//1100 633//1100
f 612//1101 610//1101 632//1101
f 612//1102 632//1102 619//1102
f 613//1103 611//1103 633//1103
f 613//1104 633//1104 621//1104
f 629//1105 627//1105 634//1105
f 629//1106 634//1106 635//1106
f 630//1107 628//1107 636//1107
f 630//1108 636//1108 637//1108
f 631//1109 495//1109 638//1109
f 497//1110 629//1110 635//1110
f 632//1111 630//1111 637//1111
f 632//1112 637//1112 639//1112
f 633//1113 631//1113 638//1113
f 633//1114 638//1114 640//1114
f 619//1115 632//1115 639//1115
f 619//1116 639//1116 641//1116
f 621//1117 633//1117 640//1117
f 621//1118 640//1118 642//1118
f 620//1119 619//1119 641//1119
f 620//1120 641//1120 643//1120
f 622//1121 621//1121 642//1121
f 622//1122 642//1122 644//1122
f 623//1123 620//1123 643//1123
f 623//1124 643//1124 645//1124
f 624//1125 622//1125 644//1125
f 624//1126 644//1126 646//1126
f 625//1127 623//1127 645//1127
f 625//1128 645//1128 647//1128
f 626//1129 624//1129 646//1129
f 626//1130 646//1130 648//1130
f 627//1131 625//1131 647//1131
f 627//1132 647//1132 634//1132
f 628//1133 626//1133 648//1133
f 628//1134 648//1134 636//1134
f 644//1135 642//1135 649//1135
f 644//1136 649//1136 650//1136
f 651//1137 645//1137 643//1137
f 643//1138 652//1138 653//1138
f 643//1139 653//1139 651//1139
f 654//1140 646//1140 644//1140
f 644//1141 650//1141 655//1141
f 644//1142 655//1142 654//1142
f 647//1143 645//1143 651//1143
f 647//1144 651//1144 656//1144
f 648//1145 646//1145 654//1145
f 648//1146 654//1146 657//1146
f 634//1147 647//1147 656//1147
f 634//1148 656//1148 658//1148
f 636//1149 648//1149 657//1149
f 636//1150 657//1150 659//1150
f 635//1151 634//1151 658//1151
f 635//1152 658//1152 660//1152
f 637//1153 636//1153 659//1153
f 637//1154 659//1154 661//1154
f 638//1155 495//1155 662//1155
f 497//1156 635//1156 660//1156
f 639//1157 637//1157 661//1157
f 639//1158 661//1158 663//1158
f 640//1159 638//1159 662//1159
f 640//1160 662//1160 664//1160
f 641//1161 639//1161 663//1161
f 641//1162 663//1162 665//1162
f 642//1163 640//1163 664//1163
f 642//1164 664//1164 649//1164
f 643//1165 641//1165 665//1165
f 643//1166 665//1166 652//1166
f 662//1167 495//1167 666//1167
f 497//1168 660//1168 667//1168
f 664//1169 662//1169 666//1169
f 664//1170 666//1170 668//1170
f 649//1171 664//1171 668//1171
f 649//1172 668//1172 669//1172
f 670//1173 650//1173 649//1173
f 649//1174 669//1174 671//1174
f 649//1175 671//1175 670//1175
f 651//1176 653//1176 672//1176
f 673//1177 656//1177 651//1177
f 651//1178 672//1178 674//1178
f 651//1179 674//1179 673//1179
f 658//1180 656//1180 673//1180
f 658//1181 673//1181 675//1181
f 660//1182 658//1182 675//1182
f 660//1183 675//1183 667//1183
f 673//1184 674//1184 676//1184
f 677//1185 675//1185 673//1185
f 673//1186 676//1186 678//1186
f 673//1187 678//1187 677//1187
f 667//1188 675//1188 677//1188
f 667//1189 677//1189 679//1189
f 666//1190 495//1190 680//1190
f 497//1191 667//1191 679//1191
f 668//1192 666//1192 680//1192
f 668//1193 680//1193 681//1193
f 682//1194 669//1194 668//1194
f 668//1195 681//1195 683//1195
f 668//1196 683//1196 682//1196
f 497//1197 679//1197 684//1197
f 681//1198 680//1198 685//1198
f 681//1199 685//1199 686//1199
f 677//1200 678//1200 687//1200
f 677//1201 687//1201 688//1201
f 679//1202 677//1202 688//1202
f 679//1203 688//1203 684//1203
f 680//1204 495//1204 685//1204
f 688//1205 687//1205 689//1205
f 688//1206 689//1206 690//1206
f 684//1207 688//1207 690//1207
f 684//1208 690//1208 691//1208
f 685//1209 495//1209 692//1209
f 497//1210 684//1210 691//1210
f 686//1211 685//1211 692//1211
f 686//1212 692//1212 693//1212
f 693//1213 692//1213 694//1213
f 693//1214 694//1214 695//1214
f 690//1215 689//1215 696//1215
f 690//1216 696//1216 697//1216
f 691//1217 690//1217 697//1217
f 691//1218 697//1218 698//1218
f 692//1219 495//1219 694//1219
f 497//1220 691//1220 698//1220
f 697//1221 696//1221 699//1221
f 697//1222 699//1222 700//1222
f 698//1223 697//1223 700//1223
f 698//1224 700//1224 701//1224
f 694//1225 495//1225 702//1225
f 497//1226 698//1226 701//1226
f 695//1227 694//1227 702//1227
f 695//1228 702//1228 703//1228
f 700//1229 699//1229 704//1229
f 700//1230 704//1230 705//1230
f 701//1231 700//1231 705//1231
f 701//1232 705//1232 706//1232
f 702//1233 495//1233 707//1233
f 497//1234 701//1234 706//1234
f 703//1235 702//1235 707//1235
f 703//1236 707//1236 708//1236
f 705//1237 704//1237 709//1237
f 705//1238 709//1238 710//1238
f 706//1239 705//1239 710//1239
f 706//1240 710//1240 711//1240
f 707//1241 495//1241 712//1241
f 497//1242 706//1242 711//1242
f 708//1243 707//1243 712//1243
f 708//1244 712//1244 713//1244
f 714//1245 710//1245 709//1245
f 709//1246 715//1246 716//1246
f 709//1247 716//1247 714//1247
f 711//1248 710//1248 714//1248
f 711//1249 714//1249 717//1249
f 712//1250 495//1250 718//1250
f 497//1251 711//1251 717//1251
f 713//1252 712//1252 718//1252
f 713//1253 718//1253 719//1253
f 717//1254 714//1254 720//1254
f 717//1255 720//1255 721//1255
f 718//1256 495//1256 722//1256
f 497//1257 717//1257 721//1257
f 719//1258 718//1258 722//1258
f 719//1259 722//1259 723//1259
f 724//1260 719//1260 723//1260
f 724//1261 723//1261 725//1261
f 726//1262 716//1262 727//1262
f 727//1263 728//1263 729//1263
f 727//1264 729//1264 726//1264
f 714//1265 716//1265 726//1265
f 714//1266 726//1266 720//1266
f 730//1267 725//1267 731//1267
f 730//1268 731//1268 732//1268
f 733//1269 729//1269 734//1269
f 734//1270 735//1270 736//1270
f 734//1271 736//1271 733//1271
f 726//1272 729//1272 733//1272
f 726//1273 733//1273 737//1273
f 720//1274 726//1274 737//1274
f 720//1275 737//1275 738//1275
f 721//1276 720//1276 738//1276
f 721//1277 738//1277 739//1277
f 722//1278 495//1278 740//1278
f 497//1279 721//1279 739//1279
f 723//1280 722//1280 740//1280
f 723//1281 740//1281 741//1281
f 725//1282 723//1282 741//1282
f 725//1283 741//1283 731//1283
f 739//1284 738//1284 742//1284
f 739//1285 742//1285 743//1285
f 744//1286 745//1286 746//1286
f 744//1287 746//1287 747//1287
f 740//1288 495//1288 748//1288
f 497//1289 739//1289 743//1289
f 749//1290 744//1290 747//1290
f 749//1291 747//1291 750//1291
f 741//1292 740//1292 748//1292
f 741//1293 748//1293 751//1293
f 752//1294 749//1294 750//1294
f 752//1295 750//1295 753//1295
f 731//1296 741//1296 751//1296
f 731//1297 751//1297 754//1297
f 736//1298 752//1298 753//1298
f 736//1299 753//1299 755//1299
f 732//1300 731//1300 754//1300
f 732//1301 754//1301 756//1301
f 733//1302 736//1302 755//1302
f 733//1303 755//1303 757//1303
f 758//1304 732//1304 756//1304
f 758//1305 756//1305 759//1305
f 737//1306 733//1306 757//1306
f 737//1307 757//1307 760//1307
f 761//1308 758//1308 759//1308
f 761//1309 759//1309 762//1309
f 738//1310 737//1310 760//1310
f 738//1311 760//1311 742//1311
f 745//1312 761//1312 762//1312
f 745//1313 762//1313 746//1313
f 757//1314 755//1314 763//1314
f 757//1315 763//1315 764//1315
f 759//1316 756//1316 765//1316
f 759//1317 765//1317 766//1317
f 760//1318 757//1318 764//1318
f 760//1319 764//1319 767//1319
f 762//1320 759//1320 766//1320
f 762//1321 766//1321 768//1321
f 742//1322 760//1322 767//1322
f 742//1323 767//1323 769//1323
f 746//1324 762//1324 768//1324
f 746//1325 768//1325 770//1325
f 743//1326 742//1326 769//1326
f 743//1327 769//1327 771//1327
f 747//1328 746//1328 770//1328
f 747//1329 770//1329 772//1329
f 748//1330 495//1330 773//1330
f 497//1331 743//1331 771//1331
f 750//1332 747//1332 772//1332
f 750//1333 772//1333 774//1333
f 751//1334 748//1334 773//1334
f 751//1335 773//1335 775//1335
f 753//1336 750//1336 774//1336
f 753//1337 774//1337 776//1337
f 754//1338 751//1338 775//1338
f 754//1339 775//1339 777//1339
f 755//1340 753//1340 776//1340
f 755//1341 776//1341 763//1341
f 756//1342 754//1342 777//1342
f 756//1343 777//1343 765//1343
f 773//1344 495//1344 778//1344
f 497//1345 771//1345 779//1345
f 774//1346 772//1346 780//1346
f 774//1347 780//1347 781//1347
f 775//1348 773//1348 778//1348
f 775//1349 778//1349 782//1349
f 776//1350 774//1350 781//1350
f 776//1351 781//1351 783//1351
f 777//1352 775//1352 782//1352
f 777//1353 782//1353 784//1353
f 763//1354 776//1354 783//1354
f 763//1355 783//1355 785//1355
f 765//1356 777//1356 784//1356
f 765//1357 784//1357 786//1357
f 764//1358 763//1358 785//1358
f 764//1359 785//1359 787//1359
f 766//1360 765//1360 786//1360
f 766//1361 786//1361 788//1361
f 767//1362 764//1362 787//1362
f 767//1363 787//1363 789//1363
f 768//1364 766//1364 788//1364
f 768//1365 788//1365 790//1365
f 769//1366 767//1366 789//1366
f 769//1367 789//1367 791//1367
f 770//1368 768//1368 790//1368
f 770//1369 790//1369 792//1369
f 771//1370 769//1370 791//1370
f 771//1371 791//1371 779//1371
f 772//1372 770//1372 792//1372
f 772//1373 792//1373 780//1373
f 788//1374 786//1374 793//1374
f 788//1375 793//1375 794//1375
f 789//1376 787//1376 795//1376
f 789//1377 795//1377 796//1377
f 790//1378 788//1378 794//1378
f 790//1379 794//1379 797//1379
f 791//1380 789//1380 796//1380
f 791//1381 796//1381 798//1381
f 792//1382 790//1382 797//1382
f 792//1383 797//1383 799//1383
f 779//1384 791//1384 798//1384
f 779//1385 798//1385 800//1385
f 780//1386 792//1386 799//1386
f 780//1387 799//1387 801//1387
f 778//1388 495//1388 802//1388
f 497//1389 779//1389 800//1389
f 781//1390 780//1390 801//1390
f 781//1391 801//1391 803//1391
f 782//1392 778//1392 802//1392
f 782//1393 802//1393 804//1393
f 783//1394 781//1394 803//1394
f 783//1395 803//1395 805//1395
f 784//1396 782//1396 804//1396
f 784//1397 804//1397 806//1397
f 785//1398 783//1398 805//1398
f 785//1399 805//1399 807//1399
f 786//1400 784//1400 806//1400
f 786//1401 806//1401 793//1401
f 787//1402 785//1402 807//1402
f 787//1403 807//1403 795//1403
f 803//1404 801//1404 808//1404
f 803//1405 808//1405 809//1405
f 804//1406 802//1406 810//1406
f 804//1407 810//1407 811//1407
f 805//1408 803//1408 809//1408
f 805//1409 809//1409 812//1409
f 806//1410 804//1410 811//1410
f 806//1411 811//1411 813//1411
f 807//1412 805//1412 812//1412
f 807//1413 812//1413 814//1413
f 793//1414 806//1414 813//1414
f 793//1415 813//1415 815//1415
f 795//1416 807//1416 814//1416
f 795//1417 814//1417 816//1417
f 794//1418 793//1418 815//1418
f 794//1419 815//1419 817//1419
f 796//1420 795//1420 816//1420
f 796//1421 816//1421 818//1421
f 797//1422 794//1422 817//1422
f 797//1423 817//1423 819//1423
f 798//1424 796//1424 818//1424
f 798//1425 818//1425 820//1425
f 799//1426 797//1426 819//1426
f 799//1427 819//1427 821//1427
f 800//1428 798//1428 820//1428
f 800//1429 820//1429 822//1429
f 801//1430 799//1430 821//1430
f 801//1431 821//1431 808//1431
f 802//1432 495//1432 810//1432
f 497//1433 800//1433 822//1433
f 818//1434 816//1434 823//1434
f 818//1435 823//1435 824//1435
f 819//1436 817//1436 825//1436
f 819//1437 825//1437 826//1437
f 820//1438 818//1438 824//1438
f 820//1439 824//1439 827//1439
f 821//1440 819//1440 826//1440
f 821//1441 826//1441 828//1441
f 822//1442 820//1442 827//1442
f 822//1443 827//1443 829//1443
f 808//1444 821//1444 828//1444
f 808//1445 828//1445 830//1445
f 810//1446 495//1446 831//1446
f 497//1447 822//1447 829//1447
f 809//1448 808//1448 830//1448
f 809//1449 830//1449 832//1449
f 811//1450 810//1450 831//1450
f 811//1451 831//1451 833//1451
f 812//1452 809//1452 832//1452
f 812//1453 832//1453 834//1453
f 813//1454 811//1454 833//1454
f 813//1455 833//1455 835//1455
f 814//1456 812//1456 834//1456
f 814//1457 834//1457 836//1457
f 815//1458 813//1458 835//1458
f 815//1459 835//1459 837//1459
f 816//1460 814//1460 836//1460
f 816//1461 836//1461 823//1461
f 817//1462 815//1462 837//1462
f 817//1463 837//1463 825//1463
f 833//1464 831//1464 838//1464
f 833//1465 838//1465 839//1465
f 834//1466 832//1466 840//1466
f 834//1467 840//1467 841//1467
f 835//1468 833//1468 839//1468
f 835//1469 839//1469 842//1469
f 836//1470 834//1470 841//1470
f 836//1471 841//1471 843//1471
f 837//1472 835//1472 842//1472
f 837//1473 842//1473 844//1473
f 823//1474 836//1474 843//1474
f 823//1475 843//1475 845//1475
f 825//1476 837//1476 844//1476
f 825//1477 844//1477 846//1477
f 824//1478 823//1478 845//1478
f 824//1479 845//1479 847//1479
f 826//1480 825//1480 846//1480
f 826//1481 846//1481 848//1481
f 827//1482 824//1482 847//1482
f 827//1483 847//1483 849//1483
f 828//1484 826//1484 848//1484
f 828//1485 848//1485 850//1485
f 829//1486 827//1486 849//1486
f 829//1487 849//1487 851//1487
f 830//1488 828//1488 850//1488
f 830//1489 850//1489 852//1489
f 831//1490 495//1490 838//1490
f 497//1491 829//1491 851//1491
f 832//1492 830//1492 852//1492
f 832//1493 852//1493 840//1493
f 848//1494 846//1494 853//1494
f 848//1495 853//1495 854//1495
f 849//1496 847//1496 855//1496
f 849//1497 855//1497 856//1497
f 850//1498 848//1498 854//1498
f 850//1499 854//1499 857//1499
f 851//1500 849//1500 856//1500
f 851//1501 856//1501 858//1501
f 852//1502 850//1502 857//1502
f 852//1503 857//1503 859//1503
f 838//1504 495//1504 860//1504
f 497//1505 851//1505 858//1505
f 840//1506 852//1506 859//1506
f 840//1507 859//1507 861//1507
f 839//1508 838//1508 860//1508
f 839//1509 860//1509 862//1509
f 841//1510 840//1510 861//1510
f 841//1511 861//1511 863//1511
f 842//1512 839//1512 862//1512
f 842//1513 862//1513 864//1513
f 843//1514 841//1514 863//1514
f 843//1515 863//1515 865//1515
f 844//1516 842//1516 864//1516
f 844//1517 864//1517 866//1517
f 845//1518 843//1518 865//1518
f 845//1519 865//1519 867//1519
f 846//1520 844//1520 866//1520
f 846//1521 866//1521 853//1521
f 847//1522 845//1522 867//1522
f 847//1523 867//1523 855//1523
f 863//1524 861//1524 868//1524
f 863//1525 868//1525 869//1525
f 864//1526 862//1526 870//1526
f 864//1527 870//1527 871//1527
f 865//1528 863//1528 869//1528
f 865//1529 869//1529 872//1529
f 866//1530 864//1530 871//1530
f 866//1531 871//1531 873//1531
f 867//1532 865//1532 872//1532
f 867//1533 872//1533 874//1533
f 853//1534 866//1534 873//1534
f 853//1535 873//1535 875//1535
f 855//1536 867//1536 874//1536
f 855//1537 874//1537 876//1537
f 854//1538 853//1538 875//1538
f 854//1539 875//1539 877//1539
f 856//1540 855//1540 876//1540
f 856//1541 876//1541 878//1541
f 857//1542 854//1542 877//1542
f 857//1543 877//1543 879//1543
f 858//1544 856//1544 878//1544
f 858//1545 878//1545 880//1545
f 859//1546 857//1546 879//1546
f 859//1547 879//1547 881//1547
f 860//1548 495//1548 882//1548
f 497//1549 858//1549 880//1549
f 861//1550 859//1550 881//1550
f 861//1551 881//1551 868//1551
f 862//1552 860//1552 882//1552
f 862//1553 882//1553 870//1553
f 878//1554 876//1554 483//1554
f 878//1555 483//1555 482//1555
f 879//1556 877//1556 487//1556
f 879//1557 487//1557 486//1557
f 880//1558 878//1558 482//1558
f 880//1559 482//1559 490//1559
f 881//1560 879//1560 486//1560
f 881//1561 486//1561 492//1561
f 882//1562 495//1562 494//1562
f 497//1563 880//1563 490//1563
f 868//1564 881//1564 492//1564
f 868//1565 492//1565 498//1565
f 870//1566 882//1566 494//1566
f 870//1567 494//1567 500//1567
f 869//1568 868//1568 498//1568
f 869//1569 498//1569 502//1569
f 871//1570 870//1570 500//1570
f 871//1571 500//1571 504//1571
f 872//1572 869//1572 502//1572
f 872//1573 502//1573 506//1573
f 873//1574 871//1574 504//1574
f 873//1575 504//1575 508//1575
f 874//1576 872//1576 506//1576
f 874//1577 506//1577 510//1577
f 875//1578 873//1578 508//1578
f 875//1579 508//1579 512//1579
f 876//1580 874//1580 510//1580
f 876//1581 510//1581 483//1581
f 877//1582 875//1582 512//1582
f 877//1583 512//1583 487//1583
f 883//1584 884//1584 885//1584
f 883//1585 885//1585 886//1585
f 887//1586 888//1586 889//1586
f 887//1587 889//1587 890//1587
f 891//1588 883//1588 886//1588
f 891//1589 886//1589 892//1589
f 893//1590 887//1590 890//1590
f 893//1591 890//1591 894//1591
f 895//1592 891//1592 892//1592
f 895//1593 892//1593 896//1593
f 897//1594 893//1594 894//1594
f 897//1595 894//1595 898//1595
f 899//1596 895//1596 896//1596
f 899//1597 896//1597 900//1597
f 901//1598 897//1598 898//1598
f 901//1599 898//1599 902//1599
f 903//1600 899//1600 900//1600
f 903//1601 900//1601 904//1601
f 905//1602 901//1602 902//1602
f 905//1603 902//1603 906//1603
f 907//1604 903//1604 904//1604
f 907//1605 904//1605 908//1605
f 909//1606 910//1606 911//1606
f 912//1607 905//1607 906//1607
f 913//1608 907//1608 908//1608
f 913//1609 908//1609 914//1609
f 884//1610 909//1610 911//1610
f 884//1611 911//1611 885//1611
f 888//1612 913//1612 914//1612
f 888//1613 914//1613 889//1613
f 885//1614 911//1614 915//1614
f 885//1615 915//1615 916//1615
f 889//1616 914//1616 917//1616
f 889//1617 917//1617 918//1617
f 886//1618 885//1618 916//1618
f 886//1619 916//1619 919//1619
f 890//1620 889//1620 918//1620
f 890//33 918//33 920//33
f 892//1621 886//1621 919//1621
f 892//1622 919//1622 921//1622
f 894//36 890//36 920//36
f 894//37 920//37 922//37
f 896//1623 892//1623 921//1623
f 896//1624 921//1624 923//1624
f 898//1625 894//1625 922//1625
f 898//1626 922//1626 924//1626
f 900//1627 896//1627 923//1627
f 900//1628 923//1628 925//1628
f 902//1629 898//1629 924//1629
f 902//1630 924//1630 926//1630
f 904//1631 900//1631 925//1631
f 904//45 925//45 927//45
f 906//1632 902//1632 926//1632
f 906//1633 926//1633 928//1633
f 908//1634 904//1634 927//1634
f 908//1635 927//1635 929//1635
f 911//1636 910//1636 915//1636
f 912//1637 906//1637 928//1637
f 914//1638 908//1638 929//1638
f 914//1639 929//1639 917//1639
f 925//1640 923//1640 930//1640
f 925//1641 930//1641 931//1641
f 926//1642 924//1642 932//1642
f 926//1643 932//1643 933//1643
f 927//53 925//53 931//53
f 927//54 931//54 934//54
f 928//1644 926//1644 933//1644
f 928//1645 933//1645 935//1645
f 929//1646 927//1646 934//1646
f 929//1647 934//1647 936//1647
f 915//1648 910//1648 937//1648
f 912//1649 928//1649 935//1649
f 917//1650 929//1650 936//1650
f 917//1651 936//1651 938//1651
f 916//1652 915//1652 937//1652
f 916//1653 937//1653 939//1653
f 918//62 917//62 938//62
f 918//63 938//63 940//63
f 919//1654 916//1654 939//1654
f 919//1655 939//1655 941//1655
f 920//66 918//66 940//66
f 920//1656 940//1656 942//1656
f 921//1657 919//1657 941//1657
f 921//1658 941//1658 943//1658
f 922//1659 920//1659 942//1659
f 922//1660 942//1660 944//1660
f 923//1661 921//1661 943//1661
f 923//1662 943//1662 930//1662
f 924//1663 922//1663 944//1663
f 924//1664 944//1664 932//1664
f 940//1665 938//1665 945//1665
f 940//1666 945//1666 946//1666
f 941//1667 939//1667 947//1667
f 941//1668 947//1668 948//1668
f 942//1669 940//1669 946//1669
f 942//1670 946//1670 949//1670
f 943//1671 941//1671 948//1671
f 943//1672 948//1672 950//1672
f 944//1673 942//1673 949//1673
f 944//85 949//85 951//85
f 930//1674 943//1674 950//1674
f 930//1675 950//1675 952//1675
f 932//1676 944//1676 951//1676
f 932//1677 951//1677 953//1677
f 931//1678 930//1678 952//1678
f 931//1679 952//1679 954//1679
f 933//1680 932//1680 953//1680
f 933//1681 953//1681 955//1681
f 934//1682 931//1682 954//1682
f 934//1683 954//1683 956//1683
f 935//1684 933//1684 955//1684
f 935//1685 955//1685 957//1685
f 936//1686 934//1686 956//1686
f 936//1687 956//1687 958//1687
f 937//1688 910//1688 959//1688
f 912//1689 935//1689 957//1689
f 938//1690 936//1690 958//1690
f 938//1691 958//1691 945//1691
f 939//1692 937//1692 959//1692
f 939//1693 959//1693 947//1693
f 955//1694 953//1694 960//1694
f 955//1695 960//1695 961//1695
f 956//101 954//101 962//101
f 956//1696 962//1696 963//1696
f 957//1697 955//1697 961//1697
f 957//1698 961//1698 964//1698
f 958//1699 956//1699 963//1699
f 958//1700 963//1700 965//1700
f 959//1701 910//1701 966//1701
f 912//1702 957//1702 964//1702
f 945//1703 958//1703 965//1703
f 945//1704 965//1704 967//1704
f 947//1705 959//1705 966//1705
f 947//1706 966//1706 968//1706
f 946//1707 945//1707 967//1707
f 946//1708 967//1708 969//1708
f 948//1709 947//1709 968//1709
f 948//1710 968//1710 970//1710
f 949//1711 946//1711 969//1711
f 949//1712 969//1712 971//1712
f 950//1713 948//1713 970//1713
f 950//1714 970//1714 972//1714
f 951//118 949//118 971//118
f 951//1715 971//1715 973//1715
f 952//1716 950//1716 972//1716
f 952//1717 972//1717 974//1717
f 953//1718 951//1718 973//1718
f 953//1719 973//1719 960//1719
f 954//1720 952//1720 974//1720
f 954//1721 974//1721 962//1721
f 970//1722 968//1722 975//1722
f 970//1723 975//1723 976//1723
f 971//1724 969//1724 977//1724
f 971//1725 977//1725 978//1725
f 972//1726 970//1726 976//1726
f 972//1727 976//1727 979//1727
f 973//1728 971//1728 978//1728
f 973//1729 978//1729 980//1729
f 974//1730 972//1730 979//1730
f 974//1731 979//1731 981//1731
f 960//1732 973//1732 980//1732
f 960//1733 980//1733 982//1733
f 962//1734 974//1734 981//1734
f 962//1735 981//1735 983//1735
f 961//1736 960//1736 982//1736
f 961//1737 982//1737 984//1737
f 963//1738 962//1738 983//1738
f 963//1739 983//1739 985//1739
f 964//1740 961//1740 984//1740
f 964//1741 984//1741 986//1741
f 965//1742 963//1742 985//1742
f 965//1743 985//1743 987//1743
f 966//1744 910//1744 988//1744
f 912//1745 964//1745 986//1745
f 967//1746 965//1746 987//1746
f 967//146 987//146 989//146
f 968//1747 966//1747 988//1747
f 968//1748 988//1748 975//1748
f 969//1749 967//1749 989//1749
f 969//1750 989//1750 977//1750
f 985//1751 983//1751 990//1751
f 985//1752 990//1752 991//1752
f 986//1753 984//1753 992//1753
f 986//1754 992//1754 993//1754
f 987//1755 985//1755 991//1755
f 987//1756 991//1756 994//1756
f 988//1757 910//1757 995//1757
f 912//1758 986//1758 993//1758
f 989//1759 987//1759 994//1759
f 989//1760 994//1760 996//1760
f 975//1761 988//1761 995//1761
f 975//1762 995//1762 997//1762
f 977//1763 989//1763 996//1763
f 977//1764 996//1764 998//1764
f 976//1765 975//1765 997//1765
f 976//1766 997//1766 999//1766
f 978//164 977//164 998//164
f 978//1767 998//1767 1000//1767
f 979//1768 976//1768 999//1768
f 979//1769 999//1769 1001//1769
f 980//1770 978//1770 1000//1770
f 980//1771 1000//1771 1002//1771
f 981//170 979//170 1001//170
f 981//1772 1001//1772 1003//1772
f 982//1773 980//1773 1002//1773
f 982//1774 1002//1774 1004//1774
f 983//1775 981//1775 1003//1775
f 983//1776 1003//1776 990//1776
f 984//1777 982//1777 1004//1777
f 984//1778 1004//1778 992//1778
f 1000//1779 998//1779 1005//1779
f 1000//1780 1005//1780 1006//1780
f 1001//1781 999//1781 1007//1781
f 1001//1782 1007//1782 1008//1782
f 1002//1783 1000//1783 1006//1783
f 1002//1784 1006//1784 1009//1784
f 1003//1785 1001//1785 1008//1785
f 1003//1786 1008//1786 1010//1786
f 1004//1787 1002//1787 1009//1787
f 1004//1788 1009//1788 1011//1788
f 990//1789 1003//1789 1010//1789
f 990//1790 1010//1790 1012//1790
f 992//1791 1004//1791 1011//1791
f 992//1792 1011//1792 1013//1792
f 991//1793 990//1793 1012//1793
f 991//1794 1012//1794 1014//1794
f 993//1795 992//1795 1013//1795
f 993//1796 1013//1796 1015//1796
f 994//1797 991//1797 1014//1797
f 994//1798 1014//1798 1016//1798
f 995//1799 910//1799 1017//1799
f 912//1800 993//1800 1015//1800
f 996//1801 994//1801 1016//1801
f 996//1802 1016//1802 1018//1802
f 997//1803 995//1803 1017//1803
f 997//1804 1017//1804 1019//1804
f 998//1805 996//1805 1018//1805
f 998//1806 1018//1806 1005//1806
f 999//1807 997//1807 1019//1807
f 999//1808 1019//1808 1007//1808
f 1015//1809 1013//1809 1020//1809
f 1015//1810 1020//1810 1021//1810
f 1016//1811 1014//1811 1022//1811
f 1016//1812 1022//1812 1023//1812
f 1017//1813 910//1813 1024//1813
f 912//1814 1015//1814 1021//1814
f 1018//1815 1016//1815 1023//1815
f 1018//1816 1023//1816 1025//1816
f 1019//1817 1017//1817 1024//1817
f 1019//1818 1024//1818 1026//1818
f 1005//1819 1018//1819 1025//1819
f 1005//1820 1025//1820 1027//1820
f 1007//1821 1019//1821 1026//1821
f 1007//1822 1026//1822 1028//1822
f 1006//1823 1005//1823 1027//1823
f 1006//1824 1027//1824 1029//1824
f 1008//1825 1007//1825 1028//1825
f 1008//1826 1028//1826 1030//1826
f 1009//1827 1006//1827 1029//1827
f 1009//1828 1029//1828 1031//1828
f 1010//1829 1008//1829 1030//1829
f 1010//1830 1030//1830 1032//1830
f 1011//1831 1009//1831 1031//1831
f 1011//1832 1031//1832 1033//1832
f 1012//1833 1010//1833 1032//1833
f 1012//1834 1032//1834 1034//1834
f 1013//1835 1011//1835 1033//1835
f 1013//1836 1033//1836 1020//1836
f 1014//1837 1012//1837 1034//1837
f 1014//1838 1034//1838 1022//1838
f 1031//1839 1029//1839 1035//1839
f 1031//1840 1035//1840 1036//1840
f 1032//228 1030//228 1037//228
f 1032//1841 1037//1841 1038//1841
f 1033//1842 1031//1842 1036//1842
f 1033//1843 1036//1843 1039//1843
f 1034//1844 1032//1844 1038//1844
f 1034//1845 1038//1845 1040//1845
f 1020//1846 1033//1846 1039//1846
f 1020//1847 1039//1847 1041//1847
f 1022//1848 1034//1848 1040//1848
f 1022//1849 1040//1849 1042//1849
f 1021//1850 1020//1850 1041//1850
f 1021//1851 1041//1851 1043//1851
f 1023//1852 1022//1852 1042//1852
f 1023//1853 1042//1853 1044//1853
f 1024//1854 910//1854 1045//1854
f 912//1855 1021//1855 1043//1855
f 1025//1856 1023//1856 1044//1856
f 1025//1857 1044//1857 1046//1857
f 1026//1858 1024//1858 1045//1858
f 1026//1859 1045//1859 1047//1859
f 1027//1860 1025//1860 1046//1860
f 1027//1861 1046//1861 1048//1861
f 1028//1862 1026//1862 1047//1862
f 1028//1863 1047//1863 1049//1863
f 1029//1864 1027//1864 1048//1864
f 1029//1865 1048//1865 1035//1865
f 1030//1866 1028//1866 1049//1866
f 1030//1867 1049//1867 1037//1867
f 1045//1868 910//1868 1050//1868
f 912//1869 1043//1869 1051//1869
f 1046//1870 1044//1870 1052//1870
f 1046//1871 1052//1871 1053//1871
f 1047//1872 1045//1872 1050//1872
f 1047//1873 1050//1873 1054//1873
f 1048//1874 1046//1874 1053//1874
f 1048//1875 1053//1875 1055//1875
f 1049//1876 1047//1876 1054//1876
f 1049//1877 1054//1877 1056//1877
f 1035//1878 1048//1878 1055//1878
f 1035//1879 1055//1879 1057//1879
f 1037//1880 1049//1880 1056//1880
f 1037//1881 1056//1881 1058//1881
f 1036//1882 1035//1882 1057//1882
f 1036//1883 1057//1883 1059//1883
f 1038//1884 1037//1884 1058//1884
f 1038//1885 1058//1885 1060//1885
f 1039//1886 1036//1886 1059//1886
f 1039//1887 1059//1887 1061//1887
f 1040//1888 1038//1888 1060//1888
f 1040//1889 1060//1889 1062//1889
f 1041//1890 1039//1890 1061//1890
f 1041//1891 1061//1891 1063//1891
f 1042//1892 1040//1892 1062//1892
f 1042//1893 1062//1893 1064//1893
f 1043//1894 1041//1894 1063//1894
f 1043//1895 1063//1895 1051//1895
f 1044//1896 1042//1896 1064//1896
f 1044//1897 1064//1897 1052//1897
f 1060//1898 1058//1898 1065//1898
f 1060//1899 1065//1899 1066//1899
f 1061//1900 1059//1900 1067//1900
f 1061//1901 1067//1901 1068//1901
f 1062//1902 1060//1902 1066//1902
f 1062//1903 1066//1903 1069//1903
f 1063//1904 1061//1904 1068//1904
f 1063//1905 1068//1905 1070//1905
f 1064//1906 1062//1906 1069//1906
f 1064//283 1069//283 1071//283
f 1051//1907 1063//1907 1070//1907
f 1051//1908 1070//1908 1072//1908
f 1052//1909 1064//1909 1071//1909
f 1052//1910 1071//1910 1073//1910
f 1050//1911 910//1911 1074//1911
f 912//1912 1051//1912 1072//1912
f 1053//1913 1052//1913 1073//1913
f 1053//288 1073//288 1075//288
f 1054//1914 1050//1914 1074//1914
f 1054//1915 1074//1915 1076//1915
f 1055//1916 1053//1916 1075//1916
f 1055//1917 1075//1917 1077//1917
f 1056//1918 1054//1918 1076//1918
f 1056//1919 1076//1919 1078//1919
f 1057//1920 1055//1920 1077//1920
f 1057//1921 1077//1921 1079//1921
f 1058//1922 1056//1922 1078//1922
f 1058//1923 1078//1923 1065//1923
f 1059//1924 1057//1924 1079//1924
f 1059//1925 1079//1925 1067//1925
f 1075//1926 1073//1926 1080//1926
f 1075//1927 1080//1927 1081//1927
f 1076//1928 1074//1928 1082//1928
f 1076//1929 1082//1929 1083//1929
f 1077//305 1075//305 1081//305
f 1077//306 1081//306 1084//306
f 1078//1930 1076//1930 1083//1930
f 1078//1931 1083//1931 1085//1931
f 1079//1932 1077//1932 1084//1932
f 1079//1933 1084//1933 1086//1933
f 1065//1934 1078//1934 1085//1934
f 1065//1935 1085//1935 1087//1935
f 1067//1936 1079//1936 1086//1936
f 1067//1937 1086//1937 1088//1937
f 1066//1938 1065//1938 1087//1938
f 1066//1939 1087//1939 1089//1939
f 1068//1940 1067//1940 1088//1940
f 1068//1941 1088//1941 1090//1941
f 1069//1942 1066//1942 1089//1942
f 1069//1943 1089//1943 1091//1943
f 1070//1944 1068//1944 1090//1944
f 1070//1945 1090//1945 1092//1945
f 1071//321 1069//321 1091//321
f 1071//322 1091//322 1093//322
f 1072//1946 1070//1946 1092//1946
f 1072//1947 1092//1947 1094//1947
f 1073//323 1071//323 1093//323
f 1073//1948 1093//1948 1080//1948
f 1074//325 910//325 1082//325
f 912//1949 1072//1949 1094//1949
f 1090//1950 1088//1950 1095//1950
f 1090//1951 1095//1951 1096//1951
f 1091//1952 1089//1952 1097//1952
f 1091//1953 1097//1953 1098//1953
f 1092//1954 1090//1954 1096//1954
f 1092//1955 1096//1955 1099//1955
f 1093//1956 1091//1956 1098//1956
f 1093//1957 1098//1957 1100//1957
f 1094//1958 1092//1958 1099//1958
f 1094//1959 1099//1959 1101//1959
f 1080//1960 1093//1960 1100//1960
f 1080//1961 1100//1961 1102//1961
f 1082//1962 910//1962 1103//1962
f 912//1963 1094//1963 1101//1963
f 1081//1964 1080//1964 1102//1964
f 1081//336 1102//336 1104//336
f 1083//1965 1082//1965 1103//1965
f 1083//1966 1103//1966 1105//1966
f 1084//339 1081//339 1104//339
f 1084//1967 1104//1967 1106//1967
f 1085//1968 1083//1968 1105//1968
f 1085//1969 1105//1969 1107//1969
f 1086//1970 1084//1970 1106//1970
f 1086//1971 1106//1971 1108//1971
f 1087//1972 1085//1972 1107//1972
f 1087//1973 1107//1973 1109//1973
f 1088//1974 1086//1974 1108//1974
f 1088//348 1108//348 1095//348
f 1089//1975 1087//1975 1109//1975
f 1089//1976 1109//1976 1097//1976
f 1105//1977 1103//1977 1110//1977
f 1105//1978 1110//1978 1111//1978
f 1106//1979 1104//1979 1112//1979
f 1106//1980 1112//1980 1113//1980
f 1107//1981 1105//1981 1111//1981
f 1107//1982 1111//1982 1114//1982
f 1108//1983 1106//1983 1113//1983
f 1108//1984 1113//1984 1115//1984
f 1109//1985 1107//1985 1114//1985
f 1109//1986 1114//1986 1116//1986
f 1095//1987 1108//1987 1115//1987
f 1095//1988 1115//1988 1117//1988
f 1097//1989 1109//1989 1116//1989
f 1097//1990 1116//1990 1118//1990
f 1096//1991 1095//1991 1117//1991
f 1096//1992 1117//1992 1119//1992
f 1098//1993 1097//1993 1118//1993
f 1098//1994 1118//1994 1120//1994
f 1099//1995 1096//1995 1119//1995
f 1099//1996 1119//1996 1121//1996
f 1100//1997 1098//1997 1120//1997
f 1100//1998 1120//1998 1122//1998
f 1101//1999 1099//1999 1121//1999
f 1101//2000 1121//2000 1123//2000
f 1102//371 1100//371 1122//371
f 1102//2001 1122//2001 1124//2001
f 1103//2002 910//2002 1110//2002
f 912//2003 1101//2003 1123//2003
f 1104//2004 1102//2004 1124//2004
f 1104//2005 1124//2005 1112//2005
f 1120//2006 1118//2006 1125//2006
f 1120//2007 1125//2007 1126//2007
f 1121//2008 1119//2008 1127//2008
f 1121//2009 1127//2009 1128//2009
f 1122//2010 1120//2010 1126//2010
f 1122//2011 1126//2011 1129//2011
f 1123//2012 1121//2012 1128//2012
f 1123//2013 1128//2013 1130//2013
f 1124//2014 1122//2014 1129//2014
f 1124//2015 1129//2015 1131//2015
f 1110//2016 910//2016 1132//2016
f 912//2017 1123//2017 1130//2017
f 1112//2018 1124//2018 1131//2018
f 1112//2019 1131//2019 1133//2019
f 1111//2020 1110//2020 1132//2020
f 1111//2021 1132//2021 1134//2021
f 1113//2022 1112//2022 1133//2022
f 1113//2023 1133//2023 1135//2023
f 1114//2024 1111//2024 1134//2024
f 1114//2025 1134//2025 1136//2025
f 1115//2026 1113//2026 1135//2026
f 1115//2027 1135//2027 1137//2027
f 1116//2028 1114//2028 1136//2028
f 1116//2029 1136//2029 1138//2029
f 1117//2030 1115//2030 1137//2030
f 1117//2031 1137//2031 1139//2031
f 1118//2032 1116//2032 1138//2032
f 1118//2033 1138//2033 1125//2033
f 1119//2034 1117//2034 1139//2034
f 1119//2035 1139//2035 1127//2035
f 1135//2036 1133//2036 1140//2036
f 1135//2037 1140//2037 1141//2037
f 1136//2038 1134//2038 1142//2038
f 1136//2039 1142//2039 1143//2039
f 1137//2040 1135//2040 1141//2040
f 1137//2041 1141//2041 1144//2041
f 1138//2042 1136//2042 1143//2042
f 1138//2043 1143//2043 1145//2043
f 1139//2044 1137//2044 1144//2044
f 1139//2045 1144//2045 1146//2045
f 1125//2046 1138//2046 1145//2046
f 1125//2047 1145//2047 1147//2047
f 1127//2048 1139//2048 1146//2048
f 1127//2049 1146//2049 1148//2049
f 1126//2050 1125//2050 1147//2050
f 1126//2051 1147//2051 1149//2051
f 1128//2052 1127//2052 1148//2052
f 1128//2053 1148//2053 1150//2053
f 1129//2054 1126//2054 1149//2054
f 1129//2055 1149//2055 1151//2055
f 1130//2056 1128//2056 1150//2056
f 1130//2057 1150//2057 1152//2057
f 1131//2058 1129//2058 1151//2058
f 1131//2059 1151//2059 1153//2059
f 1132//2060 910//2060 1154//2060
f 912//2061 1130//2061 1152//2061
f 1133//2062 1131//2062 1153//2062
f 1133//2063 1153//2063 1140//2063
f 1134//2064 1132//2064 1154//2064
f 1134//2065 1154//2065 1142//2065
f 1150//2066 1148//2066 1155//2066
f 1150//2067 1155//2067 1156//2067
f 1151//2068 1149//2068 1157//2068
f 1151//2069 1157//2069 1158//2069
f 1152//2070 1150//2070 1156//2070
f 1152//2071 1156//2071 1159//2071
f 1153//2072 1151//2072 1158//2072
f 1153//2073 1158//2073 1160//2073
f 1154//2074 910//2074 1161//2074
f 912//2075 1152//2075 1159//2075
f 1140//2076 1153//2076 1160//2076
f 1140//2077 1160//2077 1162//2077
f 1142//2078 1154//2078 1161//2078
f 1142//2079 1161//2079 1163//2079
f 1141//2080 1140//2080 1162//2080
f 1141//2081 1162//2081 1164//2081
f 1143//2082 1142//2082 1163//2082
f 1143//2083 1163//2083 1165//2083
f 1144//2084 1141//2084 1164//2084
f 1144//2085 1164//2085 1166//2085
f 1145//2086 1143//2086 1165//2086
f 1145//2087 1165//2087 1167//2087
f 1146//2088 1144//2088 1166//2088
f 1146//2089 1166//2089 1168//2089
f 1147//2090 1145//2090 1167//2090
f 1147//2091 1167//2091 1169//2091
f 1148//2092 1146//2092 1168//2092
f 1148//2093 1168//2093 1155//2093
f 1149//2094 1147//2094 1169//2094
f 1149//2095 1169//2095 1157//2095
f 1166//2096 1164//2096 1170//2096
f 1166//2097 1170//2097 1171//2097
f 1167//2098 1165//2098 1172//2098
f 1167//2099 1172//2099 1173//2099
f 1168//2100 1166//2100 1171//2100
f 1168//2101 1171//2101 1174//2101
f 1169//2102 1167//2102 1173//2102
f 1169//2103 1173//2103 1175//2103
f 1155//2104 1168//2104 1174//2104
f 1155//2105 1174//2105 1176//2105
f 1157//2106 1169//2106 1175//2106
f 1157//2107 1175//2107 1177//2107
f 1156//2108 1155//2108 1176//2108
f 1156//2109 1176//2109 1178//2109
f 1158//2110 1157//2110 1177//2110
f 1158//2111 1177//2111 1179//2111
f 1159//2112 1156//2112 1178//2112
f 1159//2113 1178//2113 1180//2113
f 1160//2114 1158//2114 1179//2114
f 1160//2115 1179//2115 1181//2115
f 1161//2116 910//2116 1182//2116
f 912//2117 1159//2117 1180//2117
f 1162//2118 1160//2118 1181//2118
f 1162//2119 1181//2119 1183//2119
f 1163//2120 1161//2120 1182//2120
f 1163//2121 1182//2121 1184//2121
f 1164//2122 1162//2122 1183//2122
f 1164//2123 1183//2123 1170//2123
f 1165//2124 1163//2124 1184//2124
f 1165//2125 1184//2125 1172//2125
f 1180//2126 1178//2126 1185//2126
f 1180//2127 1185//2127 1186//2127
f 1181//2128 1179//2128 1187//2128
f 1181//477 1187//477 1188//477
f 1182//2129 910//2129 1189//2129
f 912//2130 1180//2130 1186//2130
f 1183//479 1181//479 1188//479
f 1183//480 1188//480 1190//480
f 1184//2131 1182//2131 1189//2131
f 1184//2132 1189//2132 1191//2132
f 1170//2133 1183//2133 1190//2133
f 1170//2134 1190//2134 1192//2134
f 1172//2135 1184//2135 1191//2135
f 1172//2136 1191//2136 1193//2136
f 1171//2137 1170//2137 1192//2137
f 1171//2138 1192//2138 1194//2138
f 1173//2139 1172//2139 1193//2139
f 1173//2140 1193//2140 1195//2140
f 1174//2141 1171//2141 1194//2141
f 1174//2142 1194//2142 1196//2142
f 1175//2143 1173//2143 1195//2143
f 1175//2144 1195//2144 1197//2144
f 1176//2145 1174//2145 1196//2145
f 1176//2146 1196//2146 1198//2146
f 1177//2147 1175//2147 1197//2147
f 1177//2148 1197//2148 1199//2148
f 1178//2149 1176//2149 1198//2149
f 1178//2150 1198//2150 1185//2150
f 1179//2151 1177//2151 1199//2151
f 1179//2152 1199//2152 1187//2152
f 1195//2153 1193//2153 1200//2153
f 1195//2154 1200//2154 1201//2154
f 1196//2155 1194//2155 1202//2155
f 1196//2156 1202//2156 1203//2156
f 1197//2157 1195//2157 1201//2157
f 1197//506 1201//506 1204//506
f 1198//2158 1196//2158 1203//2158
f 1198//2159 1203//2159 1205//2159
f 1199//2160 1197//2160 1204//2160
f 1199//2161 1204//2161 1206//2161
f 1185//2162 1198//2162 1205//2162
f 1185//2163 1205//2163 1207//2163
f 1187//2164 1199//2164 1206//2164
f 1187//2165 1206//2165 1208//2165
f 1186//2166 1185//2166 1207//2166
f 1186//2167 1207//2167 1209//2167
f 1188//2168 1187//2168 1208//2168
f 1188//2169 1208//2169 1210//2169
f 1189//2170 910//2170 1211//2170
f 912//2171 1186//2171 1209//2171
f 1190//2172 1188//2172 1210//2172
f 1190//2173 1210//2173 1212//2173
f 1191//2174 1189//2174 1211//2174
f 1191//2175 1211//2175 1213//2175
f 1192//2176 1190//2176 1212//2176
f 1192//2177 1212//2177 1214//2177
f 1193//2178 1191//2178 1213//2178
f 1193//2179 1213//2179 1200//2179
f 1194//2180 1192//2180 1214//2180
f 1194//2181 1214//2181 1202//2181
f 1210//526 1208//526 1215//526
f 1210//2182 1215//2182 1216//2182
f 1211//2183 910//2183 1217//2183
f 912//2184 1209//2184 1218//2184
f 1212//2185 1210//2185 1216//2185
f 1212//2186 1216//2186 1219//2186
f 1213//2187 1211//2187 1217//2187
f 1213//2188 1217//2188 1220//2188
f 1214//2189 1212//2189 1219//2189
f 1214//2190 1219//2190 1221//2190
f 1200//2191 1213//2191 1220//2191
f 1200//2192 1220//2192 1222//2192
f 1202//2193 1214//2193 1221//2193
f 1202//2194 1221//2194 1223//2194
f 1201//2195 1200//2195 1222//2195
f 1201//2196 1222//2196 1224//2196
f 1203//2197 1202//2197 1223//2197
f 1203//2198 1223//2198 1225//2198
f 1204//2199 1201//2199 1224//2199
f 1204//2200 1224//2200 1226//2200
f 1205//2201 1203//2201 1225//2201
f 1205//2202 1225//2202 1227//2202
f 1206//2203 1204//2203 1226//2203
f 1206//2204 1226//2204 1228//2204
f 1207//2205 1205//2205 1227//2205
f 1207//2206 1227//2206 1229//2206
f 1208//2207 1206//2207 1228//2207
f 1208//550 1228//550 1215//550
f 1209//2208 1207//2208 1229//2208
f 1209//2209 1229//2209 1218//2209
f 1225//2210 1223//2210 1230//2210
f 1225//2211 1230//2211 1231//2211
f 1226//2212 1224//2212 1232//2212
f 1226//2213 1232//2213 1233//2213
f 1227//2214 1225//2214 1231//2214
f 1227//2215 1231//2215 1234//2215
f 1228//2216 1226//2216 1233//2216
f 1228//2217 1233//2217 1235//2217
f 1229//2218 1227//2218 1234//2218
f 1229//2219 1234//2219 1236//2219
f 1215//559 1228//559 1235//559
f 1215//2220 1235//2220 1237//2220
f 1218//2221 1229//2221 1236//2221
f 1218//2222 1236//2222 1238//2222
f 1216//2223 1215//2223 1237//2223
f 1216//2224 1237//2224 1239//2224
f 1217//2225 910//2225 1240//2225
f 912//2226 1218//2226 1238//2226
f 1219//2227 1216//2227 1239//2227
f 1219//2228 1239//2228 1241//2228
f 1220//2229 1217//2229 1240//2229
f 1220//2230 1240//2230 1242//2230
f 1221//2231 1219//2231 1241//2231
f 1221//2232 1241//2232 1243//2232
f 1222//2233 1220//2233 1242//2233
f 1222//2234 1242//2234 1244//2234
f 1223//2235 1221//2235 1243//2235
f 1223//2236 1243//2236 1230//2236
f 1224//2237 1222//2237 1244//2237
f 1224//2238 1244//2238 1232//2238
f 1240//2239 910//2239 1245//2239
f 912//2240 1238//2240 1246//2240
f 1241//2241 1239//2241 1247//2241
f 1241//2242 1247//2242 1248//2242
f 1242//2243 1240//2243 1245//2243
f 1242//2244 1245//2244 1249//2244
f 1243//2245 1241//2245 1248//2245
f 1243//2246 1248//2246 1250//2246
f 1244//2247 1242//2247 1249//2247
f 1244//2248 1249//2248 1251//2248
f 1230//2249 1243//2249 1250//2249
f 1230//2250 1250//2250 1252//2250
f 1232//2251 1244//2251 1251//2251
f 1232//2252 1251//2252 1253//2252
f 1231//2253 1230//2253 1252//2253
f 1231//590 1252//590 1254//590
f 1233//2254 1232//2254 1253//2254
f 1233//2255 1253//2255 1255//2255
f 1234//2256 1231//2256 1254//2256
f 1234//2257 1254//2257 1256//2257
f 1235//2258 1233//2258 1255//2258
f 1235//596 1255//596 1257//596
f 1236//2259 1234//2259 1256//2259
f 1236//2260 1256//2260 1258//2260
f 1237//2261 1235//2261 1257//2261
f 1237//2262 1257//2262 1259//2262
f 1238//2263 1236//2263 1258//2263
f 1238//2264 1258//2264 1246//2264
f 1239//2265 1237//2265 1259//2265
f 1239//2266 1259//2266 1247//2266
f 1255//2267 1253//2267 1260//2267
f 1255//2268 1260//2268 1261//2268
f 1256//2269 1254//2269 1262//2269
f 1256//2270 1262//2270 1263//2270
f 1257//605 1255//605 1261//605
f 1257//2271 1261//2271 1264//2271
f 1258//2272 1256//2272 1263//2272
f 1258//2273 1263//2273 1265//2273
f 1259//2274 1257//2274 1264//2274
f 1259//2275 1264//2275 1266//2275
f 1246//2276 1258//2276 1265//2276
f 1246//2277 1265//2277 1267//2277
f 1247//2278 1259//2278 1266//2278
f 1247//2279 1266//2279 1268//2279
f 1245//2280 910//2280 1269//2280
f 912//2281 1246//2281 1267//2281
f 1248//2282 1247//2282 1268//2282
f 1248//2283 1268//2283 1270//2283
f 1249//2284 1245//2284 1269//2284
f 1249//2285 1269//2285 1271//2285
f 1250//2286 1248//2286 1270//2286
f 1250//2287 1270//2287 1272//2287
f 1251//2288 1249//2288 1271//2288
f 1251//2289 1271//2289 1273//2289
f 1252//2290 1250//2290 1272//2290
f 1252//2291 1272//2291 1274//2291
f 1253//2292 1251//2292 1273//2292
f 1253//2293 1273//2293 1260//2293
f 1254//2294 1252//2294 1274//2294
f 1254//2295 1274//2295 1262//2295
f 1270//2296 1268//2296 1275//2296
f 1270//2297 1275//2297 1276//2297
f 1271//2298 1269//2298 1277//2298
f 1271//2299 1277//2299 1278//2299
f 1272//2300 1270//2300 1276//2300
f 1272//2301 1276//2301 1279//2301
f 1273//2302 1271//2302 1278//2302
f 1273//2303 1278//2303 1280//2303
f 1274//2304 1272//2304 1279//2304
f 1274//2305 1279//2305 1281//2305
f 1260//2306 1273//2306 1280//2306
f 1260//2307 1280//2307 1282//2307
f 1262//2308 1274//2308 1281//2308
f 1262//2309 1281//2309 1283//2309
f 1261//2310 1260//2310 1282//2310
f 1261//2311 1282//2311 1284//2311
f 1263//2312 1262//2312 1283//2312
f 1263//2313 1283//2313 1285//2313
f 1264//2314 1261//2314 1284//2314
f 1264//2315 1284//2315 1286//2315
f 1265//2316 1263//2316 1285//2316
f 1265//2317 1285//2317 1287//2317
f 1266//2318 1264//2318 1286//2318
f 1266//2319 1286//2319 1288//2319
f 1267//2320 1265//2320 1287//2320
f 1267//2321 1287//2321 1289//2321
f 1268//2322 1266//2322 1288//2322
f 1268//2323 1288//2323 1275//2323
f 1269//2324 910//2324 1277//2324
f 912//2325 1267//2325 1289//2325
f 1285//2326 1283//2326 1290//2326
f 1285//2327 1290//2327 1291//2327
f 1286//2328 1284//2328 1292//2328
f 1286//2329 1292//2329 1293//2329
f 1287//2330 1285//2330 1291//2330
f 1287//2331 1291//2331 1294//2331
f 1288//2332 1286//2332 1293//2332
f 1288//2333 1293//2333 1295//2333
f 1289//2334 1287//2334 1294//2334
f 1289//2335 1294//2335 1296//2335
f 1275//2336 1288//2336 1295//2336
f 1275//2337 1295//2337 1297//2337
f 1277//2338 910//2338 1298//2338
f 912//2339 1289//2339 1296//2339
f 1276//2340 1275//2340 1297//2340
f 1276//2341 1297//2341 1299//2341
f 1278//2342 1277//2342 1298//2342
f 1278//2343 1298//2343 1300//2343
f 1279//2344 1276//2344 1299//2344
f 1279//2345 1299//2345 1301//2345
f 1280//2346 1278//2346 1300//2346
f 1280//2347 1300//2347 1302//2347
f 1281//2348 1279//2348 1301//2348
f 1281//2349 1301//2349 1303//2349
f 1282//2350 1280//2350 1302//2350
f 1282//2351 1302//2351 1304//2351
f 1283//2352 1281//2352 1303//2352
f 1283//2353 1303//2353 1290//2353
f 1284//2354 1282//2354 1304//2354
f 1284//2355 1304//2355 1292//2355
f 1301//676 1299//676 1305//676
f 1301//2356 1305//2356 1306//2356
f 1302//2357 1300//2357 1307//2357
f 1302//2358 1307//2358 1308//2358
f 1303//2359 1301//2359 1306//2359
f 1303//2360 1306//2360 1309//2360
f 1304//2361 1302//2361 1308//2361
f 1304//2362 1308//2362 1310//2362
f 1290//2363 1303//2363 1309//2363
f 1290//2364 1309//2364 1311//2364
f 1292//2365 1304//2365 1310//2365
f 1292//2366 1310//2366 1312//2366
f 1291//2367 1290//2367 1311//2367
f 1291//2368 1311//2368 1313//2368
f 1293//2369 1292//2369 1312//2369
f 1293//2370 1312//2370 1314//2370
f 1294//2371 1291//2371 1313//2371
f 1294//2372 1313//2372 1315//2372
f 1295//2373 1293//2373 1314//2373
f 1295//2374 1314//2374 1316//2374
f 1296//2375 1294//2375 1315//2375
f 1296//2376 1315//2376 1317//2376
f 1297//694 1295//694 1316//694
f 1297//695 1316//695 1318//695
f 1298//2377 910//2377 1319//2377
f 912//2378 1296//2378 1317//2378
f 1299//697 1297//697 1318//697
f 1299//698 1318//698 1305//698
f 1300//2379 1298//2379 1319//2379
f 1300//2380 1319//2380 1307//2380
f 1315//2381 1313//2381 1320//2381
f 1315//2382 1320//2382 1321//2382
f 1316//2383 1314//2383 1322//2383
f 1316//2384 1322//2384 1323//2384
f 1317//2385 1315//2385 1321//2385
f 1317//2386 1321//2386 1324//2386
f 1318//703 1316//703 1323//703
f 1318//704 1323//704 1325//704
f 1319//2387 910//2387 1326//2387
f 912//2388 1317//2388 1324//2388
f 1305//706 1318//706 1325//706
f 1305//707 1325//707 1327//707
f 1307//2389 1319//2389 1326//2389
f 1307//2390 1326//2390 1328//2390
f 1306//2391 1305//2391 1327//2391
f 1306//2392 1327//2392 1329//2392
f 1308//2393 1307//2393 1328//2393
f 1308//2394 1328//2394 1330//2394
f 1309//2395 1306//2395 1329//2395
f 1309//2396 1329//2396 1331//2396
f 1310//2397 1308//2397 1330//2397
f 1310//2398 1330//2398 1332//2398
f 1311//2399 1309//2399 1331//2399
f 1311//2400 1331//2400 1333//2400
f 1312//2401 1310//2401 1332//2401
f 1312//2402 1332//2402 1334//2402
f 1313//2403 1311//2403 1333//2403
f 1313//2404 1333//2404 1320//2404
f 1314//2405 1312//2405 1334//2405
f 1314//2406 1334//2406 1322//2406
f 1330//2407 1328//2407 1335//2407
f 1330//2408 1335//2408 1336//2408
f 1331//2409 1329//2409 1337//2409
f 1331//2410 1337//2410 1338//2410
f 1332//2411 1330//2411 1336//2411
f 1332//2412 1336//2412 1339//2412
f 1333//2413 1331//2413 1338//2413
f 1333//2414 1338//2414 1340//2414
f 1334//734 1332//734 1339//734
f 1334//2415 1339//2415 1341//2415
f 1320//2416 1333//2416 1340//2416
f 1320//2417 1340//2417 1342//2417
f 1322//2418 1334//2418 1341//2418
f 1322//2419 1341//2419 1343//2419
f 1321//2420 1320//2420 1342//2420
f 1321//2421 1342//2421 1344//2421
f 1323//2422 1322//2422 1343//2422
f 1323//2423 1343//2423 1345//2423
f 1324//2424 1321//2424 1344//2424
f 1324//2425 1344//2425 1346//2425
f 1325//2426 1323//2426 1345//2426
f 1325//2427 1345//2427 1347//2427
f 1326//2428 910//2428 1348//2428
f 912//2429 1324//2429 1346//2429
f 1327//745 1325//745 1347//745
f 1327//2430 1347//2430 1349//2430
f 1328//2431 1326//2431 1348//2431
f 1328//2432 1348//2432 1335//2432
f 1329//2433 1327//2433 1349//2433
f 1329//2434 1349//2434 1337//2434
f 1345//2435 1343//2435 1350//2435
f 1345//2436 1350//2436 1351//2436
f 1346//2437 1344//2437 1352//2437
f 1346//2438 1352//2438 1353//2438
f 1347//2439 1345//2439 1351//2439
f 1347//754 1351//754 1354//754
f 1348//2440 910//2440 1355//2440
f 912//2441 1346//2441 1353//2441
f 1349//2442 1347//2442 1354//2442
f 1349//2443 1354//2443 1356//2443
f 1335//2444 1348//2444 1355//2444
f 1335//2445 1355//2445 1357//2445
f 1337//2446 1349//2446 1356//2446
f 1337//2447 1356//2447 1358//2447
f 1336//2448 1335//2448 1357//2448
f 1336//2449 1357//2449 1359//2449
f 1338//2450 1337//2450 1358//2450
f 1338//2451 1358//2451 1360//2451
f 1339//2452 1336//2452 1359//2452
f 1339//2453 1359//2453 1361//2453
f 1340//2454 1338//2454 1360//2454
f 1340//2455 1360//2455 1362//2455
f 1341//2456 1339//2456 1361//2456
f 1341//2457 1361//2457 1363//2457
f 1342//2458 1340//2458 1362//2458
f 1342//2459 1362//2459 1364//2459
f 1343//2460 1341//2460 1363//2460
f 1343//2461 1363//2461 1350//2461
f 1344//2462 1342//2462 1364//2462
f 1344//2463 1364//2463 1352//2463
f 1360//2464 1358//2464 888//2464
f 1360//2465 888//2465 887//2465
f 1361//2466 1359//2466 883//2466
f 1361//2467 883//2467 891//2467
f 1362//2468 1360//2468 887//2468
f 1362//781 887//781 893//781
f 1363//2469 1361//2469 891//2469
f 1363//2470 891//2470 895//2470
f 1364//2471 1362//2471 893//2471
f 1364//2472 893//2472 897//2472
f 1350//2473 1363//2473 895//2473
f 1350//2474 895//2474 899//2474
f 1352//2475 1364//2475 897//2475
f 1352//2476 897//2476 901//2476
f 1351//2477 1350//2477 899//2477
f 1351//2478 899//2478 903//2478
f 1353//2479 1352//2479 901//2479
f 1353//2480 901//2480 905//2480
f 1354//2481 1351//2481 903//2481
f 1354//2482 903//2482 907//2482
f 1355//2483 910//2483 909//2483
f 912//2484 1353//2484 905//2484
f 1356//793 1354//793 907//793
f 1356//2485 907//2485 913//2485
f 1357//2486 1355//2486 909//2486
f 1357//2487 909//2487 884//2487
f 1358//2488 1356//2488 913//2488
f 1358//2489 913//2489 888//2489
f 1359//2490 1357//2490 884//2490
f 1359//2491 884//2491 883//2491
f 1365//2492 1366//2492 1367//2492
f 1365//2493 1367//2493 1368//2493
f 1369//2494 1370//2494 1371//2494
f 1369//2495 1371//2495 1372//2495
f 1373//2496 1365//2496 1368//2496
f 1373//2497 1368//2497 1374//2497
f 1375//2498 1369//2498 1372//2498
f 1375//2499 1372//2499 1376//2499
f 1377//2500 1378//2500 1379//2500
f 1380//2501 1373//2501 1374//2501
f 1381//2502 1375//2502 1376//2502
f 1381//2503 1376//2503 1382//2503
f 1383//2504 1377//2504 1379//2504
f 1383//2505 1379//2505 1384//2505
f 1385//2506 1381//2506 1382//2506
f 1385//2507 1382//2507 1386//2507
f 1387//2508 1383//2508 1384//2508
f 1387//2509 1384//2509 1388//2509
f 1389//2510 1385//2510 1386//2510
f 1389//2511 1386//2511 1390//2511
f 1391//2512 1387//2512 1388//2512
f 1391//2513 1388//2513 1392//2513
f 1393//2514 1389//2514 1390//2514
f 1393//2515 1390//2515 1394//2515
f 1395//2516 1391//2516 1392//2516
f 1395//2517 1392//2517 1396//2517
f 1366//2518 1393//2518 1394//2518
f 1366//2519 1394//2519 1367//2519
f 1370//2520 1395//2520 1396//2520
f 1370//2521 1396//2521 1371//2521
f 1396//2522 1392//2522 1397//2522
f 1396//2523 1397//2523 1398//2523
f 1367//2524 1394//2524 1399//2524
f 1367//2525 1399//2525 1400//2525
f 1371//2526 1396//2526 1398//2526
f 1371//2527 1398//2527 1401//2527
f 1368//2528 1367//2528 1400//2528
f 1368//2529 1400//2529 1402//2529
f 1372//2530 1371//2530 1401//2530
f 1372//2531 1401//2531 1403//2531
f 1374//2532 1368//2532 1402//2532
f 1374//2533 1402//2533 1404//2533
f 1376//2534 1372//2534 1403//2534
f 1376//2535 1403//2535 1405//2535
f 1379//2536 1378//2536 1406//2536
f 1380//2537 1374//2537 1404//2537
f 1382//2538 1376//2538 1405//2538
f 1382//2539 1405//2539 1407//2539
f 1384//2540 1379//2540 1406//2540
f 1384//2541 1406//2541 1408//2541
f 1386//2542 1382//2542 1407//2542
f 1386//2543 1407//2543 1409//2543
f 1388//2544 1384//2544 1408//2544
f 1388//2545 1408//2545 1410//2545
f 1390//2546 1386//2546 1409//2546
f 1390//2547 1409//2547 1411//2547
f 1392//2548 1388//2548 1410//2548
f 1392//2549 1410//2549 1397//2549
f 1394//2550 1390//2550 1411//2550
f 1394//2551 1411//2551 1399//2551
f 1407//2552 1405//2552 1412//2552
f 1407//2553 1412//2553 1413//2553
f 1408//2554 1406//2554 1414//2554
f 1408//2555 1414//2555 1415//2555
f 1409//2556 1407//2556 1413//2556
f 1409//2557 1413//2557 1416//2557
f 1410//2558 1408//2558 1415//2558
f 1410//2559 1415//2559 1417//2559
f 1411//2560 1409//2560 1416//2560
f 1411//2561 1416//2561 1418//2561
f 1397//2562 1410//2562 1417//2562
f 1397//2563 1417//2563 1419//2563
f 1399//2564 1411//2564 1418//2564
f 1399//2565 1418//2565 1420//2565
f 1398//2566 1397//2566 1419//2566
f 1398//2567 1419//2567 1421//2567
f 1400//2568 1399//2568 1420//2568
f 1400//2569 1420//2569 1422//2569
f 1401//2570 1398//2570 1421//2570
f 1401//2571 1421//2571 1423//2571
f 1402//2572 1400//2572 1422//2572
f 1402//2573 1422//2573 1424//2573
f 1403//2574 1401//2574 1423//2574
f 1403//2575 1423//2575 1425//2575
f 1404//2576 1402//2576 1424//2576
f 1404//2577 1424//2577 1426//2577
f 1405//2578 1403//2578 1425//2578
f 1405//2579 1425//2579 1412//2579
f 1406//2580 1378//2580 1414//2580
f 1380//2581 1404//2581 1426//2581
f 1422//2582 1420//2582 1427//2582
f 1422//2583 1427//2583 1428//2583
f 1423//2584 1421//2584 1429//2584
f 1423//2585 1429//2585 1430//2585
f 1424//2586 1422//2586 1428//2586
f 1424//2587 1428//2587 1431//2587
f 1425//2588 1423//2588 1430//2588
f 1425//2589 1430//2589 1432//2589
f 1426//2590 1424//2590 1431//2590
f 1426//2591 1431//2591 1433//2591
f 1412//2592 1425//2592 1432//2592
f 1412//2593 1432//2593 1434//2593
f 1414//2594 1378//2594 1435//2594
f 1380//2595 1426//2595 1433//2595
f 1413//2596 1412//2596 1434//2596
f 1413//2597 1434//2597 1436//2597
f 1415//2598 1414//2598 1435//2598
f 1415//2599 1435//2599 1437//2599
f 1416//2600 1413//2600 1436//2600
f 1416//2601 1436//2601 1438//2601
f 1417//2602 1415//2602 1437//2602
f 1417//2603 1437//2603 1439//2603
f 1418//2604 1416//2604 1438//2604
f 1418//2605 1438//2605 1440//2605
f 1419//2606 1417//2606 1439//2606
f 1419//2607 1439//2607 1441//2607
f 1420//2608 1418//2608 1440//2608
f 1420//2609 1440//2609 1427//2609
f 1421//2610 1419//2610 1441//2610
f 1421//2611 1441//2611 1429//2611
f 1438//2612 1436//2612 1442//2612
f 1438//2613 1442//2613 1443//2613
f 1439//2614 1437//2614 1444//2614
f 1439//2615 1444//2615 1445//2615
f 1440//2616 1438//2616 1443//2616
f 1440//2617 1443//2617 1446//2617
f 1441//2618 1439//2618 1445//2618
f 1441//2619 1445//2619 1447//2619
f 1427//2620 1440//2620 1446//2620
f 1427//2621 1446//2621 1448//2621
f 1429//2622 1441//2622 1447//2622
f 1429//2623 1447//2623 1449//2623
f 1428//2624 1427//2624 1448//2624
f 1428//2625 1448//2625 1450//2625
f 1430//2626 1429//2626 1449//2626
f 1430//2627 1449//2627 1451//2627
f 1431//2628 1428//2628 1450//2628
f 1431//2629 1450//2629 1452//2629
f 1432//2630 1430//2630 1451//2630
f 1432//2631 1451//2631 1453//2631
f 1433//2632 1431//2632 1452//2632
f 1433//2633 1452//2633 1454//2633
f 1434//2634 1432//2634 1453//2634
f 1434//2635 1453//2635 1455//2635
f 1435//2636 1378//2636 1456//2636
f 1380//2637 1433//2637 1454//2637
f 1436//2638 1434//2638 1455//2638
f 1436//2639 1455//2639 1442//2639
f 1437//2640 1435//2640 1456//2640
f 1437//2640 1456//2640 1444//2640
f 1452//2641 1450//2641 1457//2641
f 1452//2642 1457//2642 1458//2642
f 1453//2643 1451//2643 1459//2643
f 1453//2644 1459//2644 1460//2644
f 1454//2645 1452//2645 1458//2645
f 1454//2646 1458//2646 1461//2646
f 1455//2647 1453//2647 1460//2647
f 1455//2648 1460//2648 1462//2648
f 1456//2649 1378//2649 1463//2649
f 1380//2650 1454//2650 1461//2650
f 1442//2651 1455//2651 1462//2651
f 1442//2652 1462//2652 1464//2652
f 1444//2653 1456//2653 1463//2653
f 1444//2654 1463//2654 1465//2654
f 1443//2655 1442//2655 1464//2655
f 1443//2656 1464//2656 1466//2656
f 1445//2657 1444//2657 1465//2657
f 1445//2658 1465//2658 1467//2658
f 1446//2659 1443//2659 1466//2659
f 1446//2660 1466//2660 1468//2660
f 1447//2661 1445//2661 1467//2661
f 1447//2662 1467//2662 1469//2662
f 1448//2663 1446//2663 1468//2663
f 1448//2664 1468//2664 1470//2664
f 1449//2665 1447//2665 1469//2665
f 1449//2666 1469//2666 1471//2666
f 1450//2667 1448//2667 1470//2667
f 1450//2668 1470//2668 1457//2668
f 1451//2669 1449//2669 1471//2669
f 1451//2670 1471//2670 1459//2670
f 1467//2671 1465//2671 1472//2671
f 1467//2672 1472//2672 1473//2672
f 1468//2673 1466//2673 1474//2673
f 1468//2674 1474//2674 1475//2674
f 1469//2675 1467//2675 1473//2675
f 1469//2676 1473//2676 1476//2676
f 1470//2677 1468//2677 1475//2677
f 1470//2678 1475//2678 1477//2678
f 1471//2679 1469//2679 1476//2679
f 1471//2680 1476//2680 1478//2680
f 1457//2681 1470//2681 1477//2681
f 1457//2682 1477//2682 1479//2682
f 1459//2683 1471//2683 1478//2683
f 1459//2684 1478//2684 1480//2684
f 1458//2685 1457//2685 1479//2685
f 1458//2686 1479//2686 1481//2686
f 1460//2687 1459//2687 1480//2687
f 1460//2688 1480//2688 1482//2688
f 1461//2689 1458//2689 1481//2689
f 1461//2690 1481//2690 1483//2690
f 1462//2691 1460//2691 1482//2691
f 1462//2692 1482//2692 1484//2692
f 1463//2693 1378//2693 1485//2693
f 1380//2694 1461//2694 1483//2694
f 1464//2695 1462//2695 1484//2695
f 1464//2696 1484//2696 1486//2696
f 1465//2697 1463//2697 1485//2697
f 1465//2698 1485//2698 1472//2698
f 1466//2699 1464//2699 1486//2699
f 1466//2700 1486//2700 1474//2700
f 1482//2701 1480//2701 1487//2701
f 1482//2702 1487//2702 1488//2702
f 1483//2703 1481//2703 1489//2703
f 1483//2704 1489//2704 1490//2704
f 1484//2705 1482//2705 1488//2705
f 1484//2706 1488//2706 1491//2706
f 1485//2707 1378//2707 1492//2707
f 1380//2708 1483//2708 1490//2708
f 1486//2709 1484//2709 1491//2709
f 1486//2710 1491//2710 1493//2710
f 1472//2711 1485//2711 1492//2711
f 1472//2712 1492//2712 1494//2712
f 1474//2713 1486//2713 1493//2713
f 1474//2714 1493//2714 1495//2714
f 1473//2715 1472//2715 1494//2715
f 1473//2716 1494//2716 1496//2716
f 1475//2717 1474//2717 1495//2717
f 1475//2718 1495//2718 1497//2718
f 1476//2719 1473//2719 1496//2719
f 1476//2720 1496//2720 1498//2720
f 1477//2721 1475//2721 1497//2721
f 1477//2722 1497//2722 1499//2722
f 1478//2723 1476//2723 1498//2723
f 1478//2724 1498//2724 1500//2724
f 1479//2725 1477//2725 1499//2725
f 1479//2726 1499//2726 1501//2726
f 1480//2727 1478//2727 1500//2727
f 1480//2728 1500//2728 1487//2728
f 1481//2729 1479//2729 1501//2729
f 1481//2730 1501//2730 1489//2730
f 1497//2731 1495//2731 1502//2731
f 1497//2732 1502//2732 1503//2732
f 1498//2733 1496//2733 1504//2733
f 1498//2734 1504//2734 1505//2734
f 1499//2735 1497//2735 1503//2735
f 1499//2736 1503//2736 1506//2736
f 1500//2737 1498//2737 1505//2737
f 1500//2738 1505//2738 1507//2738
f 1501//2739 1499//2739 1506//2739
f 1501//2740 1506//2740 1508//2740
f 1487//2741 1500//2741 1507//2741
f 1487//2742 1507//2742 1509//2742
f 1489//2743 1501//2743 1508//2743
f 1489//2744 1508//2744 1510//2744
f 1488//2745 1487//2745 1509//2745
f 1488//2746 1509//2746 1511//2746
f 1490//2747 1489//2747 1510//2747
f 1490//2748 1510//2748 1512//2748
f 1491//2749 1488//2749 1511//2749
f 1491//2750 1511//2750 1513//2750
f 1492//2751 1378//2751 1514//2751
f 1380//2752 1490//2752 1512//2752
f 1493//2753 1491//2753 1513//2753
f 1493//2754 1513//2754 1515//2754
f 1494//2755 1492//2755 1514//2755
f 1494//2756 1514//2756 1516//2756
f 1495//2757 1493//2757 1515//2757
f 1495//2758 1515//2758 1502//2758
f 1496//2759 1494//2759 1516//2759
f 1496//2760 1516//2760 1504//2760
f 1512//2761 1510//2761 1517//2761
f 1512//2762 1517//2762 1518//2762
f 1513//2763 1511//2763 1519//2763
f 1513//2764 1519//2764 1520//2764
f 1514//2765 1378//2765 1521//2765
f 1380//2766 1512//2766 1518//2766
f 1515//2767 1513//2767 1520//2767
f 1515//2768 1520//2768 1522//2768
f 1516//2769 1514//2769 1521//2769
f 1516//2770 1521//2770 1523//2770
f 1502//2771 1515//2771 1522//2771
f 1502//2772 1522//2772 1524//2772
f 1504//2773 1516//2773 1523//2773
f 1504//2774 1523//2774 1525//2774
f 1503//2775 1502//2775 1524//2775
f 1503//2776 1524//2776 1526//2776
f 1505//2777 1504//2777 1525//2777
f 1505//2778 1525//2778 1527//2778
f 1506//2779 1503//2779 1526//2779
f 1506//2780 1526//2780 1528//2780
f 1507//2781 1505//2781 1527//2781
f 1507//2782 1527//2782 1529//2782
f 1508//2783 1506//2783 1528//2783
f 1508//2784 1528//2784 1530//2784
f 1509//2785 1507//2785 1529//2785
f 1509//2786 1529//2786 1531//2786
f 1510//2787 1508//2787 1530//2787
f 1510//2788 1530//2788 1517//2788
f 1511//2789 1509//2789 1531//2789
f 1511//2790 1531//2790 1519//2790
f 1527//2791 1525//2791 1532//2791
f 1527//2792 1532//2792 1533//2792
f 1528//2793 1526//2793 1534//2793
f 1528//2794 1534//2794 1535//2794
f 1529//2795 1527//2795 1533//2795
f 1529//2796 1533//2796 1536//2796
f 1530//2797 1528//2797 1535//2797
f 1530//2798 1535//2798 1537//2798
f 1531//2799 1529//2799 1536//2799
f 1531//2800 1536//2800 1538//2800
f 1517//2801 1530//2801 1537//2801
f 1517//2802 1537//2802 1539//2802
f 1519//2803 1531//2803 1538//2803
f 1519//2804 1538//2804 1540//2804
f 1518//2805 1517//2805 1539//2805
f 1518//2806 1539//2806 1541//2806
f 1520//2807 1519//2807 1540//2807
f 1520//2808 1540//2808 1542//2808
f 1521//2809 1378//2809 1543//2809
f 1380//2810 1518//2810 1541//2810
f 1522//2811 1520//2811 1542//2811
f 1522//2812 1542//2812 1544//2812
f 1523//2813 1521//2813 1543//2813
f 1523//2814 1543//2814 1545//2814
f 1524//2815 1522//2815 1544//2815
f 1524//2816 1544//2816 1546//2816
f 1525//2817 1523//2817 1545//2817
f 1525//2818 1545//2818 1532//2818
f 1526//2819 1524//2819 1546//2819
f 1526//2820 1546//2820 1534//2820
f 1542//2821 1540//2821 1547//2821
f 1542//2822 1547//2822 1548//2822
f 1543//2823 1378//2823 1549//2823
f 1380//2824 1541//2824 1550//2824
f 1544//2825 1542//2825 1548//2825
f 1544//2826 1548//2826 1551//2826
f 1545//2827 1543//2827 1549//2827
f 1545//2828 1549//2828 1552//2828
f 1546//2829 1544//2829 1551//2829
f 1546//2830 1551//2830 1553//2830
f 1532//2831 1545//2831 1552//2831
f 1532//2832 1552//2832 1554//2832
f 1534//2833 1546//2833 1553//2833
f 1534//2834 1553//2834 1555//2834
f 1533//2835 1532//2835 1554//2835
f 1533//2836 1554//2836 1556//2836
f 1535//2837 1534//2837 1555//2837
f 1535//2838 1555//2838 1557//2838
f 1536//2839 1533//2839 1556//2839
f 1536//2840 1556//2840 1558//2840
f 1537//2841 1535//2841 1557//2841
f 1537//2842 1557//2842 1559//2842
f 1538//2843 1536//2843 1558//2843
f 1538//2844 1558//2844 1560//2844
f 1539//2845 1537//2845 1559//2845
f 1539//2846 1559//2846 1561//2846
f 1540//2847 1538//2847 1560//2847
f 1540//2848 1560//2848 1547//2848
f 1541//2849 1539//2849 1561//2849
f 1541//2850 1561//2850 1550//2850
f 1557//2851 1555//2851 1562//2851
f 1557//2852 1562//2852 1563//2852
f 1558//2853 1556//2853 1564//2853
f 1558//2854 1564//2854 1565//2854
f 1559//2855 1557//2855 1563//2855
f 1559//2856 1563//2856 1566//2856
f 1560//2857 1558//2857 1565//2857
f 1560//2858 1565//2858 1567//2858
f 1561//2859 1559//2859 1566//2859
f 1561//2860 1566//2860 1568//2860
f 1547//2861 1560//2861 1567//2861
f 1547//2862 1567//2862 1569//2862
f 1550//2863 1561//2863 1568//2863
f 1550//2864 1568//2864 1570//2864
f 1548//2865 1547//2865 1569//2865
f 1548//2866 1569//2866 1571//2866
f 1549//2867 1378//2867 1572//2867
f 1380//2868 1550//2868 1570//2868
f 1551//2869 1548//2869 1571//2869
f 1551//2870 1571//2870 1573//2870
f 1552//2871 1549//2871 1572//2871
f 1552//2872 1572//2872 1574//2872
f 1553//2873 1551//2873 1573//2873
f 1553//2874 1573//2874 1575//2874
f 1554//2875 1552//2875 1574//2875
f 1554//2876 1574//2876 1576//2876
f 1555//2877 1553//2877 1575//2877
f 1555//2878 1575//2878 1562//2878
f 1556//2879 1554//2879 1576//2879
f 1556//2880 1576//2880 1564//2880
f 1380//2881 1570//2881 1577//2881
f 1573//2882 1571//2882 1578//2882
f 1573//2883 1578//2883 1579//2883
f 1574//2884 1572//2884 1580//2884
f 1574//2885 1580//2885 1581//2885
f 1575//2886 1573//2886 1579//2886
f 1575//2887 1579//2887 1582//2887
f 1576//2888 1574//2888 1581//2888
f 1576//2889 1581//2889 1583//2889
f 1562//2890 1575//2890 1582//2890
f 1562//2891 1582//2891 1584//2891
f 1564//2892 1576//2892 1583//2892
f 1564//2893 1583//2893 1585//2893
f 1563//2894 1562//2894 1584//2894
f 1563//2895 1584//2895 1586//2895
f 1565//2896 1564//2896 1585//2896
f 1565//2897 1585//2897 1587//2897
f 1566//2898 1563//2898 1586//2898
f 1566//2899 1586//2899 1588//2899
f 1567//2900 1565//2900 1587//2900
f 1567//2901 1587//2901 1589//2901
f 1568//2902 1566//2902 1588//2902
f 1568//2903 1588//2903 1590//2903
f 1569//2904 1567//2904 1589//2904
f 1569//2905 1589//2905 1591//2905
f 1570//2906 1568//2906 1590//2906
f 1570//2907 1590//2907 1577//2907
f 1571//2908 1569//2908 1591//2908
f 1571//2909 1591//2909 1578//2909
f 1572//2910 1378//2910 1580//2910
f 1588//2911 1586//2911 1592//2911
f 1588//2912 1592//2912 1593//2912
f 1589//2913 1587//2913 1594//2913
f 1589//2914 1594//2914 1595//2914
f 1590//2915 1588//2915 1593//2915
f 1590//2916 1593//2916 1596//2916
f 1591//2917 1589//2917 1595//2917
f 1591//2918 1595//2918 1597//2918
f 1577//2919 1590//2919 1596//2919
f 1577//2920 1596//2920 1598//2920
f 1578//2921 1591//2921 1597//2921
f 1578//2922 1597//2922 1599//2922
f 1580//2923 1378//2923 1600//2923
f 1380//2924 1577//2924 1598//2924
f 1579//2925 1578//2925 1599//2925
f 1579//2926 1599//2926 1601//2926
f 1581//2927 1580//2927 1600//2927
f 1581//2928 1600//2928 1602//2928
f 1582//2929 1579//2929 1601//2929
f 1582//2930 1601//2930 1603//2930
f 1583//2931 1581//2931 1602//2931
f 1583//2932 1602//2932 1604//2932
f 1584//2933 1582//2933 1603//2933
f 1584//2934 1603//2934 1605//2934
f 1585//2935 1583//2935 1604//2935
f 1585//2936 1604//2936 1606//2936
f 1586//2937 1584//2937 1605//2937
f 1586//2938 1605//2938 1592//2938
f 1587//2939 1585//2939 1606//2939
f 1587//2940 1606//2940 1594//2940
f 1602//2941 1600//2941 1607//2941
f 1602//2942 1607//2942 1608//2942
f 1603//2943 1601//2943 1609//2943
f 1603//2944 1609//2944 1610//2944
f 1604//2945 1602//2945 1608//2945
f 1604//2946 1608//2946 1611//2946
f 1605//2947 1603//2947 1610//2947
f 1605//2948 1610//2948 1612//2948
f 1606//2949 1604//2949 1611//2949
f 1606//2950 1611//2950 1613//2950
f 1592//2951 1605//2951 1612//2951
f 1592//2952 1612//2952 1614//2952
f 1594//2953 1606//2953 1613//2953
f 1594//2954 1613//2954 1615//2954
f 1593//2955 1592//2955 1614//2955
f 1593//2956 1614//2956 1616//2956
f 1595//2957 1594//2957 1615//2957
f 1595//2958 1615//2958 1617//2958
f 1596//2959 1593//2959 1616//2959
f 1596//2960 1616//2960 1618//2960
f 1597//2961 1595//2961 1617//2961
f 1597//2962 1617//2962 1619//2962
f 1598//2963 1596//2963 1618//2963
f 1598//2964 1618//2964 1620//2964
f 1599//2965 1597//2965 1619//2965
f 1599//2966 1619//2966 1621//2966
f 1600//2967 1378//2967 1607//2967
f 1380//2968 1598//2968 1620//2968
f 1601//2969 1599//2969 1621//2969
f 1601//2970 1621//2970 1609//2970
f 1617//2971 1615//2971 1622//2971
f 1617//2972 1622//2972 1623//2972
f 1618//2973 1616//2973 1624//2973
f 1618//2974 1624//2974 1625//2974
f 1619//2975 1617//2975 1623//2975
f 1619//2976 1623//2976 1626//2976
f 1620//2977 1618//2977 1625//2977
f 1620//2978 1625//2978 1627//2978
f 1621//2979 1619//2979 1626//2979
f 1621//2980 1626//2980 1628//2980
f 1607//2981 1378//2981 1629//2981
f 1380//2982 1620//2982 1627//2982
f 1609//2983 1621//2983 1628//2983
f 1609//2984 1628//2984 1630//2984
f 1608//2985 1607//2985 1629//2985
f 1608//2986 1629//2986 1631//2986
f 1610//2987 1609//2987 1630//2987
f 1610//2988 1630//2988 1632//2988
f 1611//2989 1608//2989 1631//2989
f 1611//2990 1631//2990 1633//2990
f 1612//2991 1610//2991 1632//2991
f 1612//2992 1632//2992 1634//2992
f 1613//2993 1611//2993 1633//2993
f 1613//2994 1633//2994 1635//2994
f 1614//2995 1612//2995 1634//2995
f 1614//2996 1634//2996 1636//2996
f 1615//2997 1613//2997 1635//2997
f 1615//2998 1635//2998 1622//2998
f 1616//2999 1614//2999 1636//2999
f 1616//3000 1636//3000 1624//3000
f 1632//3001 1630//3001 1637//3001
f 1632//3002 1637//3002 1638//3002
f 1633//3003 1631//3003 1639//3003
f 1633//3004 1639//3004 1640//3004
f 1634//3005 1632//3005 1638//3005
f 1634//3006 1638//3006 1641//3006
f 1635//3007 1633//3007 1640//3007
f 1635//3008 1640//3008 1642//3008
f 1636//3009 1634//3009 1641//3009
f 1636//3010 1641//3010 1643//3010
f 1622//3011 1635//3011 1642//3011
f 1622//3012 1642//3012 1644//3012
f 1624//3013 1636//3013 1643//3013
f 1624//3014 1643//3014 1645//3014
f 1623//3015 1622//3015 1644//3015
f 1623//3016 1644//3016 1646//3016
f 1625//3017 1624//3017 1645//3017
f 1625//3018 1645//3018 1647//3018
f 1626//3019 1623//3019 1646//3019
f 1626//3020 1646//3020 1648//3020
f 1627//3021 1625//3021 1647//3021
f 1627//3022 1647//3022 1649//3022
f 1628//3023 1626//3023 1648//3023
f 1628//3024 1648//3024 1650//3024
f 1629//3025 1378//3025 1651//3025
f 1380//3026 1627//3026 1649//3026
f 1630//3027 1628//3027 1650//3027
f 1630//3028 1650//3028 1637//3028
f 1631//3029 1629//3029 1651//3029
f 1631//3030 1651//3030 1639//3030
f 1647//3031 1645//3031 1652//3031
f 1647//3032 1652//3032 1653//3032
f 1648//3033 1646//3033 1654//3033
f 1648//3034 1654//3034 1655//3034
f 1649//3035 1647//3035 1653//3035
f 1649//3036 1653//3036 1656//3036
f 1650//3037 1648//3037 1655//3037
f 1650//3038 1655//3038 1657//3038
f 1651//3039 1378//3039 1658//3039
f 1380//3040 1649//3040 1656//3040
f 1637//3041 1650//3041 1657//3041
f 1637//3042 1657//3042 1659//3042
f 1639//3043 1651//3043 1658//3043
f 1639//3044 1658//3044 1660//3044
f 1638//3045 1637//3045 1659//3045
f 1638//3046 1659//3046 1661//3046
f 1640//3047 1639//3047 1660//3047
f 1640//3048 1660//3048 1662//3048
f 1641//3049 1638//3049 1661//3049
f 1641//3050 1661//3050 1663//3050
f 1642//3051 1640//3051 1662//3051
f 1642//3052 1662//3052 1664//3052
f 1643//3053 1641//3053 1663//3053
f 1643//3054 1663//3054 1665//3054
f 1644//3055 1642//3055 1664//3055
f 1644//3056 1664//3056 1666//3056
f 1645//3057 1643//3057 1665//3057
f 1645//3058 1665//3058 1652//3058
f 1646//3059 1644//3059 1666//3059
f 1646//3060 1666//3060 1654//3060
f 1662//3061 1660//3061 1667//3061
f 1662//3062 1667//3062 1668//3062
f 1663//3063 1661//3063 1669//3063
f 1663//3064 1669//3064 1670//3064
f 1664//3065 1662//3065 1668//3065
f 1664//3066 1668//3066 1671//3066
f 1665//3067 1663//3067 1670//3067
f 1665//3068 1670//3068 1672//3068
f 1666//3069 1664//3069 1671//3069
f 1666//3070 1671//3070 1673//3070
f 1652//3071 1665//3071 1672//3071
f 1652//3072 1672//3072 1674//3072
f 1654//3073 1666//3073 1673//3073
f 1654//3074 1673//3074 1675//3074
f 1653//3075 1652//3075 1674//3075
f 1653//3076 1674//3076 1676//3076
f 1655//3077 1654//3077 1675//3077
f 1655//3078 1675//3078 1677//3078
f 1656//3079 1653//3079 1676//3079
f 1656//3080 1676//3080 1678//3080
f 1657//3081 1655//3081 1677//3081
f 1657//3082 1677//3082 1679//3082
f 1658//3083 1378//3083 1680//3083
f 1380//3084 1656//3084 1678//3084
f 1659//3085 1657//3085 1679//3085
f 1659//3086 1679//3086 1681//3086
f 1660//3087 1658//3087 1680//3087
f 1660//3088 1680//3088 1667//3088
f 1661//3089 1659//3089 1681//3089
f 1661//3090 1681//3090 1669//3090
f 1677//3091 1675//3091 1682//3091
f 1677//3092 1682//3092 1683//3092
f 1678//3093 1676//3093 1684//3093
f 1678//3094 1684//3094 1685//3094
f 1679//3095 1677//3095 1683//3095
f 1679//3096 1683//3096 1686//3096
f 1680//3097 1378//3097 1687//3097
f 1380//3098 1678//3098 1685//3098
f 1681//3099 1679//3099 1686//3099
f 1681//3100 1686//3100 1688//3100
f 1667//3101 1680//3101 1687//3101
f 1667//3102 1687//3102 1689//3102
f 1669//3103 1681//3103 1688//3103
f 1669//3104 1688//3104 1690//3104
f 1668//3105 1667//3105 1689//3105
f 1668//3106 1689//3106 1691//3106
f 1670//3107 1669//3107 1690//3107
f 1670//3108 1690//3108 1692//3108
f 1671//3109 1668//3109 1691//3109
f 1671//3110 1691//3110 1693//3110
f 1672//3111 1670//3111 1692//3111
f 1672//3112 1692//3112 1694//3112
f 1673//3113 1671//3113 1693//3113
f 1673//3114 1693//3114 1695//3114
f 1674//3115 1672//3115 1694//3115
f 1674//3116 1694//3116 1696//3116
f 1675//3117 1673//3117 1695//3117
f 1675//3118 1695//3118 1682//3118
f 1676//3119 1674//3119 1696//3119
f 1676//3120 1696//3120 1684//3120
f 1692//3121 1690//3121 1697//3121
f 1692//3122 1697//3122 1698//3122
f 1693//3123 1691//3123 1699//3123
f 1693//3124 1699//3124 1700//3124
f 1694//3125 1692//3125 1698//3125
f 1694//3126 1698//3126 1701//3126
f 1695//3127 1693//3127 1700//3127
f 1695//3128 1700//3128 1702//3128
f 1696//3129 1694//3129 1701//3129
f 1696//3130 1701//3130 1703//3130
f 1682//3131 1695//3131 1702//3131
f 1682//3132 1702//3132 1704//3132
f 1684//3133 1696//3133 1703//3133
f 1684//3134 1703//3134 1705//3134
f 1683//3135 1682//3135 1704//3135
f 1683//3136 1704//3136 1706//3136
f 1685//3137 1684//3137 1705//3137
f 1685//3138 1705//3138 1707//3138
f 1686//3139 1683//3139 1706//3139
f 1686//3140 1706//3140 1708//3140
f 1687//3141 1378//3141 1709//3141
f 1380//3142 1685//3142 1707//3142
f 1688//3143 1686//3143 1708//3143
f 1688//3144 1708//3144 1710//3144
f 1689//3145 1687//3145 1709//3145
f 1689//3146 1709//3146 1711//3146
f 1690//3147 1688//3147 1710//3147
f 1690//3148 1710//3148 1697//3148
f 1691//3149 1689//3149 1711//3149
f 1691//3150 1711//3150 1699//3150
f 1707//3151 1705//3151 1712//3151
f 1707//3152 1712//3152 1713//3152
f 1708//3153 1706//3153 1714//3153
f 1708//3154 1714//3154 1715//3154
f 1709//3155 1378//3155 1716//3155
f 1380//3156 1707//3156 1713//3156
f 1710//3157 1708//3157 1715//3157
f 1710//3158 1715//3158 1717//3158
f 1711//3159 1709//3159 1716//3159
f 1711//3160 1716//3160 1718//3160
f 1697//3161 1710//3161 1717//3161
f 1697//3162 1717//3162 1719//3162
f 1699//3163 1711//3163 1718//3163
f 1699//3164 1718//3164 1720//3164
f 1698//3165 1697//3165 1719//3165
f 1698//3166 1719//3166 1721//3166
f 1700//3167 1699//3167 1720//3167
f 1700//3168 1720//3168 1722//3168
f 1701//3169 1698//3169 1721//3169
f 1701//3170 1721//3170 1723//3170
f 1702//3171 1700//3171 1722//3171
f 1702//3172 1722//3172 1724//3172
f 1703//3173 1701//3173 1723//3173
f 1703//3174 1723//3174 1725//3174
f 1704//3175 1702//3175 1724//3175
f 1704//3176 1724//3176 1726//3176
f 1705//3177 1703//3177 1725//3177
f 1705//3178 1725//3178 1712//3178
f 1706//3179 1704//3179 1726//3179
f 1706//3180 1726//3180 1714//3180
f 1723//3181 1721//3181 1727//3181
f 1723//3182 1727//3182 1728//3182
f 1724//3183 1722//3183 1729//3183
f 1724//3184 1729//3184 1730//3184
f 1725//3185 1723//3185 1728//3185
f 1725//3186 1728//3186 1731//3186
f 1726//3187 1724//3187 1730//3187
f 1726//3188 1730//3188 1732//3188
f 1712//3189 1725//3189 1731//3189
f 1712//3190 1731//3190 1733//3190
f 1714//3191 1726//3191 1732//3191
f 1714//3192 1732//3192 1734//3192
f 1713//3193 1712//3193 1733//3193
f 1713//3194 1733//3194 1735//3194
f 1715//3195 1714//3195 1734//3195
f 1715//3196 1734//3196 1736//3196
f 1716//3197 1378//3197 1737//3197
f 1380//3198 1713//3198 1735//3198
f 1717//3199 1715//3199 1736//3199
f 1717//3200 1736//3200 1738//3200
f 1718//3201 1716//3201 1737//3201
f 1718//3202 1737//3202 1739//3202
f 1719//3203 1717//3203 1738//3203
f 1719//3204 1738//3204 1740//3204
f 1720//3205 1718//3205 1739//3205
f 1720//3206 1739//3206 1741//3206
f 1721//3207 1719//3207 1740//3207
f 1721//3208 1740//3208 1727//3208
f 1722//3209 1720//3209 1741//3209
f 1722//3210 1741//3210 1729//3210
f 1737//3211 1378//3211 1742//3211
f 1380//3212 1735//3212 1743//3212
f 1738//3213 1736//3213 1744//3213
f 1738//3214 1744//3214 1745//3214
f 1739//3215 1737//3215 1742//3215
f 1739//3216 1742//3216 1746//3216
f 1740//3217 1738//3217 1745//3217
f 1740//3218 1745//3218 1747//3218
f 1741//3219 1739//3219 1746//3219
f 1741//3220 1746//3220 1748//3220
f 1727//3221 1740//3221 1747//3221
f 1727//3222 1747//3222 1749//3222
f 1729//3223 1741//3223 1748//3223
f 1729//3224 1748//3224 1750//3224
f 1728//3225 1727//3225 1749//3225
f 1728//3226 1749//3226 1751//3226
f 1730//3227 1729//3227 1750//3227
f 1730//3228 1750//3228 1752//3228
f 1731//3229 1728//3229 1751//3229
f 1731//3230 1751//3230 1753//3230
f 1732//3231 1730//3231 1752//3231
f 1732//3232 1752//3232 1754//3232
f 1733//3233 1731//3233 1753//3233
f 1733//3234 1753//3234 1755//3234
f 1734//3235 1732//3235 1754//3235
f 1734//3236 1754//3236 1756//3236
f 1735//3237 1733//3237 1755//3237
f 1735//3238 1755//3238 1743//3238
f 1736//3239 1734//3239 1756//3239
f 1736//3240 1756//3240 1744//3240
f 1752//3241 1750//3241 1757//3241
f 1752//3242 1757//3242 1758//3242
f 1753//3243 1751//3243 1759//3243
f 1753//3244 1759//3244 1760//3244
f 1754//3245 1752//3245 1758//3245
f 1754//3246 1758//3246 1761//3246
f 1755//3247 1753//3247 1760//3247
f 1755//3248 1760//3248 1762//3248
f 1756//3249 1754//3249 1761//3249
f 1756//3250 1761//3250 1763//3250
f 1743//3251 1755//3251 1762//3251
f 1743//3252 1762//3252 1764//3252
f 1744//3253 1756//3253 1763//3253
f 1744//3254 1763//3254 1765//3254
f 1742//3255 1378//3255 1766//3255
f 1380//3256 1743//3256 1764//3256
f 1745//3257 1744//3257 1765//3257
f 1745//3258 1765//3258 1767//3258
f 1746//3259 1742//3259 1766//3259
f 1746//3260 1766//3260 1768//3260
f 1747//3261 1745//3261 1767//3261
f 1747//3262 1767//3262 1769//3262
f 1748//3263 1746//3263 1768//3263
f 1748//3264 1768//3264 1770//3264
f 1749//3265 1747//3265 1769//3265
f 1749//3266 1769//3266 1771//3266
f 1750//3267 1748//3267 1770//3267
f 1750//3268 1770//3268 1757//3268
f 1751//3269 1749//3269 1771//3269
f 1751//3270 1771//3270 1759//3270
f 1767//3271 1765//3271 1772//3271
f 1767//3272 1772//3272 1773//3272
f 1768//3273 1766//3273 1774//3273
f 1768//3274 1774//3274 1775//3274
f 1769//3275 1767//3275 1773//3275
f 1769//3276 1773//3276 1776//3276
f 1770//3277 1768//3277 1775//3277
f 1770//3278 1775//3278 1777//3278
f 1771//3279 1769//3279 1776//3279
f 1771//3280 1776//3280 1778//3280
f 1757//3281 1770//3281 1777//3281
f 1757//3282 1777//3282 1779//3282
f 1759//3283 1771//3283 1778//3283
f 1759//3284 1778//3284 1780//3284
f 1758//3285 1757//3285 1779//3285
f 1758//3286 1779//3286 1781//3286
f 1760//3287 1759//3287 1780//3287
f 1760//3288 1780//3288 1782//3288
f 1761//3289 1758//3289 1781//3289
f 1761//3290 1781//3290 1783//3290
f 1762//3291 1760//3291 1782//3291
f 1762//3292 1782//3292 1784//3292
f 1763//3293 1761//3293 1783//3293
f 1763//3294 1783//3294 1785//3294
f 1764//3295 1762//3295 1784//3295
f 1764//3296 1784//3296 1786//3296
f 1765//3297 1763//3297 1785//3297
f 1765//3298 1785//3298 1772//3298
f 1766//3299 1378//3299 1774//3299
f 1380//3300 1764//3300 1786//3300
f 1782//3301 1780//3301 1787//3301
f 1782//3302 1787//3302 1788//3302
f 1783//3303 1781//3303 1789//3303
f 1783//3304 1789//3304 1790//3304
f 1784//3305 1782//3305 1788//3305
f 1784//3306 1788//3306 1791//3306
f 1785//3307 1783//3307 1790//3307
f 1785//3308 1790//3308 1792//3308
f 1786//3309 1784//3309 1791//3309
f 1786//3310 1791//3310 1793//3310
f 1772//3311 1785//3311 1792//3311
f 1772//3312 1792//3312 1794//3312
f 1774//3313 1378//3313 1795//3313
f 1380//3314 1786//3314 1793//3314
f 1773//3315 1772//3315 1794//3315
f 1773//3316 1794//3316 1796//3316
f 1775//3317 1774//3317 1795//3317
f 1775//3318 1795//3318 1797//3318
f 1776//3319 1773//3319 1796//3319
f 1776//3320 1796//3320 1798//3320
f 1777//3321 1775//3321 1797//3321
f 1777//3322 1797//3322 1799//3322
f 1778//3323 1776//3323 1798//3323
f 1778//3324 1798//3324 1800//3324
f 1779//3325 1777//3325 1799//3325
f 1779//3326 1799//3326 1801//3326
f 1780//3327 1778//3327 1800//3327
f 1780//3328 1800//3328 1787//3328
f 1781//3329 1779//3329 1801//3329
f 1781//3330 1801//3330 1789//3330
f 1797//3331 1795//3331 1802//3331
f 1797//3332 1802//3332 1803//3332
f 1798//3333 1796//3333 1804//3333
f 1798//3334 1804//3334 1805//3334
f 1799//3335 1797//3335 1803//3335
f 1799//3336 1803//3336 1806//3336
f 1800//3337 1798//3337 1805//3337
f 1800//3338 1805//3338 1807//3338
f 1801//3339 1799//3339 1806//3339
f 1801//3340 1806//3340 1808//3340
f 1787//3341 1800//3341 1807//3341
f 1787//3342 1807//3342 1809//3342
f 1789//3343 1801//3343 1808//3343
f 1789//3344 1808//3344 1810//3344
f 1788//3345 1787//3345 1809//3345
f 1788//3346 1809//3346 1811//3346
f 1790//3347 1789//3347 1810//3347
f 1790//3348 1810//3348 1812//3348
f 1791//3349 1788//3349 1811//3349
f 1791//3350 1811//3350 1813//3350
f 1792//3351 1790//3351 1812//3351
f 1792//3352 1812//3352 1814//3352
f 1793//3353 1791//3353 1813//3353
f 1793//3354 1813//3354 1815//3354
f 1794//3355 1792//3355 1814//3355
f 1794//3356 1814//3356 1816//3356
f 1795//3357 1378//3357 1802//3357
f 1380//3358 1793//3358 1815//3358
f 1796//3359 1794//3359 1816//3359
f 1796//3360 1816//3360 1804//3360
f 1812//3361 1810//3361 1817//3361
f 1812//3362 1817//3362 1818//3362
f 1813//3363 1811//3363 1819//3363
f 1813//3364 1819//3364 1820//3364
f 1814//3365 1812//3365 1818//3365
f 1814//3366 1818//3366 1821//3366
f 1815//3367 1813//3367 1820//3367
f 1815//3368 1820//3368 1822//3368
f 1816//3369 1814//3369 1821//3369
f 1816//3370 1821//3370 1823//3370
f 1802//3371 1378//3371 1824//3371
f 1380//3372 1815//3372 1822//3372
f 1804//3373 1816//3373 1823//3373
f 1804//3374 1823//3374 1825//3374
f 1803//3375 1802//3375 1824//3375
f 1803//3376 1824//3376 1826//3376
f 1805//3377 1804//3377 1825//3377
f 1805//3378 1825//3378 1827//3378
f 1806//3379 1803//3379 1826//3379
f 1806//3380 1826//3380 1828//3380
f 1807//3381 1805//3381 1827//3381
f 1807//3382 1827//3382 1829//3382
f 1808//3383 1806//3383 1828//3383
f 1808//3384 1828//3384 1830//3384
f 1809//3385 1807//3385 1829//3385
f 1809//3386 1829//3386 1831//3386
f 1810//3387 1808//3387 1830//3387
f 1810//3388 1830//3388 1817//3388
f 1811//3389 1809//3389 1831//3389
f 1811//3390 1831//3390 1819//3390
f 1827//3391 1825//3391 1832//3391
f 1827//3392 1832//3392 1833//3392
f 1828//3393 1826//3393 1834//3393
f 1828//3394 1834//3394 1835//3394
f 1829//3395 1827//3395 1833//3395
f 1829//3396 1833//3396 1836//3396
f 1830//3397 1828//3397 1835//3397
f 1830//3398 1835//3398 1837//3398
f 1831//3399 1829//3399 1836//3399
f 1831//3400 1836//3400 1838//3400
f 1817//3401 1830//3401 1837//3401
f 1817//3402 1837//3402 1839//3402
f 1819//3403 1831//3403 1838//3403
f 1819//3404 1838//3404 1840//3404
f 1818//3405 1817//3405 1839//3405
f 1818//3406 1839//3406 1841//3406
f 1820//3407 1819//3407 1840//3407
f 1820//3408 1840//3408 1842//3408
f 1821//3409 1818//3409 1841//3409
f 1821//3410 1841//3410 1843//3410
f 1822//3411 1820//3411 1842//3411
f 1822//3412 1842//3412 1844//3412
f 1823//3413 1821//3413 1843//3413
f 1823//3414 1843//3414 1845//3414
f 1824//3415 1378//3415 1846//3415
f 1380//3416 1822//3416 1844//3416
f 1825//3417 1823//3417 1845//3417
f 1825//3418 1845//3418 1832//3418
f 1826//3419 1824//3419 1846//3419
f 1826//3420 1846//3420 1834//3420
f 1842//3421 1840//3421 1366//3421
f 1842//3422 1366//3422 1365//3422
f 1843//3423 1841//3423 1370//3423
f 1843//3424 1370//3424 1369//3424
f 1844//3425 1842//3425 1365//3425
f 1844//3426 1365//3426 1373//3426
f 1845//3427 1843//3427 1369//3427
f 1845//3428 1369//3428 1375//3428
f 1846//3429 1378//3429 1377//3429
f 1380//3430 1844//3430 1373//3430
f 1832//3431 1845//3431 1375//3431
f 1832//3432 1375//3432 1381//3432
f 1834//3433 1846//3433 1377//3433
f 1834//3434 1377//3434 1383//3434
f 1833//3435 1832//3435 1381//3435
f 1833//3436 1381//3436 1385//3436
f 1835//3437 1834//3437 1383//3437
f 1835//3438 1383//3438 1387//3438
f 1836//3439 1833//3439 1385//3439
f 1836//3440 1385//3440 1389//3440
f 1837//3441 1835//3441 1387//3441
f 1837//3442 1387//3442 1391//3442
f 1838//3443 1836//3443 1389//3443
f 1838//3444 1389//3444 1393//3444
f 1839//3445 1837//3445 1391//3445
f 1839//3446 1391//3446 1395//3446
f 1840//3447 1838//3447 1393//3447
f 1840//3448 1393//3448 1366//3448
f 1841//3449 1839//3449 1395//3449
f 1841//3450 1395//3450 1370//3450
f 1847//3451 1848//3451 1849//3451
f 1847//3452 1849//3452 1850//3452
f 1851//2494 1852//2494 1853//2494
f 1851//3453 1853//3453 1854//3453
f 1855//3454 1847//3454 1850//3454
f 1855//3455 1850//3455 1856//3455
f 1857//3456 1851//3456 1854//3456
f 1857//3457 1854//3457 1858//3457
f 1859//3458 1860//3458 1861//3458
f 1862//3459 1855//3459 1856//3459
f 1863//3460 1857//3460 1858//3460
f 1863//3461 1858//3461 1864//3461
f 1865//3462 1859//3462 1861//3462
f 1865//2505 1861//2505 1866//2505
f 1867//3463 1863//3463 1864//3463
f 1867//3464 1864//3464 1868//3464
f 1869//3465 1865//3465 1866//3465
f 1869//3466 1866//3466 1870//3466
f 1871//3467 1867//3467 1868//3467
f 1871//3468 1868//3468 1872//3468
f 1873//3469 1869//3469 1870//3469
f 1873//3470 1870//3470 1874//3470
f 1875//2514 1871//2514 1872//2514
f 1875//3471 1872//3471 1876//3471
f 1877//3472 1873//3472 1874//3472
f 1877//3473 1874//3473 1878//3473
f 1848//3474 1875//3474 1876//3474
f 1848//3475 1876//3475 1849//3475
f 1852//3476 1877//3476 1878//3476
f 1852//3477 1878//3477 1853//3477
f 1878//3478 1874//3478 1879//3478
f 1878//2523 1879//2523 1880//2523
f 1849//3479 1876//3479 1881//3479
f 1849//3480 1881//3480 1882//3480
f 1853//3481 1878//3481 1880//3481
f 1853//3482 1880//3482 1883//3482
f 1850//3483 1849//3483 1882//3483
f 1850//3484 1882//3484 1884//3484
f 1854//3485 1853//3485 1883//3485
f 1854//3486 1883//3486 1885//3486
f 1856//3487 1850//3487 1884//3487
f 1856//3488 1884//3488 1886//3488
f 1858//3489 1854//3489 1885//3489
f 1858//2535 1885//2535 1887//2535
f 1861//3490 1860//3490 1888//3490
f 1862//3491 1856//3491 1886//3491
f 1864//3492 1858//3492 1887//3492
f 1864//3493 1887//3493 1889//3493
f 1866//3494 1861//3494 1888//3494
f 1866//3495 1888//3495 1890//3495
f 1868//3496 1864//3496 1889//3496
f 1868//2543 1889//2543 1891//2543
f 1870//3497 1866//3497 1890//3497
f 1870//3498 1890//3498 1892//3498
f 1872//3499 1868//3499 1891//3499
f 1872//3500 1891//3500 1893//3500
f 1874//3501 1870//3501 1892//3501
f 1874//3502 1892//3502 1879//3502
f 1876//3503 1872//3503 1893//3503
f 1876//3504 1893//3504 1881//3504
f 1889//2552 1887//2552 1894//2552
f 1889//3505 1894//3505 1895//3505
f 1890//3506 1888//3506 1896//3506
f 1890//3507 1896//3507 1897//3507
f 1891//3508 1889//3508 1895//3508
f 1891//3509 1895//3509 1898//3509
f 1892//3510 1890//3510 1897//3510
f 1892//3511 1897//3511 1899//3511
f 1893//3512 1891//3512 1898//3512
f 1893//3513 1898//3513 1900//3513
f 1879//3514 1892//3514 1899//3514
f 1879//3515 1899//3515 1901//3515
f 1881//3516 1893//3516 1900//3516
f 1881//3517 1900//3517 1902//3517
f 1880//2566 1879//2566 1901//2566
f 1880//3518 1901//3518 1903//3518
f 1882//3519 1881//3519 1902//3519
f 1882//3520 1902//3520 1904//3520
f 1883//3521 1880//3521 1903//3521
f 1883//3522 1903//3522 1905//3522
f 1884//3523 1882//3523 1904//3523
f 1884//3524 1904//3524 1906//3524
f 1885//3525 1883//3525 1905//3525
f 1885//3526 1905//3526 1907//3526
f 1886//3527 1884//3527 1906//3527
f 1886//3528 1906//3528 1908//3528
f 1887//3529 1885//3529 1907//3529
f 1887//3530 1907//3530 1894//3530
f 1888//3531 1860//3531 1896//3531
f 1862//3532 1886//3532 1908//3532
f 1904//3533 1902//3533 1909//3533
f 1904//3534 1909//3534 1910//3534
f 1905//3535 1903//3535 1911//3535
f 1905//3536 1911//3536 1912//3536
f 1906//3537 1904//3537 1910//3537
f 1906//3538 1910//3538 1913//3538
f 1907//3539 1905//3539 1912//3539
f 1907//3540 1912//3540 1914//3540
f 1908//3541 1906//3541 1913//3541
f 1908//3542 1913//3542 1915//3542
f 1894//3543 1907//3543 1914//3543
f 1894//3544 1914//3544 1916//3544
f 1896//3545 1860//3545 1917//3545
f 1862//3546 1908//3546 1915//3546
f 1895//3547 1894//3547 1916//3547
f 1895//2597 1916//2597 1918//2597
f 1897//3548 1896//3548 1917//3548
f 1897//3549 1917//3549 1919//3549
f 1898//2600 1895//2600 1918//2600
f 1898//3550 1918//3550 1920//3550
f 1899//3551 1897//3551 1919//3551
f 1899//3552 1919//3552 1921//3552
f 1900//3553 1898//3553 1920//3553
f 1900//3554 1920//3554 1922//3554
f 1901//3555 1899//3555 1921//3555
f 1901//3556 1921//3556 1923//3556
f 1902//3557 1900//3557 1922//3557
f 1902//3558 1922//3558 1909//3558
f 1903//3559 1901//3559 1923//3559
f 1903//3560 1923//3560 1911//3560
f 1920//3561 1918//3561 1924//3561
f 1920//3562 1924//3562 1925//3562
f 1921//3563 1919//3563 1926//3563
f 1921//3564 1926//3564 1927//3564
f 1922//3565 1920//3565 1925//3565
f 1922//3566 1925//3566 1928//3566
f 1923//3567 1921//3567 1927//3567
f 1923//3568 1927//3568 1929//3568
f 1909//3569 1922//3569 1928//3569
f 1909//3570 1928//3570 1930//3570
f 1911//3571 1923//3571 1929//3571
f 1911//3572 1929//3572 1931//3572
f 1910//3573 1909//3573 1930//3573
f 1910//3574 1930//3574 1932//3574
f 1912//3575 1911//3575 1931//3575
f 1912//3576 1931//3576 1933//3576
f 1913//3577 1910//3577 1932//3577
f 1913//3578 1932//3578 1934//3578
f 1914//3579 1912//3579 1933//3579
f 1914//3580 1933//3580 1935//3580
f 1915//3581 1913//3581 1934//3581
f 1915//3582 1934//3582 1936//3582
f 1916//3583 1914//3583 1935//3583
f 1916//3584 1935//3584 1937//3584
f 1917//2636 1860//2636 1938//2636
f 1862//2637 1915//2637 1936//2637
f 1918//3585 1916//3585 1937//3585
f 1918//3586 1937//3586 1924//3586
f 1919//3587 1917//3587 1938//3587
f 1919//3588 1938//3588 1926//3588
f 1934//3589 1932//3589 1939//3589
f 1934//3590 1939//3590 1940//3590
f 1935//3591 1933//3591 1941//3591
f 1935//3592 1941//3592 1942//3592
f 1936//3593 1934//3593 1940//3593
f 1936//3594 1940//3594 1943//3594
f 1937//3595 1935//3595 1942//3595
f 1937//3596 1942//3596 1944//3596
f 1938//3597 1860//3597 1945//3597
f 1862//3598 1936//3598 1943//3598
f 1924//2651 1937//2651 1944//2651
f 1924//3599 1944//3599 1946//3599
f 1926//3600 1938//3600 1945//3600
f 1926//3601 1945//3601 1947//3601
f 1925//3602 1924//3602 1946//3602
f 1925//3603 1946//3603 1948//3603
f 1927//3604 1926//3604 1947//3604
f 1927//3605 1947//3605 1949//3605
f 1928//3606 1925//3606 1948//3606
f 1928//2660 1948//2660 1950//2660
f 1929//3607 1927//3607 1949//3607
f 1929//3608 1949//3608 1951//3608
f 1930//2663 1928//2663 1950//2663
f 1930//3609 1950//3609 1952//3609
f 1931//3610 1929//3610 1951//3610
f 1931//3611 1951//3611 1953//3611
f 1932//3612 1930//3612 1952//3612
f 1932//3613 1952//3613 1939//3613
f 1933//3614 1931//3614 1953//3614
f 1933//3615 1953//3615 1941//3615
f 1949//3616 1947//3616 1954//3616
f 1949//3617 1954//3617 1955//3617
f 1950//3618 1948//3618 1956//3618
f 1950//3619 1956//3619 1957//3619
f 1951//3620 1949//3620 1955//3620
f 1951//3621 1955//3621 1958//3621
f 1952//3622 1950//3622 1957//3622
f 1952//3623 1957//3623 1959//3623
f 1953//3624 1951//3624 1958//3624
f 1953//3625 1958//3625 1960//3625
f 1939//3626 1952//3626 1959//3626
f 1939//3627 1959//3627 1961//3627
f 1941//3628 1953//3628 1960//3628
f 1941//3629 1960//3629 1962//3629
f 1940//3630 1939//3630 1961//3630
f 1940//2686 1961//2686 1963//2686
f 1942//3631 1941//3631 1962//3631
f 1942//3632 1962//3632 1964//3632
f 1943//3633 1940//3633 1963//3633
f 1943//3634 1963//3634 1965//3634
f 1944//3635 1942//3635 1964//3635
f 1944//3636 1964//3636 1966//3636
f 1945//3637 1860//3637 1967//3637
f 1862//3638 1943//3638 1965//3638
f 1946//3639 1944//3639 1966//3639
f 1946//2696 1966//2696 1968//2696
f 1947//3640 1945//3640 1967//3640
f 1947//2698 1967//2698 1954//2698
f 1948//3641 1946//3641 1968//3641
f 1948//3642 1968//3642 1956//3642
f 1964//3643 1962//3643 1969//3643
f 1964//3644 1969//3644 1970//3644
f 1965//2703 1963//2703 1971//2703
f 1965//2704 1971//2704 1972//2704
f 1966//3645 1964//3645 1970//3645
f 1966//3646 1970//3646 1973//3646
f 1967//2707 1860//2707 1974//2707
f 1862//2708 1965//2708 1972//2708
f 1968//3647 1966//3647 1973//3647
f 1968//3648 1973//3648 1975//3648
f 1954//2711 1967//2711 1974//2711
f 1954//2712 1974//2712 1976//2712
f 1956//3649 1968//3649 1975//3649
f 1956//2714 1975//2714 1977//2714
f 1955//2715 1954//2715 1976//2715
f 1955//2716 1976//2716 1978//2716
f 1957//3650 1956//3650 1977//3650
f 1957//3651 1977//3651 1979//3651
f 1958//2719 1955//2719 1978//2719
f 1958//2720 1978//2720 1980//2720
f 1959//3652 1957//3652 1979//3652
f 1959//2722 1979//2722 1981//2722
f 1960//3653 1958//3653 1980//3653
f 1960//3654 1980//3654 1982//3654
f 1961//2725 1959//2725 1981//2725
f 1961//2726 1981//2726 1983//2726
f 1962//3655 1960//3655 1982//3655
f 1962//2728 1982//2728 1969//2728
f 1963//2729 1961//2729 1983//2729
f 1963//2730 1983//2730 1971//2730
f 1979//2731 1977//2731 1984//2731
f 1979//3656 1984//3656 1985//3656
f 1980//2733 1978//2733 1986//2733
f 1980//2734 1986//2734 1987//2734
f 1981//3657 1979//3657 1985//3657
f 1981//3658 1985//3658 1988//3658
f 1982//2737 1980//2737 1987//2737
f 1982//3659 1987//3659 1989//3659
f 1983//2739 1981//2739 1988//2739
f 1983//2740 1988//2740 1990//2740
f 1969//3660 1982//3660 1989//3660
f 1969//3661 1989//3661 1991//3661
f 1971//2743 1983//2743 1990//2743
f 1971//3662 1990//3662 1992//3662
f 1970//2745 1969//2745 1991//2745
f 1970//2746 1991//2746 1993//2746
f 1972//3663 1971//3663 1992//3663
f 1972//3664 1992//3664 1994//3664
f 1973//2749 1970//2749 1993//2749
f 1973//2750 1993//2750 1995//2750
f 1974//2751 1860//2751 1996//2751
f 1862//2752 1972//2752 1994//2752
f 1975//2753 1973//2753 1995//2753
f 1975//2754 1995//2754 1997//2754
f 1976//2755 1974//2755 1996//2755
f 1976//3665 1996//3665 1998//3665
f 1977//2757 1975//2757 1997//2757
f 1977//2758 1997//2758 1984//2758
f 1978//3666 1976//3666 1998//3666
f 1978//3667 1998//3667 1986//3667
f 1994//3668 1992//3668 1999//3668
f 1994//3669 1999//3669 2000//3669
f 1995//2763 1993//2763 2001//2763
f 1995//2764 2001//2764 2002//2764
f 1996//3670 1860//3670 2003//3670
f 1862//3671 1994//3671 2000//3671
f 1997//2767 1995//2767 2002//2767
f 1997//2768 2002//2768 2004//2768
f 1998//3672 1996//3672 2003//3672
f 1998//3673 2003//3673 2005//3673
f 1984//2771 1997//2771 2004//2771
f 1984//3674 2004//3674 2006//3674
f 1986//3675 1998//3675 2005//3675
f 1986//3676 2005//3676 2007//3676
f 1985//3677 1984//3677 2006//3677
f 1985//3678 2006//3678 2008//3678
f 1987//3679 1986//3679 2007//3679
f 1987//3680 2007//3680 2009//3680
f 1988//3681 1985//3681 2008//3681
f 1988//3682 2008//3682 2010//3682
f 1989//3683 1987//3683 2009//3683
f 1989//3684 2009//3684 2011//3684
f 1990//2783 1988//2783 2010//2783
f 1990//3685 2010//3685 2012//3685
f 1991//3686 1989//3686 2011//3686
f 1991//3687 2011//3687 2013//3687
f 1992//3688 1990//3688 2012//3688
f 1992//3689 2012//3689 1999//3689
f 1993//3690 1991//3690 2013//3690
f 1993//3691 2013//3691 2001//3691
f 2009//3692 2007//3692 2014//3692
f 2009//3693 2014//3693 2015//3693
f 2010//3694 2008//3694 2016//3694
f 2010//3695 2016//3695 2017//3695
f 2011//3696 2009//3696 2015//3696
f 2011//3697 2015//3697 2018//3697
f 2012//3698 2010//3698 2017//3698
f 2012//3699 2017//3699 2019//3699
f 2013//3700 2011//3700 2018//3700
f 2013//3701 2018//3701 2020//3701
f 1999//3702 2012//3702 2019//3702
f 1999//3703 2019//3703 2021//3703
f 2001//3704 2013//3704 2020//3704
f 2001//3705 2020//3705 2022//3705
f 2000//3706 1999//3706 2021//3706
f 2000//3707 2021//3707 2023//3707
f 2002//2807 2001//2807 2022//2807
f 2002//3708 2022//3708 2024//3708
f 2003//3709 1860//3709 2025//3709
f 1862//3710 2000//3710 2023//3710
f 2004//3711 2002//3711 2024//3711
f 2004//3712 2024//3712 2026//3712
f 2005//3713 2003//3713 2025//3713
f 2005//2814 2025//2814 2027//2814
f 2006//3714 2004//3714 2026//3714
f 2006//3715 2026//3715 2028//3715
f 2007//3716 2005//3716 2027//3716
f 2007//3717 2027//3717 2014//3717
f 2008//3718 2006//3718 2028//3718
f 2008//3719 2028//3719 2016//3719
f 2024//3720 2022//3720 2029//3720
f 2024//3721 2029//3721 2030//3721
f 2025//2823 1860//2823 2031//2823
f 1862//2824 2023//2824 2032//2824
f 2026//3722 2024//3722 2030//3722
f 2026//3723 2030//3723 2033//3723
f 2027//2827 2025//2827 2031//2827
f 2027//2828 2031//2828 2034//2828
f 2028//3724 2026//3724 2033//3724
f 2028//3725 2033//3725 2035//3725
f 2014//3726 2027//3726 2034//3726
f 2014//3727 2034//3727 2036//3727
f 2016//3728 2028//3728 2035//3728
f 2016//3729 2035//3729 2037//3729
f 2015//3730 2014//3730 2036//3730
f 2015//3731 2036//3731 2038//3731
f 2017//3732 2016//3732 2037//3732
f 2017//3733 2037//3733 2039//3733
f 2018//3734 2015//3734 2038//3734
f 2018//3735 2038//3735 2040//3735
f 2019//3736 2017//3736 2039//3736
f 2019//3737 2039//3737 2041//3737
f 2020//3738 2018//3738 2040//3738
f 2020//3739 2040//3739 2042//3739
f 2021//3740 2019//3740 2041//3740
f 2021//3741 2041//3741 2043//3741
f 2022//3742 2020//3742 2042//3742
f 2022//3743 2042//3743 2029//3743
f 2023//2849 2021//2849 2043//2849
f 2023//2850 2043//2850 2032//2850
f 2039//2851 2037//2851 2044//2851
f 2039//2852 2044//2852 2045//2852
f 2040//2853 2038//2853 2046//2853
f 2040//2854 2046//2854 2047//2854
f 2041//3744 2039//3744 2045//3744
f 2041//3745 2045//3745 2048//3745
f 2042//3746 2040//3746 2047//3746
f 2042//3747 2047//3747 2049//3747
f 2043//3748 2041//3748 2048//3748
f 2043//3749 2048//3749 2050//3749
f 2029//3750 2042//3750 2049//3750
f 2029//3751 2049//3751 2051//3751
f 2032//3752 2043//3752 2050//3752
f 2032//3753 2050//3753 2052//3753
f 2030//3754 2029//3754 2051//3754
f 2030//3755 2051//3755 2053//3755
f 2031//3756 1860//3756 2054//3756
f 1862//3757 2032//3757 2052//3757
f 2033//3758 2030//3758 2053//3758
f 2033//3759 2053//3759 2055//3759
f 2034//3760 2031//3760 2054//3760
f 2034//3761 2054//3761 2056//3761
f 2035//2873 2033//2873 2055//2873
f 2035//3762 2055//3762 2057//3762
f 2036//3763 2034//3763 2056//3763
f 2036//3764 2056//3764 2058//3764
f 2037//3765 2035//3765 2057//3765
f 2037//2878 2057//2878 2044//2878
f 2038//3766 2036//3766 2058//3766
f 2038//3767 2058//3767 2046//3767
f 1862//3768 2052//3768 2059//3768
f 2055//3769 2053//3769 2060//3769
f 2055//3770 2060//3770 2061//3770
f 2056//3771 2054//3771 2062//3771
f 2056//3772 2062//3772 2063//3772
f 2057//3773 2055//3773 2061//3773
f 2057//3774 2061//3774 2064//3774
f 2058//3775 2056//3775 2063//3775
f 2058//2889 2063//2889 2065//2889
f 2044//3776 2057//3776 2064//3776
f 2044//3777 2064//3777 2066//3777
f 2046//3778 2058//3778 2065//3778
f 2046//3779 2065//3779 2067//3779
f 2045//2894 2044//2894 2066//2894
f 2045//3780 2066//3780 2068//3780
f 2047//3781 2046//3781 2067//3781
f 2047//3782 2067//3782 2069//3782
f 2048//3783 2045//3783 2068//3783
f 2048//2899 2068//2899 2070//2899
f 2049//2900 2047//2900 2069//2900
f 2049//3784 2069//3784 2071//3784
f 2050//3785 2048//3785 2070//3785
f 2050//3786 2070//3786 2072//3786
f 2051//3787 2049//3787 2071//3787
f 2051//3788 2071//3788 2073//3788
f 2052//3789 2050//3789 2072//3789
f 2052//3790 2072//3790 2059//3790
f 2053//3791 2051//3791 2073//3791
f 2053//3792 2073//3792 2060//3792
f 2054//3793 1860//3793 2062//3793
f 2070//3794 2068//3794 2074//3794
f 2070//3795 2074//3795 2075//3795
f 2071//3796 2069//3796 2076//3796
f 2071//3797 2076//3797 2077//3797
f 2072//2915 2070//2915 2075//2915
f 2072//2916 2075//2916 2078//2916
f 2073//2917 2071//2917 2077//2917
f 2073//2918 2077//2918 2079//2918
f 2059//2919 2072//2919 2078//2919
f 2059//2920 2078//2920 2080//2920
f 2060//3798 2073//3798 2079//3798
f 2060//3799 2079//3799 2081//3799
f 2062//2923 1860//2923 2082//2923
f 1862//2924 2059//2924 2080//2924
f 2061//3800 2060//3800 2081//3800
f 2061//2926 2081//2926 2083//2926
f 2063//2927 2062//2927 2082//2927
f 2063//2928 2082//2928 2084//2928
f 2064//2929 2061//2929 2083//2929
f 2064//2930 2083//2930 2085//2930
f 2065//2931 2063//2931 2084//2931
f 2065//2932 2084//2932 2086//2932
f 2066//3801 2064//3801 2085//3801
f 2066//3802 2085//3802 2087//3802
f 2067//2935 2065//2935 2086//2935
f 2067//3803 2086//3803 2088//3803
f 2068//3804 2066//3804 2087//3804
f 2068//3805 2087//3805 2074//3805
f 2069//3806 2067//3806 2088//3806
f 2069//3807 2088//3807 2076//3807
f 2084//2941 2082//2941 2089//2941
f 2084//2942 2089//2942 2090//2942
f 2085//2943 2083//2943 2091//2943
f 2085//3808 2091//3808 2092//3808
f 2086//2945 2084//2945 2090//2945
f 2086//2946 2090//2946 2093//2946
f 2087//3809 2085//3809 2092//3809
f 2087//3810 2092//3810 2094//3810
f 2088//3811 2086//3811 2093//3811
f 2088//3812 2093//3812 2095//3812
f 2074//3813 2087//3813 2094//3813
f 2074//3814 2094//3814 2096//3814
f 2076//3815 2088//3815 2095//3815
f 2076//3816 2095//3816 2097//3816
f 2075//3817 2074//3817 2096//3817
f 2075//2956 2096//2956 2098//2956
f 2077//3818 2076//3818 2097//3818
f 2077//3819 2097//3819 2099//3819
f 2078//2959 2075//2959 2098//2959
f 2078//2960 2098//2960 2100//2960
f 2079//3820 2077//3820 2099//3820
f 2079//3821 2099//3821 2101//3821
f 2080//2963 2078//2963 2100//2963
f 2080//2964 2100//2964 2102//2964
f 2081//2965 2079//2965 2101//2965
f 2081//3822 2101//3822 2103//3822
f 2082//2967 1860//2967 2089//2967
f 1862//2968 2080//2968 2102//2968
f 2083//3823 2081//3823 2103//3823
f 2083//3824 2103//3824 2091//3824
f 2099//3825 2097//3825 2104//3825
f 2099//3826 2104//3826 2105//3826
f 2100//3827 2098//3827 2106//3827
f 2100//3828 2106//3828 2107//3828
f 2101//3829 2099//3829 2105//3829
f 2101//3830 2105//3830 2108//3830
f 2102//2977 2100//2977 2107//2977
f 2102//3831 2107//3831 2109//3831
f 2103//3832 2101//3832 2108//3832
f 2103//3833 2108//3833 2110//3833
f 2089//3834 1860//3834 2111//3834
f 1862//3835 2102//3835 2109//3835
f 2091//3836 2103//3836 2110//3836
f 2091//3837 2110//3837 2112//3837
f 2090//3838 2089//3838 2111//3838
f 2090//3839 2111//3839 2113//3839
f 2092//3840 2091//3840 2112//3840
f 2092//3841 2112//3841 2114//3841
f 2093//2989 2090//2989 2113//2989
f 2093//3842 2113//3842 2115//3842
f 2094//3843 2092//3843 2114//3843
f 2094//3844 2114//3844 2116//3844
f 2095//3845 2093//3845 2115//3845
f 2095//3846 2115//3846 2117//3846
f 2096//3847 2094//3847 2116//3847
f 2096//3848 2116//3848 2118//3848
f 2097//3849 2095//3849 2117//3849
f 2097//3850 2117//3850 2104//3850
f 2098//3851 2096//3851 2118//3851
f 2098//3852 2118//3852 2106//3852
f 2114//3853 2112//3853 2119//3853
f 2114//3854 2119//3854 2120//3854
f 2115//3855 2113//3855 2121//3855
f 2115//3856 2121//3856 2122//3856
f 2116//3857 2114//3857 2120//3857
f 2116//3858 2120//3858 2123//3858
f 2117//3859 2115//3859 2122//3859
f 2117//3860 2122//3860 2124//3860
f 2118//3009 2116//3009 2123//3009
f 2118//3861 2123//3861 2125//3861
f 2104//3862 2117//3862 2124//3862
f 2104//3863 2124//3863 2126//3863
f 2106//3864 2118//3864 2125//3864
f 2106//3865 2125//3865 2127//3865
f 2105//3866 2104//3866 2126//3866
f 2105//3867 2126//3867 2128//3867
f 2107//3868 2106//3868 2127//3868
f 2107//3869 2127//3869 2129//3869
f 2108//3870 2105//3870 2128//3870
f 2108//3871 2128//3871 2130//3871
f 2109//3872 2107//3872 2129//3872
f 2109//3873 2129//3873 2131//3873
f 2110//3874 2108//3874 2130//3874
f 2110//3875 2130//3875 2132//3875
f 2111//3876 1860//3876 2133//3876
f 1862//3877 2109//3877 2131//3877
f 2112//3878 2110//3878 2132//3878
f 2112//3879 2132//3879 2119//3879
f 2113//3880 2111//3880 2133//3880
f 2113//3881 2133//3881 2121//3881
f 2129//3882 2127//3882 2134//3882
f 2129//3032 2134//3032 2135//3032
f 2130//3883 2128//3883 2136//3883
f 2130//3884 2136//3884 2137//3884
f 2131//3885 2129//3885 2135//3885
f 2131//3886 2135//3886 2138//3886
f 2132//3887 2130//3887 2137//3887
f 2132//3888 2137//3888 2139//3888
f 2133//3889 1860//3889 2140//3889
f 1862//3890 2131//3890 2138//3890
f 2119//3891 2132//3891 2139//3891
f 2119//3892 2139//3892 2141//3892
f 2121//3893 2133//3893 2140//3893
f 2121//3894 2140//3894 2142//3894
f 2120//3895 2119//3895 2141//3895
f 2120//3896 2141//3896 2143//3896
f 2122//3897 2121//3897 2142//3897
f 2122//3898 2142//3898 2144//3898
f 2123//3899 2120//3899 2143//3899
f 2123//3050 2143//3050 2145//3050
f 2124//3900 2122//3900 2144//3900
f 2124//3052 2144//3052 2146//3052
f 2125//3901 2123//3901 2145//3901
f 2125//3902 2145//3902 2147//3902
f 2126//3903 2124//3903 2146//3903
f 2126//3904 2146//3904 2148//3904
f 2127//3905 2125//3905 2147//3905
f 2127//3906 2147//3906 2134//3906
f 2128//3907 2126//3907 2148//3907
f 2128//3908 2148//3908 2136//3908
f 2144//3909 2142//3909 2149//3909
f 2144//3910 2149//3910 2150//3910
f 2145//3911 2143//3911 2151//3911
f 2145//3912 2151//3912 2152//3912
f 2146//3065 2144//3065 2150//3065
f 2146//3913 2150//3913 2153//3913
f 2147//3914 2145//3914 2152//3914
f 2147//3915 2152//3915 2154//3915
f 2148//3916 2146//3916 2153//3916
f 2148//3070 2153//3070 2155//3070
f 2134//3917 2147//3917 2154//3917
f 2134//3918 2154//3918 2156//3918
f 2136//3073 2148//3073 2155//3073
f 2136//3919 2155//3919 2157//3919
f 2135//3075 2134//3075 2156//3075
f 2135//3920 2156//3920 2158//3920
f 2137//3921 2136//3921 2157//3921
f 2137//3922 2157//3922 2159//3922
f 2138//3923 2135//3923 2158//3923
f 2138//3080 2158//3080 2160//3080
f 2139//3924 2137//3924 2159//3924
f 2139//3925 2159//3925 2161//3925
f 2140//3926 1860//3926 2162//3926
f 1862//3927 2138//3927 2160//3927
f 2141//3928 2139//3928 2161//3928
f 2141//3929 2161//3929 2163//3929
f 2142//3930 2140//3930 2162//3930
f 2142//3931 2162//3931 2149//3931
f 2143//3932 2141//3932 2163//3932
f 2143//3933 2163//3933 2151//3933
f 2159//3934 2157//3934 2164//3934
f 2159//3935 2164//3935 2165//3935
f 2160//3936 2158//3936 2166//3936
f 2160//3937 2166//3937 2167//3937
f 2161//3938 2159//3938 2165//3938
f 2161//3939 2165//3939 2168//3939
f 2162//3940 1860//3940 2169//3940
f 1862//3941 2160//3941 2167//3941
f 2163//3942 2161//3942 2168//3942
f 2163//3943 2168//3943 2170//3943
f 2149//3944 2162//3944 2169//3944
f 2149//3945 2169//3945 2171//3945
f 2151//3946 2163//3946 2170//3946
f 2151//3947 2170//3947 2172//3947
f 2150//3948 2149//3948 2171//3948
f 2150//3949 2171//3949 2173//3949
f 2152//3950 2151//3950 2172//3950
f 2152//3951 2172//3951 2174//3951
f 2153//3952 2150//3952 2173//3952
f 2153//3953 2173//3953 2175//3953
f 2154//3954 2152//3954 2174//3954
f 2154//3955 2174//3955 2176//3955
f 2155//3956 2153//3956 2175//3956
f 2155//3957 2175//3957 2177//3957
f 2156//3958 2154//3958 2176//3958
f 2156//3959 2176//3959 2178//3959
f 2157//3960 2155//3960 2177//3960
f 2157//3961 2177//3961 2164//3961
f 2158//3962 2156//3962 2178//3962
f 2158//3963 2178//3963 2166//3963
f 2174//3964 2172//3964 2179//3964
f 2174//3965 2179//3965 2180//3965
f 2175//3966 2173//3966 2181//3966
f 2175//3967 2181//3967 2182//3967
f 2176//3968 2174//3968 2180//3968
f 2176//3969 2180//3969 2183//3969
f 2177//3970 2175//3970 2182//3970
f 2177//3971 2182//3971 2184//3971
f 2178//3972 2176//3972 2183//3972
f 2178//3973 2183//3973 2185//3973
f 2164//3974 2177//3974 2184//3974
f 2164//3975 2184//3975 2186//3975
f 2166//3976 2178//3976 2185//3976
f 2166//3977 2185//3977 2187//3977
f 2165//3978 2164//3978 2186//3978
f 2165//3979 2186//3979 2188//3979
f 2167//3980 2166//3980 2187//3980
f 2167//3981 2187//3981 2189//3981
f 2168//3982 2165//3982 2188//3982
f 2168//3140 2188//3140 2190//3140
f 2169//3983 1860//3983 2191//3983
f 1862//3984 2167//3984 2189//3984
f 2170//3985 2168//3985 2190//3985
f 2170//3986 2190//3986 2192//3986
f 2171//3987 2169//3987 2191//3987
f 2171//3988 2191//3988 2193//3988
f 2172//3989 2170//3989 2192//3989
f 2172//3990 2192//3990 2179//3990
f 2173//3991 2171//3991 2193//3991
f 2173//3992 2193//3992 2181//3992
f 2189//3151 2187//3151 2194//3151
f 2189//3152 2194//3152 2195//3152
f 2190//3153 2188//3153 2196//3153
f 2190//3154 2196//3154 2197//3154
f 2191//3993 1860//3993 2198//3993
f 1862//3994 2189//3994 2195//3994
f 2192//3157 2190//3157 2197//3157
f 2192//3158 2197//3158 2199//3158
f 2193//3159 2191//3159 2198//3159
f 2193//3160 2198//3160 2200//3160
f 2179//3995 2192//3995 2199//3995
f 2179//3996 2199//3996 2201//3996
f 2181//3997 2193//3997 2200//3997
f 2181//3998 2200//3998 2202//3998
f 2180//3999 2179//3999 2201//3999
f 2180//4000 2201//4000 2203//4000
f 2182//4001 2181//4001 2202//4001
f 2182//4002 2202//4002 2204//4002
f 2183//4003 2180//4003 2203//4003
f 2183//3170 2203//3170 2205//3170
f 2184//4004 2182//4004 2204//4004
f 2184//4005 2204//4005 2206//4005
f 2185//4006 2183//4006 2205//4006
f 2185//4007 2205//4007 2207//4007
f 2186//4008 2184//4008 2206//4008
f 2186//4009 2206//4009 2208//4009
f 2187//4010 2185//4010 2207//4010
f 2187//4011 2207//4011 2194//4011
f 2188//4012 2186//4012 2208//4012
f 2188//4013 2208//4013 2196//4013
f 2205//3181 2203//3181 2209//3181
f 2205//4014 2209//4014 2210//4014
f 2206//4015 2204//4015 2211//4015
f 2206//4016 2211//4016 2212//4016
f 2207//4017 2205//4017 2210//4017
f 2207//3186 2210//3186 2213//3186
f 2208//4018 2206//4018 2212//4018
f 2208//3188 2212//3188 2214//3188
f 2194//4019 2207//4019 2213//4019
f 2194//4020 2213//4020 2215//4020
f 2196//4021 2208//4021 2214//4021
f 2196//4022 2214//4022 2216//4022
f 2195//4023 2194//4023 2215//4023
f 2195//4024 2215//4024 2217//4024
f 2197//4025 2196//4025 2216//4025
f 2197//4026 2216//4026 2218//4026
f 2198//4027 1860//4027 2219//4027
f 1862//4028 2195//4028 2217//4028
f 2199//4029 2197//4029 2218//4029
f 2199//4030 2218//4030 2220//4030
f 2200//4031 2198//4031 2219//4031
f 2200//4032 2219//4032 2221//4032
f 2201//4033 2199//4033 2220//4033
f 2201//3204 2220//3204 2222//3204
f 2202//4034 2200//4034 2221//4034
f 2202//3206 2221//3206 2223//3206
f 2203//3207 2201//3207 2222//3207
f 2203//3208 2222//3208 2209//3208
f 2204//4035 2202//4035 2223//4035
f 2204//4036 2223//4036 2211//4036
f 2219//4037 1860//4037 2224//4037
f 1862//4038 2217//4038 2225//4038
f 2220//3213 2218//3213 2226//3213
f 2220//4039 2226//4039 2227//4039
f 2221//4040 2219//4040 2224//4040
f 2221//4041 2224//4041 2228//4041
f 2222//4042 2220//4042 2227//4042
f 2222//4043 2227//4043 2229//4043
f 2223//4044 2221//4044 2228//4044
f 2223//4045 2228//4045 2230//4045
f 2209//4046 2222//4046 2229//4046
f 2209//4047 2229//4047 2231//4047
f 2211//3223 2223//3223 2230//3223
f 2211//4048 2230//4048 2232//4048
f 2210//4049 2209//4049 2231//4049
f 2210//4050 2231//4050 2233//4050
f 2212//4051 2211//4051 2232//4051
f 2212//3228 2232//3228 2234//3228
f 2213//4052 2210//4052 2233//4052
f 2213//4053 2233//4053 2235//4053
f 2214//3231 2212//3231 2234//3231
f 2214//4054 2234//4054 2236//4054
f 2215//3233 2213//3233 2235//3233
f 2215//4055 2235//4055 2237//4055
f 2216//4056 2214//4056 2236//4056
f 2216//4057 2236//4057 2238//4057
f 2217//4058 2215//4058 2237//4058
f 2217//4059 2237//4059 2225//4059
f 2218//4060 2216//4060 2238//4060
f 2218//4061 2238//4061 2226//4061
f 2234//3241 2232//3241 2239//3241
f 2234//4062 2239//4062 2240//4062
f 2235//4063 2233//4063 2241//4063
f 2235//4064 2241//4064 2242//4064
f 2236//4065 2234//4065 2240//4065
f 2236//4066 2240//4066 2243//4066
f 2237//4067 2235//4067 2242//4067
f 2237//4068 2242//4068 2244//4068
f 2238//4069 2236//4069 2243//4069
f 2238//4070 2243//4070 2245//4070
f 2225//3251 2237//3251 2244//3251
f 2225//3252 2244//3252 2246//3252
f 2226//4071 2238//4071 2245//4071
f 2226//4072 2245//4072 2247//4072
f 2224//4073 1860//4073 2248//4073
f 1862//4074 2225//4074 2246//4074
f 2227//4075 2226//4075 2247//4075
f 2227//4076 2247//4076 2249//4076
f 2228//3259 2224//3259 2248//3259
f 2228//3260 2248//3260 2250//3260
f 2229//4077 2227//4077 2249//4077
f 2229//4078 2249//4078 2251//4078
f 2230//4079 2228//4079 2250//4079
f 2230//4080 2250//4080 2252//4080
f 2231//4081 2229//4081 2251//4081
f 2231//4082 2251//4082 2253//4082
f 2232//4083 2230//4083 2252//4083
f 2232//4084 2252//4084 2239//4084
f 2233//4085 2231//4085 2253//4085
f 2233//4086 2253//4086 2241//4086
f 2249//4087 2247//4087 2254//4087
f 2249//4088 2254//4088 2255//4088
f 2250//4089 2248//4089 2256//4089
f 2250//4090 2256//4090 2257//4090
f 2251//3275 2249//3275 2255//3275
f 2251//4091 2255//4091 2258//4091
f 2252//4092 2250//4092 2257//4092
f 2252//4093 2257//4093 2259//4093
f 2253//4094 2251//4094 2258//4094
f 2253//4095 2258//4095 2260//4095
f 2239//4096 2252//4096 2259//4096
f 2239//3282 2259//3282 2261//3282
f 2241//4097 2253//4097 2260//4097
f 2241//3284 2260//3284 2262//3284
f 2240//4098 2239//4098 2261//4098
f 2240//4099 2261//4099 2263//4099
f 2242//4100 2241//4100 2262//4100
f 2242//4101 2262//4101 2264//4101
f 2243//4102 2240//4102 2263//4102
f 2243//4103 2263//4103 2265//4103
f 2244//4104 2242//4104 2264//4104
f 2244//3292 2264//3292 2266//3292
f 2245//4105 2243//4105 2265//4105
f 2245//4106 2265//4106 2267//4106
f 2246//3295 2244//3295 2266//3295
f 2246//4107 2266//4107 2268//4107
f 2247//4108 2245//4108 2267//4108
f 2247//4109 2267//4109 2254//4109
f 2248//4110 1860//4110 2256//4110
f 1862//4111 2246//4111 2268//4111
f 2264//3301 2262//3301 2269//3301
f 2264//4112 2269//4112 2270//4112
f 2265//4113 2263//4113 2271//4113
f 2265//4114 2271//4114 2272//4114
f 2266//4115 2264//4115 2270//4115
f 2266//4116 2270//4116 2273//4116
f 2267//4117 2265//4117 2272//4117
f 2267//4118 2272//4118 2274//4118
f 2268//4119 2266//4119 2273//4119
f 2268//4120 2273//4120 2275//4120
f 2254//4121 2267//4121 2274//4121
f 2254//4122 2274//4122 2276//4122
f 2256//4123 1860//4123 2277//4123
f 1862//4124 2268//4124 2275//4124
f 2255//4125 2254//4125 2276//4125
f 2255//4126 2276//4126 2278//4126
f 2257//4127 2256//4127 2277//4127
f 2257//3318 2277//3318 2279//3318
f 2258//4128 2255//4128 2278//4128
f 2258//4129 2278//4129 2280//4129
f 2259//3321 2257//3321 2279//3321
f 2259//4130 2279//4130 2281//4130
f 2260//4131 2258//4131 2280//4131
f 2260//4132 2280//4132 2282//4132
f 2261//4133 2259//4133 2281//4133
f 2261//4134 2281//4134 2283//4134
f 2262//4135 2260//4135 2282//4135
f 2262//4136 2282//4136 2269//4136
f 2263//3329 2261//3329 2283//3329
f 2263//4137 2283//4137 2271//4137
f 2279//3331 2277//3331 2284//3331
f 2279//3332 2284//3332 2285//3332
f 2280//4138 2278//4138 2286//4138
f 2280//4139 2286//4139 2287//4139
f 2281//4140 2279//4140 2285//4140
f 2281//4141 2285//4141 2288//4141
f 2282//4142 2280//4142 2287//4142
f 2282//4143 2287//4143 2289//4143
f 2283//4144 2281//4144 2288//4144
f 2283//4145 2288//4145 2290//4145
f 2269//4146 2282//4146 2289//4146
f 2269//4147 2289//4147 2291//4147
f 2271//4148 2283//4148 2290//4148
f 2271//4149 2290//4149 2292//4149
f 2270//4150 2269//4150 2291//4150
f 2270//4151 2291//4151 2293//4151
f 2272//4152 2271//4152 2292//4152
f 2272//4153 2292//4153 2294//4153
f 2273//4154 2270//4154 2293//4154
f 2273//3350 2293//3350 2295//3350
f 2274//4155 2272//4155 2294//4155
f 2274//4156 2294//4156 2296//4156
f 2275//3353 2273//3353 2295//3353
f 2275//3354 2295//3354 2297//3354
f 2276//3355 2274//3355 2296//3355
f 2276//4157 2296//4157 2298//4157
f 2277//4158 1860//4158 2284//4158
f 1862//4159 2275//4159 2297//4159
f 2278//4160 2276//4160 2298//4160
f 2278//4161 2298//4161 2286//4161
f 2294//4162 2292//4162 2299//4162
f 2294//4163 2299//4163 2300//4163
f 2295//3363 2293//3363 2301//3363
f 2295//3364 2301//3364 2302//3364
f 2296//4164 2294//4164 2300//4164
f 2296//4165 2300//4165 2303//4165
f 2297//3367 2295//3367 2302//3367
f 2297//4166 2302//4166 2304//4166
f 2298//4167 2296//4167 2303//4167
f 2298//4168 2303//4168 2305//4168
f 2284//4169 1860//4169 2306//4169
f 1862//4170 2297//4170 2304//4170
f 2286//4171 2298//4171 2305//4171
f 2286//4172 2305//4172 2307//4172
f 2285//4173 2284//4173 2306//4173
f 2285//4174 2306//4174 2308//4174
f 2287//4175 2286//4175 2307//4175
f 2287//4176 2307//4176 2309//4176
f 2288//3379 2285//3379 2308//3379
f 2288//3380 2308//3380 2310//3380
f 2289//4177 2287//4177 2309//4177
f 2289//4178 2309//4178 2311//4178
f 2290//4179 2288//4179 2310//4179
f 2290//4180 2310//4180 2312//4180
f 2291//4181 2289//4181 2311//4181
f 2291//4182 2311//4182 2313//4182
f 2292//4183 2290//4183 2312//4183
f 2292//4184 2312//4184 2299//4184
f 2293//4185 2291//4185 2313//4185
f 2293//3390 2313//3390 2301//3390
f 2309//4186 2307//4186 2314//4186
f 2309//4187 2314//4187 2315//4187
f 2310//3393 2308//3393 2316//3393
f 2310//3394 2316//3394 2317//3394
f 2311//4188 2309//4188 2315//4188
f 2311//4189 2315//4189 2318//4189
f 2312//3397 2310//3397 2317//3397
f 2312//4190 2317//4190 2319//4190
f 2313//4191 2311//4191 2318//4191
f 2313//4192 2318//4192 2320//4192
f 2299//4193 2312//4193 2319//4193
f 2299//3402 2319//3402 2321//3402
f 2301//4194 2313//4194 2320//4194
f 2301//4195 2320//4195 2322//4195
f 2300//3405 2299//3405 2321//3405
f 2300//4196 2321//4196 2323//4196
f 2302//3407 2301//3407 2322//3407
f 2302//3408 2322//3408 2324//3408
f 2303//4197 2300//4197 2323//4197
f 2303//4198 2323//4198 2325//4198
f 2304//4199 2302//4199 2324//4199
f 2304//4200 2324//4200 2326//4200
f 2305//4201 2303//4201 2325//4201
f 2305//3414 2325//3414 2327//3414
f 2306//3415 1860//3415 2328//3415
f 1862//3416 2304//3416 2326//3416
f 2307//4202 2305//4202 2327//4202
f 2307//4203 2327//4203 2314//4203
f 2308//4204 2306//4204 2328//4204
f 2308//4205 2328//4205 2316//4205
f 2324//4206 2322//4206 1848//4206
f 2324//4207 1848//4207 1847//4207
f 2325//4208 2323//4208 1852//4208
f 2325//4209 1852//4209 1851//4209
f 2326//4210 2324//4210 1847//4210
f 2326//4211 1847//4211 1855//4211
f 2327//4212 2325//4212 1851//4212
f 2327//4213 1851//4213 1857//4213
f 2328//3429 1860//3429 1859//3429
f 1862//3430 2326//3430 1855//3430
f 2314//3431 2327//3431 1857//3431
f 2314//4214 1857//4214 1863//4214
f 2316//4215 2328//4215 1859//4215
f 2316//4216 1859//4216 1865//4216
f 2315//4217 2314//4217 1863//4217
f 2315//3436 1863//3436 1867//3436
f 2317//3437 2316//3437 1865//3437
f 2317//4218 1865//4218 1869//4218
f 2318//4219 2315//4219 1867//4219
f 2318//4220 1867//4220 1871//4220
f 2319//4221 2317//4221 1869//4221
f 2319//4222 1869//4222 1873//4222
f 2320//3443 2318//3443 1871//3443
f 2320//3444 1871//3444 1875//3444
f 2321//3445 2319//3445 1873//3445
f 2321//3446 1873//3446 1877//3446
f 2322//4223 2320//4223 1875//4223
f 2322//4224 1875//4224 1848//4224
f 2323//4225 2321//4225 1877//4225
f 2323//4226 1877//4226 1852//4226
f 2329//835 2330//835 2331//835
f 2329//4227 2331//4227 2332//4227
f 2333//4228 2334//4228 2335//4228
f 2333//4229 2335//4229 2336//4229
f 2337//4230 2329//4230 2332//4230
f 2337//4231 2332//4231 2338//4231
f 2339//4232 2333//4232 2336//4232
f 2339//4233 2336//4233 2340//4233
f 2341//4234 2342//4234 2343//4234
f 2344//4235 2337//4235 2338//4235
f 2345//4236 2339//4236 2340//4236
f 2345//846 2340//846 2346//846
f 2347//4237 2341//4237 2343//4237
f 2347//4238 2343//4238 2348//4238
f 2349//4239 2345//4239 2346//4239
f 2349//4240 2346//4240 2350//4240
f 2351//4241 2347//4241 2348//4241
f 2351//4242 2348//4242 2352//4242
f 2353//4243 2349//4243 2350//4243
f 2353//4244 2350//4244 2354//4244
f 2355//4245 2351//4245 2352//4245
f 2355//4246 2352//4246 2356//4246
f 2357//4247 2353//4247 2354//4247
f 2357//4248 2354//4248 2358//4248
f 2359//4249 2355//4249 2356//4249
f 2359//4250 2356//4250 2360//4250
f 2330//4251 2357//4251 2358//4251
f 2330//4252 2358//4252 2331//4252
f 2334//4253 2359//4253 2360//4253
f 2334//4254 2360//4254 2335//4254
f 2360//4255 2356//4255 2361//4255
f 2360//4256 2361//4256 2362//4256
f 2331//4257 2358//4257 2363//4257
f 2331//4258 2363//4258 2364//4258
f 2335//4259 2360//4259 2362//4259
f 2335//4260 2362//4260 2365//4260
f 2332//4261 2331//4261 2364//4261
f 2332//4262 2364//4262 2366//4262
f 2336//4263 2335//4263 2365//4263
f 2336//4264 2365//4264 2367//4264
f 2338//4265 2332//4265 2366//4265
f 2338//4266 2366//4266 2368//4266
f 2340//4267 2336//4267 2367//4267
f 2340//4268 2367//4268 2369//4268
f 2343//4269 2342//4269 2370//4269
f 2344//4270 2338//4270 2368//4270
f 2346//4271 2340//4271 2369//4271
f 2346//4272 2369//4272 2371//4272
f 2348//4273 2343//4273 2370//4273
f 2348//4274 2370//4274 2372//4274
f 2350//4275 2346//4275 2371//4275
f 2350//4276 2371//4276 2373//4276
f 2352//4277 2348//4277 2372//4277
f 2352//4278 2372//4278 2374//4278
f 2354//4279 2350//4279 2373//4279
f 2354//4280 2373//4280 2375//4280
f 2356//4281 2352//4281 2374//4281
f 2356//4282 2374//4282 2361//4282
f 2358//4283 2354//4283 2375//4283
f 2358//4284 2375//4284 2363//4284
f 2371//4285 2369//4285 2376//4285
f 2371//4286 2376//4286 2377//4286
f 2372//4287 2370//4287 2378//4287
f 2372//4288 2378//4288 2379//4288
f 2373//4289 2371//4289 2377//4289
f 2373//4290 2377//4290 2380//4290
f 2374//4291 2372//4291 2379//4291
f 2374//4292 2379//4292 2381//4292
f 2375//4293 2373//4293 2380//4293
f 2375//4294 2380//4294 2382//4294
f 2361//4295 2374//4295 2381//4295
f 2361//4296 2381//4296 2383//4296
f 2363//4297 2375//4297 2382//4297
f 2363//4298 2382//4298 2384//4298
f 2362//4299 2361//4299 2383//4299
f 2362//4300 2383//4300 2385//4300
f 2364//4301 2363//4301 2384//4301
f 2364//4302 2384//4302 2386//4302
f 2365//4303 2362//4303 2385//4303
f 2365//4304 2385//4304 2387//4304
f 2366//4305 2364//4305 2386//4305
f 2366//916 2386//916 2388//916
f 2367//4306 2365//4306 2387//4306
f 2367//4307 2387//4307 2389//4307
f 2368//4308 2366//4308 2388//4308
f 2368//4309 2388//4309 2390//4309
f 2369//4310 2367//4310 2389//4310
f 2369//4311 2389//4311 2376//4311
f 2370//4312 2342//4312 2378//4312
f 2344//4313 2368//4313 2390//4313
f 2386//4314 2384//4314 2391//4314
f 2386//4315 2391//4315 2392//4315
f 2387//4316 2385//4316 2393//4316
f 2387//4317 2393//4317 2394//4317
f 2388//4318 2386//4318 2392//4318
f 2388//4319 2392//4319 2395//4319
f 2389//4320 2387//4320 2394//4320
f 2389//4321 2394//4321 2396//4321
f 2390//4322 2388//4322 2395//4322
f 2390//4323 2395//4323 2397//4323
f 2376//4324 2389//4324 2396//4324
f 2376//4325 2396//4325 2398//4325
f 2378//4326 2342//4326 2399//4326
f 2344//4327 2390//4327 2397//4327
f 2377//4328 2376//4328 2398//4328
f 2377//4329 2398//4329 2400//4329
f 2379//4330 2378//4330 2399//4330
f 2379//4331 2399//4331 2401//4331
f 2380//4332 2377//4332 2400//4332
f 2380//4333 2400//4333 2402//4333
f 2381//4334 2379//4334 2401//4334
f 2381//4335 2401//4335 2403//4335
f 2382//4336 2380//4336 2402//4336
f 2382//4337 2402//4337 2404//4337
f 2383//4338 2381//4338 2403//4338
f 2383//4339 2403//4339 2405//4339
f 2384//4340 2382//4340 2404//4340
f 2384//4341 2404//4341 2391//4341
f 2385//4342 2383//4342 2405//4342
f 2385//4343 2405//4343 2393//4343
f 2402//4344 2400//4344 2406//4344
f 2402//4345 2406//4345 2407//4345
f 2403//4346 2401//4346 2408//4346
f 2403//4347 2408//4347 2409//4347
f 2404//4348 2402//4348 2407//4348
f 2404//4349 2407//4349 2410//4349
f 2405//4350 2403//4350 2409//4350
f 2405//4351 2409//4351 2411//4351
f 2391//4352 2404//4352 2410//4352
f 2391//4353 2410//4353 2412//4353
f 2393//4354 2405//4354 2411//4354
f 2393//4355 2411//4355 2413//4355
f 2392//4356 2391//4356 2412//4356
f 2392//4357 2412//4357 2414//4357
f 2394//4358 2393//4358 2413//4358
f 2394//4359 2413//4359 2415//4359
f 2395//4360 2392//4360 2414//4360
f 2395//4361 2414//4361 2416//4361
f 2396//4362 2394//4362 2415//4362
f 2396//4363 2415//4363 2417//4363
f 2397//4364 2395//4364 2416//4364
f 2397//4365 2416//4365 2418//4365
f 2398//4366 2396//4366 2417//4366
f 2398//4367 2417//4367 2419//4367
f 2399//4368 2342//4368 2420//4368
f 2344//4369 2397//4369 2418//4369
f 2400//4370 2398//4370 2419//4370
f 2400//4371 2419//4371 2406//4371
f 2401//4372 2399//4372 2420//4372
f 2401//4373 2420//4373 2408//4373
f 2416//985 2414//985 2421//985
f 2416//986 2421//986 2422//986
f 2417//4374 2415//4374 2423//4374
f 2417//4375 2423//4375 2424//4375
f 2418//4376 2416//4376 2422//4376
f 2418//4377 2422//4377 2425//4377
f 2419//4378 2417//4378 2424//4378
f 2419//4379 2424//4379 2426//4379
f 2420//4380 2342//4380 2427//4380
f 2344//4381 2418//4381 2425//4381
f 2406//4382 2419//4382 2426//4382
f 2406//4383 2426//4383 2428//4383
f 2408//4384 2420//4384 2427//4384
f 2408//4385 2427//4385 2429//4385
f 2407//4386 2406//4386 2428//4386
f 2407//4387 2428//4387 2430//4387
f 2409//4388 2408//4388 2429//4388
f 2409//4389 2429//4389 2431//4389
f 2410//4390 2407//4390 2430//4390
f 2410//4391 2430//4391 2432//4391
f 2411//4392 2409//4392 2431//4392
f 2411//4393 2431//4393 2433//4393
f 2412//4394 2410//4394 2432//4394
f 2412//4395 2432//4395 2434//4395
f 2413//4396 2411//4396 2433//4396
f 2413//4397 2433//4397 2435//4397
f 2414//4398 2412//4398 2434//4398
f 2414//4399 2434//4399 2421//4399
f 2415//4400 2413//4400 2435//4400
f 2415//4401 2435//4401 2423//4401
f 2431//4402 2429//4402 2436//4402
f 2431//4403 2436//4403 2437//4403
f 2432//4404 2430//4404 2438//4404
f 2432//4405 2438//4405 2439//4405
f 2433//4406 2431//4406 2437//4406
f 2433//4407 2437//4407 2440//4407
f 2434//4408 2432//4408 2439//4408
f 2434//4409 2439//4409 2441//4409
f 2435//4410 2433//4410 2440//4410
f 2435//4411 2440//4411 2442//4411
f 2421//4412 2434//4412 2441//4412
f 2421//4413 2441//4413 2443//4413
f 2423//4414 2435//4414 2442//4414
f 2423//4415 2442//4415 2444//4415
f 2422//4416 2421//4416 2443//4416
f 2422//4417 2443//4417 2445//4417
f 2424//4418 2423//4418 2444//4418
f 2424//4419 2444//4419 2446//4419
f 2425//4420 2422//4420 2445//4420
f 2425//4421 2445//4421 2447//4421
f 2426//4422 2424//4422 2446//4422
f 2426//4423 2446//4423 2448//4423
f 2427//4424 2342//4424 2449//4424
f 2344//4425 2425//4425 2447//4425
f 2428//4426 2426//4426 2448//4426
f 2428//4427 2448//4427 2450//4427
f 2429//4428 2427//4428 2449//4428
f 2429//4429 2449//4429 2436//4429
f 2430//4430 2428//4430 2450//4430
f 2430//4431 2450//4431 2438//4431
f 2446//4432 2444//4432 2451//4432
f 2446//4433 2451//4433 2452//4433
f 2447//4434 2445//4434 2453//4434
f 2447//4435 2453//4435 2454//4435
f 2448//4436 2446//4436 2452//4436
f 2448//1050 2452//1050 2455//1050
f 2449//4437 2342//4437 2456//4437
f 2344//4438 2447//4438 2454//4438
f 2450//4439 2448//4439 2455//4439
f 2450//4440 2455//4440 2457//4440
f 2436//4441 2449//4441 2456//4441
f 2436//4442 2456//4442 2458//4442
f 2438//4443 2450//4443 2457//4443
f 2438//4444 2457//4444 2459//4444
f 2437//4445 2436//4445 2458//4445
f 2437//4446 2458//4446 2460//4446
f 2439//4447 2438//4447 2459//4447
f 2439//1062 2459//1062 2461//1062
f 2440//4448 2437//4448 2460//4448
f 2440//4449 2460//4449 2462//4449
f 2441//4450 2439//4450 2461//4450
f 2441//4451 2461//4451 2463//4451
f 2442//4452 2440//4452 2462//4452
f 2442//4453 2462//4453 2464//4453
f 2443//4454 2441//4454 2463//4454
f 2443//4455 2463//4455 2465//4455
f 2444//4456 2442//4456 2464//4456
f 2444//4457 2464//4457 2451//4457
f 2445//4458 2443//4458 2465//4458
f 2445//4459 2465//4459 2453//4459
f 2461//4460 2459//4460 2466//4460
f 2461//4461 2466//4461 2467//4461
f 2462//4462 2460//4462 2468//4462
f 2462//4463 2468//4463 2469//4463
f 2463//4464 2461//4464 2467//4464
f 2463//4465 2467//4465 2470//4465
f 2464//4466 2462//4466 2469//4466
f 2464//4467 2469//4467 2471//4467
f 2465//4468 2463//4468 2470//4468
f 2465//4469 2470//4469 2472//4469
f 2451//4470 2464//4470 2471//4470
f 2451//4471 2471//4471 2473//4471
f 2453//4472 2465//4472 2472//4472
f 2453//4473 2472//4473 2474//4473
f 2452//1089 2451//1089 2473//1089
f 2452//4474 2473//4474 2475//4474
f 2454//4475 2453//4475 2474//4475
f 2454//4476 2474//4476 2476//4476
f 2455//4477 2452//4477 2475//4477
f 2455//4478 2475//4478 2477//4478
f 2456//4479 2342//4479 2478//4479
f 2344//4480 2454//4480 2476//4480
f 2457//1097 2455//1097 2477//1097
f 2457//4481 2477//4481 2479//4481
f 2458//4482 2456//4482 2478//4482
f 2458//4483 2478//4483 2480//4483
f 2459//4484 2457//4484 2479//4484
f 2459//4485 2479//4485 2466//4485
f 2460//4486 2458//4486 2480//4486
f 2460//4487 2480//4487 2468//4487
f 2476//4488 2474//4488 2481//4488
f 2476//4489 2481//4489 2482//4489
f 2477//4490 2475//4490 2483//4490
f 2477//4491 2483//4491 2484//4491
f 2478//4492 2342//4492 2485//4492
f 2344//4493 2476//4493 2482//4493
f 2479//4494 2477//4494 2484//4494
f 2479//4495 2484//4495 2486//4495
f 2480//4496 2478//4496 2485//4496
f 2480//4497 2485//4497 2487//4497
f 2466//1115 2479//1115 2486//1115
f 2466//4498 2486//4498 2488//4498
f 2468//4499 2480//4499 2487//4499
f 2468//4500 2487//4500 2489//4500
f 2467//4501 2466//4501 2488//4501
f 2467//4502 2488//4502 2490//4502
f 2469//4503 2468//4503 2489//4503
f 2469//4504 2489//4504 2491//4504
f 2470//4505 2467//4505 2490//4505
f 2470//4506 2490//4506 2492//4506
f 2471//4507 2469//4507 2491//4507
f 2471//4508 2491//4508 2493//4508
f 2472//4509 2470//4509 2492//4509
f 2472//4510 2492//4510 2494//4510
f 2473//4511 2471//4511 2493//4511
f 2473//4512 2493//4512 2495//4512
f 2474//4513 2472//4513 2494//4513
f 2474//4514 2494//4514 2481//4514
f 2475//4515 2473//4515 2495//4515
f 2475//4516 2495//4516 2483//4516
f 2491//4517 2489//4517 2496//4517
f 2491//4518 2496//4518 2497//4518
f 2498//4519 2492//4519 2490//4519
f 2490//4520 2499//4520 2500//4520
f 2490//4521 2500//4521 2498//4521
f 2501//4522 2493//4522 2491//4522
f 2491//4523 2497//4523 2502//4523
f 2491//4524 2502//4524 2501//4524
f 2494//4525 2492//4525 2498//4525
f 2494//4526 2498//4526 2503//4526
f 2495//4527 2493//4527 2501//4527
f 2495//4528 2501//4528 2504//4528
f 2481//4529 2494//4529 2503//4529
f 2481//4530 2503//4530 2505//4530
f 2483//4531 2495//4531 2504//4531
f 2483//1150 2504//1150 2506//1150
f 2482//4532 2481//4532 2505//4532
f 2482//4533 2505//4533 2507//4533
f 2484//4534 2483//4534 2506//4534
f 2484//4535 2506//4535 2508//4535
f 2485//4536 2342//4536 2509//4536
f 2344//4537 2482//4537 2507//4537
f 2486//4538 2484//4538 2508//4538
f 2486//4539 2508//4539 2510//4539
f 2487//4540 2485//4540 2509//4540
f 2487//4541 2509//4541 2511//4541
f 2488//4542 2486//4542 2510//4542
f 2488//4543 2510//4543 2512//4543
f 2489//4544 2487//4544 2511//4544
f 2489//4545 2511//4545 2496//4545
f 2490//4546 2488//4546 2512//4546
f 2490//4547 2512//4547 2499//4547
f 2509//4548 2342//4548 2513//4548
f 2344//4549 2507//4549 2514//4549
f 2511//4550 2509//4550 2513//4550
f 2511//4551 2513//4551 2515//4551
f 2496//4552 2511//4552 2515//4552
f 2496//4553 2515//4553 2516//4553
f 2517//4554 2497//4554 2496//4554
f 2496//4555 2516//4555 2518//4555
f 2496//4554 2518//4554 2517//4554
f 2498//4556 2500//4556 2519//4556
f 2520//4557 2503//4557 2498//4557
f 2498//4558 2519//4558 2521//4558
f 2498//4559 2521//4559 2520//4559
f 2505//4560 2503//4560 2520//4560
f 2505//4561 2520//4561 2522//4561
f 2507//4562 2505//4562 2522//4562
f 2507//4563 2522//4563 2514//4563
f 2520//4564 2521//4564 2523//4564
f 2524//4565 2522//4565 2520//4565
f 2520//4566 2523//4566 2525//4566
f 2520//4567 2525//4567 2524//4567
f 2514//4568 2522//4568 2524//4568
f 2514//4569 2524//4569 2526//4569
f 2513//4570 2342//4570 2527//4570
f 2344//4571 2514//4571 2526//4571
f 2515//4572 2513//4572 2527//4572
f 2515//4573 2527//4573 2528//4573
f 2529//4574 2516//4574 2515//4574
f 2515//1195 2528//1195 2530//1195
f 2515//4575 2530//4575 2529//4575
f 2344//4576 2526//4576 2531//4576
f 2528//4577 2527//4577 2532//4577
f 2528//4578 2532//4578 2533//4578
f 2524//4579 2525//4579 2534//4579
f 2524//4580 2534//4580 2535//4580
f 2526//4581 2524//4581 2535//4581
f 2526//4582 2535//4582 2531//4582
f 2527//4583 2342//4583 2532//4583
f 2535//4584 2534//4584 2536//4584
f 2535//4585 2536//4585 2537//4585
f 2531//4586 2535//4586 2537//4586
f 2531//1208 2537//1208 2538//1208
f 2532//4587 2342//4587 2539//4587
f 2344//4588 2531//4588 2538//4588
f 2533//4589 2532//4589 2539//4589
f 2533//4590 2539//4590 2540//4590
f 2540//4591 2539//4591 2541//4591
f 2540//4592 2541//4592 2542//4592
f 2537//4593 2536//4593 2543//4593
f 2537//4594 2543//4594 2544//4594
f 2538//4595 2537//4595 2544//4595
f 2538//4596 2544//4596 2545//4596
f 2539//4597 2342//4597 2541//4597
f 2344//4598 2538//4598 2545//4598
f 2544//4599 2543//4599 2546//4599
f 2544//4600 2546//4600 2547//4600
f 2545//4601 2544//4601 2547//4601
f 2545//4602 2547//4602 2548//4602
f 2541//4603 2342//4603 2549//4603
f 2344//4604 2545//4604 2548//4604
f 2542//4605 2541//4605 2549//4605
f 2542//4606 2549//4606 2550//4606
f 2547//4607 2546//4607 2551//4607
f 2547//4608 2551//4608 2552//4608
f 2548//4609 2547//4609 2552//4609
f 2548//4610 2552//4610 2553//4610
f 2549//4611 2342//4611 2554//4611
f 2344//4612 2548//4612 2553//4612
f 2550//4613 2549//4613 2554//4613
f 2550//4614 2554//4614 2555//4614
f 2552//4615 2551//4615 2556//4615
f 2552//4616 2556//4616 2557//4616
f 2553//4617 2552//4617 2557//4617
f 2553//4618 2557//4618 2558//4618
f 2554//4619 2342//4619 2559//4619
f 2344//4620 2553//4620 2558//4620
f 2555//4621 2554//4621 2559//4621
f 2555//4622 2559//4622 2560//4622
f 2561//4623 2557//4623 2556//4623
f 2556//4624 2562//4624 2563//4624
f 2556//4625 2563//4625 2561//4625
f 2558//4626 2557//4626 2561//4626
f 2558//4627 2561//4627 2564//4627
f 2559//4628 2342//4628 2565//4628
f 2344//4629 2558//4629 2564//4629
f 2560//4630 2559//4630 2565//4630
f 2560//4631 2565//4631 2566//4631
f 2564//4632 2561//4632 2567//4632
f 2564//4633 2567//4633 2568//4633
f 2565//4634 2342//4634 2569//4634
f 2344//4635 2564//4635 2568//4635
f 2566//4636 2565//4636 2569//4636
f 2566//4637 2569//4637 2570//4637
f 2571//4638 2566//4638 2570//4638
f 2571//4639 2570//4639 2572//4639
f 2573//4640 2563//4640 2574//4640
f 2574//4641 2575//4641 2576//4641
f 2574//4642 2576//4642 2573//4642
f 2561//4643 2563//4643 2573//4643
f 2561//4644 2573//4644 2567//4644
f 2577//4645 2572//4645 2578//4645
f 2577//4646 2578//4646 2579//4646
f 2580//4647 2576//4647 2581//4647
f 2581//4648 2582//4648 2583//4648
f 2581//4649 2583//4649 2580//4649
f 2573//4650 2576//4650 2580//4650
f 2573//4651 2580//4651 2584//4651
f 2567//4652 2573//4652 2584//4652
f 2567//4653 2584//4653 2585//4653
f 2568//4654 2567//4654 2585//4654
f 2568//4655 2585//4655 2586//4655
f 2569//4656 2342//4656 2587//4656
f 2344//4657 2568//4657 2586//4657
f 2570//4658 2569//4658 2587//4658
f 2570//4659 2587//4659 2588//4659
f 2572//4660 2570//4660 2588//4660
f 2572//4661 2588//4661 2578//4661
f 2586//4662 2585//4662 2589//4662
f 2586//4663 2589//4663 2590//4663
f 2591//4664 2592//4664 2593//4664
f 2591//4665 2593//4665 2594//4665
f 2587//4666 2342//4666 2595//4666
f 2344//4667 2586//4667 2590//4667
f 2596//4668 2591//4668 2594//4668
f 2596//4669 2594//4669 2597//4669
f 2588//4670 2587//4670 2595//4670
f 2588//4671 2595//4671 2598//4671
f 2599//4672 2596//4672 2597//4672
f 2599//4673 2597//4673 2600//4673
f 2578//4674 2588//4674 2598//4674
f 2578//4675 2598//4675 2601//4675
f 2583//4676 2599//4676 2600//4676
f 2583//4677 2600//4677 2602//4677
f 2579//4678 2578//4678 2601//4678
f 2579//4679 2601//4679 2603//4679
f 2580//4680 2583//4680 2602//4680
f 2580//4681 2602//4681 2604//4681
f 2605//4682 2579//4682 2603//4682
f 2605//4683 2603//4683 2606//4683
f 2584//4684 2580//4684 2604//4684
f 2584//4685 2604//4685 2607//4685
f 2608//4686 2605//4686 2606//4686
f 2608//4687 2606//4687 2609//4687
f 2585//4688 2584//4688 2607//4688
f 2585//4689 2607//4689 2589//4689
f 2592//4690 2608//4690 2609//4690
f 2592//4691 2609//4691 2593//4691
f 2604//4692 2602//4692 2610//4692
f 2604//4693 2610//4693 2611//4693
f 2606//4694 2603//4694 2612//4694
f 2606//4695 2612//4695 2613//4695
f 2607//4696 2604//4696 2611//4696
f 2607//4697 2611//4697 2614//4697
f 2609//4698 2606//4698 2613//4698
f 2609//4699 2613//4699 2615//4699
f 2589//4700 2607//4700 2614//4700
f 2589//4701 2614//4701 2616//4701
f 2593//4702 2609//4702 2615//4702
f 2593//4703 2615//4703 2617//4703
f 2590//4704 2589//4704 2616//4704
f 2590//4705 2616//4705 2618//4705
f 2594//4706 2593//4706 2617//4706
f 2594//4707 2617//4707 2619//4707
f 2595//4708 2342//4708 2620//4708
f 2344//4709 2590//4709 2618//4709
f 2597//4710 2594//4710 2619//4710
f 2597//4711 2619//4711 2621//4711
f 2598//4712 2595//4712 2620//4712
f 2598//4713 2620//4713 2622//4713
f 2600//4714 2597//4714 2621//4714
f 2600//4715 2621//4715 2623//4715
f 2601//4716 2598//4716 2622//4716
f 2601//4717 2622//4717 2624//4717
f 2602//4718 2600//4718 2623//4718
f 2602//1341 2623//1341 2610//1341
f 2603//4719 2601//4719 2624//4719
f 2603//4720 2624//4720 2612//4720
f 2620//4721 2342//4721 2625//4721
f 2344//4722 2618//4722 2626//4722
f 2621//4723 2619//4723 2627//4723
f 2621//4724 2627//4724 2628//4724
f 2622//4725 2620//4725 2625//4725
f 2622//4726 2625//4726 2629//4726
f 2623//4727 2621//4727 2628//4727
f 2623//4728 2628//4728 2630//4728
f 2624//1352 2622//1352 2629//1352
f 2624//4729 2629//4729 2631//4729
f 2610//4730 2623//4730 2630//4730
f 2610//4731 2630//4731 2632//4731
f 2612//4732 2624//4732 2631//4732
f 2612//4733 2631//4733 2633//4733
f 2611//4734 2610//4734 2632//4734
f 2611//4735 2632//4735 2634//4735
f 2613//4736 2612//4736 2633//4736
f 2613//4737 2633//4737 2635//4737
f 2614//4738 2611//4738 2634//4738
f 2614//4739 2634//4739 2636//4739
f 2615//4740 2613//4740 2635//4740
f 2615//1365 2635//1365 2637//1365
f 2616//4741 2614//4741 2636//4741
f 2616//4742 2636//4742 2638//4742
f 2617//4743 2615//4743 2637//4743
f 2617//4744 2637//4744 2639//4744
f 2618//4745 2616//4745 2638//4745
f 2618//4746 2638//4746 2626//4746
f 2619//4747 2617//4747 2639//4747
f 2619//4748 2639//4748 2627//4748
f 2635//4749 2633//4749 2640//4749
f 2635//4750 2640//4750 2641//4750
f 2636//4751 2634//4751 2642//4751
f 2636//4752 2642//4752 2643//4752
f 2637//4753 2635//4753 2641//4753
f 2637//4754 2641//4754 2644//4754
f 2638//4755 2636//4755 2643//4755
f 2638//4756 2643//4756 2645//4756
f 2639//4757 2637//4757 2644//4757
f 2639//4758 2644//4758 2646//4758
f 2626//4759 2638//4759 2645//4759
f 2626//4760 2645//4760 2647//4760
f 2627//4761 2639//4761 2646//4761
f 2627//4762 2646//4762 2648//4762
f 2625//4763 2342//4763 2649//4763
f 2344//4764 2626//4764 2647//4764
f 2628//4765 2627//4765 2648//4765
f 2628//4766 2648//4766 2650//4766
f 2629//4767 2625//4767 2649//4767
f 2629//4768 2649//4768 2651//4768
f 2630//4769 2628//4769 2650//4769
f 2630//4770 2650//4770 2652//4770
f 2631//4771 2629//4771 2651//4771
f 2631//4772 2651//4772 2653//4772
f 2632//4773 2630//4773 2652//4773
f 2632//4774 2652//4774 2654//4774
f 2633//4775 2631//4775 2653//4775
f 2633//4776 2653//4776 2640//4776
f 2634//4777 2632//4777 2654//4777
f 2634//4778 2654//4778 2642//4778
f 2650//4779 2648//4779 2655//4779
f 2650//4780 2655//4780 2656//4780
f 2651//4781 2649//4781 2657//4781
f 2651//4782 2657//4782 2658//4782
f 2652//4783 2650//4783 2656//4783
f 2652//4784 2656//4784 2659//4784
f 2653//4785 2651//4785 2658//4785
f 2653//4786 2658//4786 2660//4786
f 2654//4787 2652//4787 2659//4787
f 2654//4788 2659//4788 2661//4788
f 2640//4789 2653//4789 2660//4789
f 2640//4790 2660//4790 2662//4790
f 2642//4791 2654//4791 2661//4791
f 2642//4792 2661//4792 2663//4792
f 2641//4793 2640//4793 2662//4793
f 2641//4794 2662//4794 2664//4794
f 2643//4795 2642//4795 2663//4795
f 2643//4796 2663//4796 2665//4796
f 2644//4797 2641//4797 2664//4797
f 2644//4798 2664//4798 2666//4798
f 2645//4799 2643//4799 2665//4799
f 2645//1425 2665//1425 2667//1425
f 2646//4800 2644//4800 2666//4800
f 2646//4801 2666//4801 2668//4801
f 2647//4802 2645//4802 2667//4802
f 2647//4803 2667//4803 2669//4803
f 2648//4804 2646//4804 2668//4804
f 2648//4805 2668//4805 2655//4805
f 2649//4806 2342//4806 2657//4806
f 2344//4807 2647//4807 2669//4807
f 2665//4808 2663//4808 2670//4808
f 2665//4809 2670//4809 2671//4809
f 2666//4810 2664//4810 2672//4810
f 2666//4811 2672//4811 2673//4811
f 2667//4812 2665//4812 2671//4812
f 2667//4813 2671//4813 2674//4813
f 2668//4814 2666//4814 2673//4814
f 2668//4815 2673//4815 2675//4815
f 2669//4816 2667//4816 2674//4816
f 2669//4817 2674//4817 2676//4817
f 2655//4818 2668//4818 2675//4818
f 2655//4819 2675//4819 2677//4819
f 2657//4820 2342//4820 2678//4820
f 2344//4821 2669//4821 2676//4821
f 2656//4822 2655//4822 2677//4822
f 2656//4823 2677//4823 2679//4823
f 2658//4824 2657//4824 2678//4824
f 2658//4825 2678//4825 2680//4825
f 2659//4826 2656//4826 2679//4826
f 2659//4827 2679//4827 2681//4827
f 2660//4828 2658//4828 2680//4828
f 2660//4829 2680//4829 2682//4829
f 2661//4830 2659//4830 2681//4830
f 2661//4831 2681//4831 2683//4831
f 2662//4832 2660//4832 2682//4832
f 2662//4833 2682//4833 2684//4833
f 2663//4834 2661//4834 2683//4834
f 2663//4835 2683//4835 2670//4835
f 2664//4836 2662//4836 2684//4836
f 2664//4837 2684//4837 2672//4837
f 2680//4838 2678//4838 2685//4838
f 2680//4839 2685//4839 2686//4839
f 2681//4840 2679//4840 2687//4840
f 2681//4841 2687//4841 2688//4841
f 2682//4842 2680//4842 2686//4842
f 2682//4843 2686//4843 2689//4843
f 2683//1470 2681//1470 2688//1470
f 2683//1471 2688//1471 2690//1471
f 2684//4844 2682//4844 2689//4844
f 2684//4845 2689//4845 2691//4845
f 2670//1474 2683//1474 2690//1474
f 2670//1475 2690//1475 2692//1475
f 2672//4846 2684//4846 2691//4846
f 2672//4847 2691//4847 2693//4847
f 2671//4848 2670//4848 2692//4848
f 2671//4849 2692//4849 2694//4849
f 2673//4850 2672//4850 2693//4850
f 2673//4851 2693//4851 2695//4851
f 2674//4852 2671//4852 2694//4852
f 2674//4853 2694//4853 2696//4853
f 2675//4854 2673//4854 2695//4854
f 2675//4855 2695//4855 2697//4855
f 2676//4856 2674//4856 2696//4856
f 2676//4857 2696//4857 2698//4857
f 2677//4858 2675//4858 2697//4858
f 2677//4859 2697//4859 2699//4859
f 2678//4860 2342//4860 2685//4860
f 2344//4861 2676//4861 2698//4861
f 2679//4862 2677//4862 2699//4862
f 2679//4863 2699//4863 2687//4863
f 2695//4864 2693//4864 2700//4864
f 2695//4865 2700//4865 2701//4865
f 2696//4866 2694//4866 2702//4866
f 2696//4867 2702//4867 2703//4867
f 2697//4868 2695//4868 2701//4868
f 2697//4869 2701//4869 2704//4869
f 2698//4870 2696//4870 2703//4870
f 2698//4871 2703//4871 2705//4871
f 2699//4872 2697//4872 2704//4872
f 2699//4873 2704//4873 2706//4873
f 2685//4874 2342//4874 2707//4874
f 2344//4875 2698//4875 2705//4875
f 2687//4876 2699//4876 2706//4876
f 2687//4877 2706//4877 2708//4877
f 2686//4878 2685//4878 2707//4878
f 2686//4879 2707//4879 2709//4879
f 2688//4880 2687//4880 2708//4880
f 2688//4881 2708//4881 2710//4881
f 2689//4882 2686//4882 2709//4882
f 2689//4883 2709//4883 2711//4883
f 2690//4884 2688//4884 2710//4884
f 2690//4885 2710//4885 2712//4885
f 2691//4886 2689//4886 2711//4886
f 2691//4887 2711//4887 2713//4887
f 2692//1518 2690//1518 2712//1518
f 2692//1519 2712//1519 2714//1519
f 2693//4888 2691//4888 2713//4888
f 2693//4889 2713//4889 2700//4889
f 2694//4890 2692//4890 2714//4890
f 2694//4891 2714//4891 2702//4891
f 2710//4892 2708//4892 2715//4892
f 2710//4893 2715//4893 2716//4893
f 2711//4894 2709//4894 2717//4894
f 2711//4895 2717//4895 2718//4895
f 2712//4896 2710//4896 2716//4896
f 2712//4897 2716//4897 2719//4897
f 2713//4898 2711//4898 2718//4898
f 2713//4899 2718//4899 2720//4899
f 2714//4900 2712//4900 2719//4900
f 2714//4901 2719//4901 2721//4901
f 2700//4902 2713//4902 2720//4902
f 2700//4903 2720//4903 2722//4903
f 2702//4904 2714//4904 2721//4904
f 2702//1537 2721//1537 2723//1537
f 2701//4905 2700//4905 2722//4905
f 2701//4906 2722//4906 2724//4906
f 2703//4907 2702//4907 2723//4907
f 2703//4908 2723//4908 2725//4908
f 2704//4909 2701//4909 2724//4909
f 2704//4910 2724//4910 2726//4910
f 2705//4911 2703//4911 2725//4911
f 2705//4912 2725//4912 2727//4912
f 2706//4913 2704//4913 2726//4913
f 2706//4914 2726//4914 2728//4914
f 2707//4915 2342//4915 2729//4915
f 2344//4916 2705//4916 2727//4916
f 2708//4917 2706//4917 2728//4917
f 2708//4918 2728//4918 2715//4918
f 2709//4919 2707//4919 2729//4919
f 2709//4920 2729//4920 2717//4920
f 2725//4921 2723//4921 2330//4921
f 2725//4922 2330//4922 2329//4922
f 2726//4923 2724//4923 2334//4923
f 2726//4924 2334//4924 2333//4924
f 2727//4925 2725//4925 2329//4925
f 2727//1559 2329//1559 2337//1559
f 2728//4926 2726//4926 2333//4926
f 2728//4927 2333//4927 2339//4927
f 2729//4928 2342//4928 2341//4928
f 2344//1563 2727//1563 2337//1563
f 2715//4929 2728//4929 2339//4929
f 2715//4930 2339//4930 2345//4930
f 2717//4931 2729//4931 2341//4931
f 2717//4932 2341//4932 2347//4932
f 2716//4933 2715//4933 2345//4933
f 2716//4934 2345//4934 2349//4934
f 2718//4935 2717//4935 2347//4935
f 2718//4936 2347//4936 2351//4936
f 2719//4937 2716//4937 2349//4937
f 2719//4938 2349//4938 2353//4938
f 2720//4939 2718//4939 2351//4939
f 2720//4940 2351//4940 2355//4940
f 2721//1576 2719//1576 2353//1576
f 2721//4941 2353//4941 2357//4941
f 2722//4942 2720//4942 2355//4942
f 2722//4943 2355//4943 2359//4943
f 2723//4944 2721//4944 2357//4944
f 2723//4945 2357//4945 2330//4945
f 2724//4946 2722//4946 2359//4946
f 2724//4947 2359//4947 2334//4947
f 2730//4948 2731//4948 2732//4948
f 2730//4949 2732//4949 2733//4949
f 2734//4950 2735//4950 2736//4950
f 2734//4951 2736//4951 2737//4951
f 2738//4952 2730//4952 2733//4952
f 2738//4953 2733//4953 2739//4953
f 2740//4954 2734//4954 2737//4954
f 2740//4955 2737//4955 2741//4955
f 2742//4956 2738//4956 2739//4956
f 2742//4957 2739//4957 2743//4957
f 2744//4958 2740//4958 2741//4958
f 2744//4959 2741//4959 2745//4959
f 2746//4960 2742//4960 2743//4960
f 2746//4961 2743//4961 2747//4961
f 2748//4962 2744//4962 2745//4962
f 2748//4963 2745//4963 2749//4963
f 2750//4964 2746//4964 2747//4964
f 2750//4965 2747//4965 2751//4965
f 2752//4966 2748//4966 2749//4966
f 2752//4967 2749//4967 2753//4967
f 2754//4968 2750//4968 2751//4968
f 2754//4969 2751//4969 2755//4969
f 2756//4970 2752//4970 2753//4970
f 2756//4971 2753//4971 2757//4971
f 2758//4972 2754//4972 2755//4972
f 2758//4973 2755//4973 2759//4973
f 2731//4974 2756//4974 2757//4974
f 2731//4975 2757//4975 2732//4975
f 2735//4976 2760//4976 2736//4976
f 2761//4977 2758//4977 2759//4977
f 2759//4978 2755//4978 2762//4978
f 2759//4979 2762//4979 2763//4979
f 2732//4980 2757//4980 2764//4980
f 2732//4981 2764//4981 2765//4981
f 2736//4982 2760//4982 2766//4982
f 2761//4983 2759//4983 2763//4983
f 2733//4984 2732//4984 2765//4984
f 2733//4985 2765//4985 2767//4985
f 2737//4986 2736//4986 2766//4986
f 2737//4987 2766//4987 2768//4987
f 2739//4988 2733//4988 2767//4988
f 2739//4989 2767//4989 2769//4989
f 2741//4990 2737//4990 2768//4990
f 2741//4991 2768//4991 2770//4991
f 2743//4992 2739//4992 2769//4992
f 2743//4993 2769//4993 2771//4993
f 2745//4994 2741//4994 2770//4994
f 2745//4995 2770//4995 2772//4995
f 2747//4996 2743//4996 2771//4996
f 2747//4997 2771//4997 2773//4997
f 2749//4998 2745//4998 2772//4998
f 2749//4999 2772//4999 2774//4999
f 2751//5000 2747//5000 2773//5000
f 2751//5001 2773//5001 2775//5001
f 2753//5002 2749//5002 2774//5002
f 2753//5003 2774//5003 2776//5003
f 2755//5004 2751//5004 2775//5004
f 2755//5005 2775//5005 2762//5005
f 2757//5006 2753//5006 2776//5006
f 2757//5007 2776//5007 2764//5007
f 2773//5008 2771//5008 2777//5008
f 2773//5009 2777//5009 2778//5009
f 2774//5010 2772//5010 2779//5010
f 2774//5011 2779//5011 2780//5011
f 2775//5012 2773//5012 2778//5012
f 2775//5013 2778//5013 2781//5013
f 2776//5014 2774//5014 2780//5014
f 2776//5015 2780//5015 2782//5015
f 2762//5016 2775//5016 2781//5016
f 2762//5017 2781//5017 2783//5017
f 2764//5018 2776//5018 2782//5018
f 2764//5019 2782//5019 2784//5019
f 2763//5020 2762//5020 2783//5020
f 2763//5021 2783//5021 2785//5021
f 2765//5022 2764//5022 2784//5022
f 2765//5023 2784//5023 2786//5023
f 2766//5024 2760//5024 2787//5024
f 2761//5025 2763//5025 2785//5025
f 2767//5026 2765//5026 2786//5026
f 2767//5027 2786//5027 2788//5027
f 2768//5028 2766//5028 2787//5028
f 2768//5029 2787//5029 2789//5029
f 2769//5030 2767//5030 2788//5030
f 2769//5031 2788//5031 2790//5031
f 2770//5032 2768//5032 2789//5032
f 2770//5033 2789//5033 2791//5033
f 2771//5034 2769//5034 2790//5034
f 2771//5035 2790//5035 2777//5035
f 2772//5036 2770//5036 2791//5036
f 2772//5037 2791//5037 2779//5037
f 2787//5038 2760//5038 2792//5038
f 2761//5039 2785//5039 2793//5039
f 2788//5040 2786//5040 2794//5040
f 2788//5041 2794//5041 2795//5041
f 2789//5042 2787//5042 2792//5042
f 2789//5043 2792//5043 2796//5043
f 2790//5044 2788//5044 2795//5044
f 2790//5045 2795//5045 2797//5045
f 2791//5046 2789//5046 2796//5046
f 2791//5047 2796//5047 2798//5047
f 2777//5048 2790//5048 2797//5048
f 2777//5049 2797//5049 2799//5049
f 2779//5050 2791//5050 2798//5050
f 2779//5051 2798//5051 2800//5051
f 2778//5052 2777//5052 2799//5052
f 2778//5053 2799//5053 2801//5053
f 2780//5054 2779//5054 2800//5054
f 2780//5055 2800//5055 2802//5055
f 2781//5056 2778//5056 2801//5056
f 2781//5057 2801//5057 2803//5057
f 2782//5058 2780//5058 2802//5058
f 2782//5059 2802//5059 2804//5059
f 2783//5060 2781//5060 2803//5060
f 2783//5061 2803//5061 2805//5061
f 2784//5062 2782//5062 2804//5062
f 2784//5063 2804//5063 2806//5063
f 2785//5064 2783//5064 2805//5064
f 2785//5065 2805//5065 2793//5065
f 2786//5066 2784//5066 2806//5066
f 2786//5067 2806//5067 2794//5067
f 2802//5068 2800//5068 2807//5068
f 2802//5069 2807//5069 2808//5069
f 2803//5070 2801//5070 2809//5070
f 2803//5071 2809//5071 2810//5071
f 2804//5072 2802//5072 2808//5072
f 2804//5073 2808//5073 2811//5073
f 2805//5074 2803//5074 2810//5074
f 2805//5075 2810//5075 2812//5075
f 2806//5076 2804//5076 2811//5076
f 2806//5077 2811//5077 2813//5077
f 2793//5078 2805//5078 2812//5078
f 2793//5079 2812//5079 2814//5079
f 2794//5080 2806//5080 2813//5080
f 2794//5081 2813//5081 2815//5081
f 2792//5082 2760//5082 2816//5082
f 2761//5083 2793//5083 2814//5083
f 2795//5084 2794//5084 2815//5084
f 2795//5085 2815//5085 2817//5085
f 2796//5086 2792//5086 2816//5086
f 2796//5087 2816//5087 2818//5087
f 2797//5088 2795//5088 2817//5088
f 2797//5089 2817//5089 2819//5089
f 2798//5090 2796//5090 2818//5090
f 2798//5091 2818//5091 2820//5091
f 2799//5092 2797//5092 2819//5092
f 2799//5093 2819//5093 2821//5093
f 2800//5094 2798//5094 2820//5094
f 2800//5095 2820//5095 2807//5095
f 2801//5096 2799//5096 2821//5096
f 2801//5097 2821//5097 2809//5097
f 2817//5098 2815//5098 2822//5098
f 2817//5099 2822//5099 2823//5099
f 2818//5100 2816//5100 2824//5100
f 2818//5101 2824//5101 2825//5101
f 2819//5102 2817//5102 2823//5102
f 2819//5103 2823//5103 2826//5103
f 2820//5104 2818//5104 2825//5104
f 2820//5105 2825//5105 2827//5105
f 2821//5106 2819//5106 2826//5106
f 2821//5107 2826//5107 2828//5107
f 2807//5108 2820//5108 2827//5108
f 2807//5109 2827//5109 2829//5109
f 2809//5110 2821//5110 2828//5110
f 2809//5111 2828//5111 2830//5111
f 2808//5112 2807//5112 2829//5112
f 2808//5113 2829//5113 2831//5113
f 2810//5114 2809//5114 2830//5114
f 2810//5115 2830//5115 2832//5115
f 2811//5116 2808//5116 2831//5116
f 2811//5117 2831//5117 2833//5117
f 2812//5118 2810//5118 2832//5118
f 2812//5119 2832//5119 2834//5119
f 2813//5120 2811//5120 2833//5120
f 2813//5121 2833//5121 2835//5121
f 2814//5122 2812//5122 2834//5122
f 2814//5123 2834//5123 2836//5123
f 2815//5124 2813//5124 2835//5124
f 2815//5125 2835//5125 2822//5125
f 2816//5126 2760//5126 2824//5126
f 2761//5127 2814//5127 2836//5127
f 2832//5128 2830//5128 2837//5128
f 2832//5129 2837//5129 2838//5129
f 2833//5130 2831//5130 2839//5130
f 2833//5131 2839//5131 2840//5131
f 2834//5132 2832//5132 2838//5132
f 2834//5133 2838//5133 2841//5133
f 2835//5134 2833//5134 2840//5134
f 2835//5135 2840//5135 2842//5135
f 2836//5136 2834//5136 2841//5136
f 2836//5137 2841//5137 2843//5137
f 2822//5138 2835//5138 2842//5138
f 2822//5139 2842//5139 2844//5139
f 2824//5140 2760//5140 2845//5140
f 2761//5141 2836//5141 2843//5141
f 2823//5142 2822//5142 2844//5142
f 2823//5143 2844//5143 2846//5143
f 2825//5144 2824//5144 2845//5144
f 2825//5145 2845//5145 2847//5145
f 2826//5146 2823//5146 2846//5146
f 2826//5147 2846//5147 2848//5147
f 2827//5148 2825//5148 2847//5148
f 2827//5149 2847//5149 2849//5149
f 2828//5150 2826//5150 2848//5150
f 2828//5151 2848//5151 2850//5151
f 2829//5152 2827//5152 2849//5152
f 2829//5153 2849//5153 2851//5153
f 2830//5154 2828//5154 2850//5154
f 2830//5155 2850//5155 2837//5155
f 2831//5156 2829//5156 2851//5156
f 2831//5157 2851//5157 2839//5157
f 2847//5158 2845//5158 2852//5158
f 2847//5159 2852//5159 2853//5159
f 2848//5160 2846//5160 2854//5160
f 2848//5161 2854//5161 2855//5161
f 2849//5162 2847//5162 2853//5162
f 2849//5163 2853//5163 2856//5163
f 2850//5164 2848//5164 2855//5164
f 2850//5165 2855//5165 2857//5165
f 2851//5166 2849//5166 2856//5166
f 2851//5167 2856//5167 2858//5167
f 2837//5168 2850//5168 2857//5168
f 2837//5169 2857//5169 2859//5169
f 2839//5170 2851//5170 2858//5170
f 2839//5171 2858//5171 2860//5171
f 2838//5172 2837//5172 2859//5172
f 2838//5173 2859//5173 2861//5173
f 2840//5174 2839//5174 2860//5174
f 2840//5175 2860//5175 2862//5175
f 2841//5176 2838//5176 2861//5176
f 2841//5177 2861//5177 2863//5177
f 2842//5178 2840//5178 2862//5178
f 2842//5179 2862//5179 2864//5179
f 2843//5180 2841//5180 2863//5180
f 2843//5181 2863//5181 2865//5181
f 2844//5182 2842//5182 2864//5182
f 2844//5183 2864//5183 2866//5183
f 2845//5184 2760//5184 2852//5184
f 2761//5185 2843//5185 2865//5185
f 2846//5186 2844//5186 2866//5186
f 2846//5187 2866//5187 2854//5187
f 2862//5188 2860//5188 2867//5188
f 2862//5189 2867//5189 2868//5189
f 2863//5190 2861//5190 2869//5190
f 2863//5191 2869//5191 2870//5191
f 2864//5192 2862//5192 2868//5192
f 2864//5193 2868//5193 2871//5193
f 2865//5194 2863//5194 2870//5194
f 2865//5195 2870//5195 2872//5195
f 2866//5196 2864//5196 2871//5196
f 2866//5197 2871//5197 2873//5197
f 2852//5198 2760//5198 2874//5198
f 2761//5199 2865//5199 2872//5199
f 2854//5200 2866//5200 2873//5200
f 2854//5201 2873//5201 2875//5201
f 2853//5202 2852//5202 2874//5202
f 2853//5203 2874//5203 2876//5203
f 2855//5204 2854//5204 2875//5204
f 2855//5205 2875//5205 2877//5205
f 2856//5206 2853//5206 2876//5206
f 2856//5207 2876//5207 2878//5207
f 2857//5208 2855//5208 2877//5208
f 2857//5209 2877//5209 2879//5209
f 2858//5210 2856//5210 2878//5210
f 2858//5211 2878//5211 2880//5211
f 2859//5212 2857//5212 2879//5212
f 2859//5213 2879//5213 2881//5213
f 2860//5214 2858//5214 2880//5214
f 2860//5215 2880//5215 2867//5215
f 2861//5216 2859//5216 2881//5216
f 2861//5217 2881//5217 2869//5217
f 2877//5218 2875//5218 2882//5218
f 2877//5219 2882//5219 2883//5219
f 2878//5220 2876//5220 2884//5220
f 2878//5221 2884//5221 2885//5221
f 2879//5222 2877//5222 2883//5222
f 2879//5223 2883//5223 2886//5223
f 2880//5224 2878//5224 2885//5224
f 2880//5225 2885//5225 2887//5225
f 2881//5226 2879//5226 2886//5226
f 2881//5227 2886//5227 2888//5227
f 2867//5228 2880//5228 2887//5228
f 2867//5229 2887//5229 2889//5229
f 2869//5230 2881//5230 2888//5230
f 2869//5231 2888//5231 2890//5231
f 2868//5232 2867//5232 2889//5232
f 2868//5233 2889//5233 2891//5233
f 2870//5234 2869//5234 2890//5234
f 2870//5235 2890//5235 2892//5235
f 2871//5236 2868//5236 2891//5236
f 2871//5237 2891//5237 2893//5237
f 2872//5238 2870//5238 2892//5238
f 2872//5239 2892//5239 2894//5239
f 2873//5240 2871//5240 2893//5240
f 2873//5241 2893//5241 2895//5241
f 2874//5242 2760//5242 2896//5242
f 2761//5243 2872//5243 2894//5243
f 2875//5244 2873//5244 2895//5244
f 2875//5245 2895//5245 2882//5245
f 2876//5246 2874//5246 2896//5246
f 2876//5247 2896//5247 2884//5247
f 2892//5248 2890//5248 2897//5248
f 2892//5249 2897//5249 2898//5249
f 2893//5250 2891//5250 2899//5250
f 2893//5251 2899//5251 2900//5251
f 2894//5252 2892//5252 2898//5252
f 2894//5253 2898//5253 2901//5253
f 2895//5254 2893//5254 2900//5254
f 2895//5255 2900//5255 2902//5255
f 2896//5256 2760//5256 2903//5256
f 2761//5257 2894//5257 2901//5257
f 2882//5258 2895//5258 2902//5258
f 2882//5259 2902//5259 2904//5259
f 2884//5260 2896//5260 2903//5260
f 2884//5261 2903//5261 2905//5261
f 2883//5262 2882//5262 2904//5262
f 2883//5263 2904//5263 2906//5263
f 2885//5264 2884//5264 2905//5264
f 2885//5265 2905//5265 2907//5265
f 2886//5266 2883//5266 2906//5266
f 2886//5267 2906//5267 2908//5267
f 2887//5268 2885//5268 2907//5268
f 2887//5269 2907//5269 2909//5269
f 2888//5270 2886//5270 2908//5270
f 2888//5271 2908//5271 2910//5271
f 2889//5272 2887//5272 2909//5272
f 2889//5273 2909//5273 2911//5273
f 2890//5274 2888//5274 2910//5274
f 2890//5275 2910//5275 2897//5275
f 2891//5276 2889//5276 2911//5276
f 2891//5277 2911//5277 2899//5277
f 2908//5278 2906//5278 2912//5278
f 2908//5279 2912//5279 2913//5279
f 2909//5280 2907//5280 2914//5280
f 2909//5281 2914//5281 2915//5281
f 2910//5282 2908//5282 2913//5282
f 2910//5283 2913//5283 2916//5283
f 2911//5284 2909//5284 2915//5284
f 2911//5285 2915//5285 2917//5285
f 2897//5286 2910//5286 2916//5286
f 2897//5287 2916//5287 2918//5287
f 2899//5288 2911//5288 2917//5288
f 2899//5289 2917//5289 2919//5289
f 2898//5290 2897//5290 2918//5290
f 2898//5291 2918//5291 2920//5291
f 2900//5292 2899//5292 2919//5292
f 2900//5293 2919//5293 2921//5293
f 2901//5294 2898//5294 2920//5294
f 2901//5295 2920//5295 2922//5295
f 2902//5296 2900//5296 2921//5296
f 2902//5297 2921//5297 2923//5297
f 2903//5298 2760//5298 2924//5298
f 2761//5299 2901//5299 2922//5299
f 2904//5300 2902//5300 2923//5300
f 2904//5301 2923//5301 2925//5301
f 2905//5302 2903//5302 2924//5302
f 2905//5303 2924//5303 2926//5303
f 2906//5304 2904//5304 2925//5304
f 2906//5305 2925//5305 2912//5305
f 2907//5306 2905//5306 2926//5306
f 2907//5307 2926//5307 2914//5307
f 2922//5308 2920//5308 2927//5308
f 2922//5309 2927//5309 2928//5309
f 2923//5310 2921//5310 2929//5310
f 2923//5311 2929//5311 2930//5311
f 2924//5312 2760//5312 2931//5312
f 2761//5313 2922//5313 2928//5313
f 2925//5314 2923//5314 2930//5314
f 2925//5315 2930//5315 2932//5315
f 2926//5316 2924//5316 2931//5316
f 2926//5317 2931//5317 2933//5317
f 2912//5318 2925//5318 2932//5318
f 2912//5319 2932//5319 2934//5319
f 2914//5320 2926//5320 2933//5320
f 2914//5321 2933//5321 2935//5321
f 2913//5322 2912//5322 2934//5322
f 2913//5323 2934//5323 2936//5323
f 2915//5324 2914//5324 2935//5324
f 2915//5325 2935//5325 2937//5325
f 2916//5326 2913//5326 2936//5326
f 2916//5327 2936//5327 2938//5327
f 2917//5328 2915//5328 2937//5328
f 2917//5329 2937//5329 2939//5329
f 2918//5330 2916//5330 2938//5330
f 2918//5331 2938//5331 2940//5331
f 2919//5332 2917//5332 2939//5332
f 2919//5333 2939//5333 2941//5333
f 2920//5334 2918//5334 2940//5334
f 2920//5335 2940//5335 2927//5335
f 2921//5336 2919//5336 2941//5336
f 2921//5337 2941//5337 2929//5337
f 2937//5338 2935//5338 2942//5338
f 2937//5339 2942//5339 2943//5339
f 2938//5340 2936//5340 2944//5340
f 2938//5341 2944//5341 2945//5341
f 2939//5342 2937//5342 2943//5342
f 2939//5343 2943//5343 2946//5343
f 2940//5344 2938//5344 2945//5344
f 2940//5345 2945//5345 2947//5345
f 2941//5346 2939//5346 2946//5346
f 2941//5347 2946//5347 2948//5347
f 2927//5348 2940//5348 2947//5348
f 2927//5349 2947//5349 2949//5349
f 2929//5350 2941//5350 2948//5350
f 2929//5351 2948//5351 2950//5351
f 2928//5352 2927//5352 2949//5352
f 2928//5353 2949//5353 2951//5353
f 2930//5354 2929//5354 2950//5354
f 2930//5355 2950//5355 2952//5355
f 2931//5356 2760//5356 2953//5356
f 2761//5357 2928//5357 2951//5357
f 2932//5358 2930//5358 2952//5358
f 2932//5359 2952//5359 2954//5359
f 2933//5360 2931//5360 2953//5360
f 2933//5361 2953//5361 2955//5361
f 2934//5362 2932//5362 2954//5362
f 2934//5363 2954//5363 2956//5363
f 2935//5364 2933//5364 2955//5364
f 2935//5365 2955//5365 2942//5365
f 2936//5366 2934//5366 2956//5366
f 2936//5367 2956//5367 2944//5367
f 2952//5368 2950//5368 2957//5368
f 2952//5369 2957//5369 2958//5369
f 2953//5370 2760//5370 2959//5370
f 2761//5371 2951//5371 2960//5371
f 2954//5372 2952//5372 2958//5372
f 2954//5373 2958//5373 2961//5373
f 2955//5374 2953//5374 2959//5374
f 2955//5375 2959//5375 2962//5375
f 2956//5376 2954//5376 2961//5376
f 2956//5377 2961//5377 2963//5377
f 2942//5378 2955//5378 2962//5378
f 2942//5379 2962//5379 2964//5379
f 2944//5380 2956//5380 2963//5380
f 2944//5381 2963//5381 2965//5381
f 2943//5382 2942//5382 2964//5382
f 2943//5383 2964//5383 2966//5383
f 2945//5384 2944//5384 2965//5384
f 2945//5385 2965//5385 2967//5385
f 2946//5386 2943//5386 2966//5386
f 2946//5387 2966//5387 2968//5387
f 2947//5388 2945//5388 2967//5388
f 2947//5389 2967//5389 2969//5389
f 2948//5390 2946//5390 2968//5390
f 2948//5391 2968//5391 2970//5391
f 2949//5392 2947//5392 2969//5392
f 2949//5393 2969//5393 2971//5393
f 2950//5394 2948//5394 2970//5394
f 2950//5395 2970//5395 2957//5395
f 2951//5396 2949//5396 2971//5396
f 2951//5397 2971//5397 2960//5397
f 2967//5398 2965//5398 2972//5398
f 2967//5399 2972//5399 2973//5399
f 2968//5400 2966//5400 2974//5400
f 2968//5401 2974//5401 2975//5401
f 2969//5402 2967//5402 2973//5402
f 2969//5403 2973//5403 2976//5403
f 2970//5404 2968//5404 2975//5404
f 2970//5405 2975//5405 2977//5405
f 2971//5406 2969//5406 2976//5406
f 2971//5407 2976//5407 2978//5407
f 2957//5408 2970//5408 2977//5408
f 2957//5409 2977//5409 2979//5409
f 2960//5410 2971//5410 2978//5410
f 2960//5411 2978//5411 2980//5411
f 2958//5412 2957//5412 2979//5412
f 2958//5413 2979//5413 2981//5413
f 2959//5414 2760//5414 2982//5414
f 2761//5415 2960//5415 2980//5415
f 2961//5416 2958//5416 2981//5416
f 2961//5417 2981//5417 2983//5417
f 2962//5418 2959//5418 2982//5418
f 2962//5419 2982//5419 2984//5419
f 2963//5420 2961//5420 2983//5420
f 2963//5421 2983//5421 2985//5421
f 2964//5422 2962//5422 2984//5422
f 2964//5423 2984//5423 2986//5423
f 2965//5424 2963//5424 2985//5424
f 2965//5425 2985//5425 2972//5425
f 2966//5426 2964//5426 2986//5426
f 2966//5427 2986//5427 2974//5427
f 2982//5428 2760//5428 2987//5428
f 2761//5429 2980//5429 2988//5429
f 2983//5430 2981//5430 2989//5430
f 2983//5431 2989//5431 2990//5431
f 2984//5432 2982//5432 2987//5432
f 2984//5433 2987//5433 2991//5433
f 2985//5434 2983//5434 2990//5434
f 2985//5435 2990//5435 2992//5435
f 2986//5436 2984//5436 2991//5436
f 2986//5437 2991//5437 2993//5437
f 2972//5438 2985//5438 2992//5438
f 2972//5439 2992//5439 2994//5439
f 2974//5440 2986//5440 2993//5440
f 2974//5441 2993//5441 2995//5441
f 2973//5442 2972//5442 2994//5442
f 2973//5443 2994//5443 2996//5443
f 2975//5444 2974//5444 2995//5444
f 2975//5445 2995//5445 2997//5445
f 2976//5446 2973//5446 2996//5446
f 2976//5447 2996//5447 2998//5447
f 2977//5448 2975//5448 2997//5448
f 2977//5449 2997//5449 2999//5449
f 2978//5450 2976//5450 2998//5450
f 2978//5451 2998//5451 3000//5451
f 2979//5452 2977//5452 2999//5452
f 2979//5453 2999//5453 3001//5453
f 2980//5454 2978//5454 3000//5454
f 2980//5455 3000//5455 2988//5455
f 2981//5456 2979//5456 3001//5456
f 2981//5457 3001//5457 2989//5457
f 2997//5458 2995//5458 3002//5458
f 2997//5459 3002//5459 3003//5459
f 2998//5460 2996//5460 3004//5460
f 2998//5461 3004//5461 3005//5461
f 2999//5462 2997//5462 3003//5462
f 2999//5463 3003//5463 3006//5463
f 3000//5464 2998//5464 3005//5464
f 3000//5465 3005//5465 3007//5465
f 3001//5466 2999//5466 3006//5466
f 3001//5467 3006//5467 3008//5467
f 2988//5468 3000//5468 3007//5468
f 2988//5469 3007//5469 3009//5469
f 2989//5470 3001//5470 3008//5470
f 2989//5471 3008//5471 3010//5471
f 2987//5472 2760//5472 3011//5472
f 2761//5473 2988//5473 3009//5473
f 2990//5474 2989//5474 3010//5474
f 2990//5475 3010//5475 3012//5475
f 2991//5476 2987//5476 3011//5476
f 2991//5477 3011//5477 3013//5477
f 2992//5478 2990//5478 3012//5478
f 2992//5479 3012//5479 3014//5479
f 2993//5480 2991//5480 3013//5480
f 2993//5481 3013//5481 3015//5481
f 2994//5482 2992//5482 3014//5482
f 2994//5483 3014//5483 3016//5483
f 2995//5484 2993//5484 3015//5484
f 2995//5485 3015//5485 3002//5485
f 2996//5486 2994//5486 3016//5486
f 2996//5487 3016//5487 3004//5487
f 3012//5488 3010//5488 3017//5488
f 3012//5489 3017//5489 3018//5489
f 3013//5490 3011//5490 3019//5490
f 3013//5491 3019//5491 3020//5491
f 3014//5492 3012//5492 3018//5492
f 3014//5493 3018//5493 3021//5493
f 3015//5494 3013//5494 3020//5494
f 3015//5495 3020//5495 3022//5495
f 3016//5496 3014//5496 3021//5496
f 3016//5497 3021//5497 3023//5497
f 3002//5498 3015//5498 3022//5498
f 3002//5499 3022//5499 3024//5499
f 3004//5500 3016//5500 3023//5500
f 3004//5501 3023//5501 3025//5501
f 3003//5502 3002//5502 3024//5502
f 3003//5503 3024//5503 3026//5503
f 3005//5504 3004//5504 3025//5504
f 3005//5505 3025//5505 3027//5505
f 3006//5506 3003//5506 3026//5506
f 3006//5507 3026//5507 3028//5507
f 3007//5508 3005//5508 3027//5508
f 3007//5509 3027//5509 3029//5509
f 3008//5510 3006//5510 3028//5510
f 3008//5511 3028//5511 3030//5511
f 3009//5512 3007//5512 3029//5512
f 3009//5513 3029//5513 3031//5513
f 3010//5514 3008//5514 3030//5514
f 3010//5515 3030//5515 3017//5515
f 3011//5516 2760//5516 3019//5516
f 2761//5517 3009//5517 3031//5517
f 3027//5518 3025//5518 3032//5518
f 3027//5519 3032//5519 3033//5519
f 3028//5520 3026//5520 3034//5520
f 3028//5521 3034//5521 3035//5521
f 3029//5522 3027//5522 3033//5522
f 3029//5523 3033//5523 3036//5523
f 3030//5524 3028//5524 3035//5524
f 3030//5525 3035//5525 3037//5525
f 3031//5526 3029//5526 3036//5526
f 3031//5527 3036//5527 3038//5527
f 3017//5528 3030//5528 3037//5528
f 3017//5529 3037//5529 3039//5529
f 3019//5530 2760//5530 3040//5530
f 2761//5531 3031//5531 3038//5531
f 3018//5532 3017//5532 3039//5532
f 3018//5533 3039//5533 3041//5533
f 3020//5534 3019//5534 3040//5534
f 3020//5535 3040//5535 3042//5535
f 3021//5536 3018//5536 3041//5536
f 3021//5537 3041//5537 3043//5537
f 3022//5538 3020//5538 3042//5538
f 3022//5539 3042//5539 3044//5539
f 3023//5540 3021//5540 3043//5540
f 3023//5541 3043//5541 3045//5541
f 3024//5542 3022//5542 3044//5542
f 3024//5543 3044//5543 3046//5543
f 3025//5544 3023//5544 3045//5544
f 3025//5545 3045//5545 3032//5545
f 3026//5546 3024//5546 3046//5546
f 3026//5547 3046//5547 3034//5547
f 3043//5548 3041//5548 3047//5548
f 3043//5549 3047//5549 3048//5549
f 3044//5550 3042//5550 3049//5550
f 3044//5551 3049//5551 3050//5551
f 3045//5552 3043//5552 3048//5552
f 3045//5553 3048//5553 3051//5553
f 3046//5554 3044//5554 3050//5554
f 3046//5555 3050//5555 3052//5555
f 3032//5556 3045//5556 3051//5556
f 3032//5557 3051//5557 3053//5557
f 3034//5558 3046//5558 3052//5558
f 3034//5559 3052//5559 3054//5559
f 3033//5560 3032//5560 3053//5560
f 3033//5561 3053//5561 3055//5561
f 3035//5562 3034//5562 3054//5562
f 3035//5563 3054//5563 3056//5563
f 3036//5564 3033//5564 3055//5564
f 3036//5565 3055//5565 3057//5565
f 3037//5566 3035//5566 3056//5566
f 3037//5567 3056//5567 3058//5567
f 3038//5568 3036//5568 3057//5568
f 3038//5569 3057//5569 3059//5569
f 3039//5570 3037//5570 3058//5570
f 3039//5571 3058//5571 3060//5571
f 3040//5572 2760//5572 3061//5572
f 2761//5573 3038//5573 3059//5573
f 3041//5574 3039//5574 3060//5574
f 3041//5575 3060//5575 3047//5575
f 3042//5576 3040//5576 3061//5576
f 3042//5577 3061//5577 3049//5577
f 3057//5578 3055//5578 3062//5578
f 3057//5579 3062//5579 3063//5579
f 3058//5580 3056//5580 3064//5580
f 3058//5581 3064//5581 3065//5581
f 3059//5582 3057//5582 3063//5582
f 3059//5583 3063//5583 3066//5583
f 3060//5584 3058//5584 3065//5584
f 3060//5585 3065//5585 3067//5585
f 3061//5586 2760//5586 3068//5586
f 2761//5587 3059//5587 3066//5587
f 3047//5588 3060//5588 3067//5588
f 3047//5589 3067//5589 3069//5589
f 3049//5590 3061//5590 3068//5590
f 3049//5591 3068//5591 3070//5591
f 3048//5592 3047//5592 3069//5592
f 3048//5593 3069//5593 3071//5593
f 3050//5594 3049//5594 3070//5594
f 3050//5595 3070//5595 3072//5595
f 3051//5596 3048//5596 3071//5596
f 3051//5597 3071//5597 3073//5597
f 3052//5598 3050//5598 3072//5598
f 3052//5599 3072//5599 3074//5599
f 3053//5600 3051//5600 3073//5600
f 3053//5601 3073//5601 3075//5601
f 3054//5602 3052//5602 3074//5602
f 3054//5603 3074//5603 3076//5603
f 3055//5604 3053//5604 3075//5604
f 3055//5605 3075//5605 3062//5605
f 3056//5606 3054//5606 3076//5606
f 3056//5607 3076//5607 3064//5607
f 3072//5608 3070//5608 3077//5608
f 3072//5609 3077//5609 3078//5609
f 3073//5610 3071//5610 3079//5610
f 3073//5611 3079//5611 3080//5611
f 3074//5612 3072//5612 3078//5612
f 3074//5613 3078//5613 3081//5613
f 3075//5614 3073//5614 3080//5614
f 3075//5615 3080//5615 3082//5615
f 3076//5616 3074//5616 3081//5616
f 3076//5617 3081//5617 3083//5617
f 3062//5618 3075//5618 3082//5618
f 3062//5619 3082//5619 3084//5619
f 3064//5620 3076//5620 3083//5620
f 3064//5621 3083//5621 3085//5621
f 3063//5622 3062//5622 3084//5622
f 3063//5623 3084//5623 3086//5623
f 3065//5624 3064//5624 3085//5624
f 3065//5625 3085//5625 3087//5625
f 3066//5626 3063//5626 3086//5626
f 3066//5627 3086//5627 3088//5627
f 3067//5628 3065//5628 3087//5628
f 3067//5629 3087//5629 3089//5629
f 3068//5630 2760//5630 3090//5630
f 2761//5631 3066//5631 3088//5631
f 3069//5632 3067//5632 3089//5632
f 3069//5633 3089//5633 3091//5633
f 3070//5634 3068//5634 3090//5634
f 3070//5635 3090//5635 3077//5635
f 3071//5636 3069//5636 3091//5636
f 3071//5637 3091//5637 3079//5637
f 3087//5638 3085//5638 3092//5638
f 3087//5639 3092//5639 3093//5639
f 3088//5640 3086//5640 3094//5640
f 3088//5641 3094//5641 3095//5641
f 3089//5642 3087//5642 3093//5642
f 3089//5643 3093//5643 3096//5643
f 3090//5644 2760//5644 3097//5644
f 2761//5645 3088//5645 3095//5645
f 3091//5646 3089//5646 3096//5646
f 3091//5647 3096//5647 3098//5647
f 3077//5648 3090//5648 3097//5648
f 3077//5649 3097//5649 3099//5649
f 3079//5650 3091//5650 3098//5650
f 3079//5651 3098//5651 3100//5651
f 3078//5652 3077//5652 3099//5652
f 3078//5653 3099//5653 3101//5653
f 3080//5654 3079//5654 3100//5654
f 3080//5655 3100//5655 3102//5655
f 3081//5656 3078//5656 3101//5656
f 3081//5657 3101//5657 3103//5657
f 3082//5658 3080//5658 3102//5658
f 3082//5659 3102//5659 3104//5659
f 3083//5660 3081//5660 3103//5660
f 3083//5661 3103//5661 3105//5661
f 3084//5662 3082//5662 3104//5662
f 3084//5663 3104//5663 3106//5663
f 3085//5664 3083//5664 3105//5664
f 3085//5665 3105//5665 3092//5665
f 3086//5666 3084//5666 3106//5666
f 3086//5667 3106//5667 3094//5667
f 3102//5668 3100//5668 3107//5668
f 3102//5669 3107//5669 3108//5669
f 3103//5670 3101//5670 3109//5670
f 3103//5671 3109//5671 3110//5671
f 3104//5672 3102//5672 3108//5672
f 3104//5673 3108//5673 3111//5673
f 3105//5674 3103//5674 3110//5674
f 3105//5675 3110//5675 3112//5675
f 3106//5676 3104//5676 3111//5676
f 3106//5677 3111//5677 3113//5677
f 3092//5678 3105//5678 3112//5678
f 3092//5679 3112//5679 3114//5679
f 3094//5680 3106//5680 3113//5680
f 3094//5681 3113//5681 3115//5681
f 3093//5682 3092//5682 3114//5682
f 3093//5683 3114//5683 3116//5683
f 3095//5684 3094//5684 3115//5684
f 3095//5685 3115//5685 3117//5685
f 3096//5686 3093//5686 3116//5686
f 3096//5687 3116//5687 3118//5687
f 3097//5688 2760//5688 3119//5688
f 2761//5689 3095//5689 3117//5689
f 3098//5690 3096//5690 3118//5690
f 3098//5691 3118//5691 3120//5691
f 3099//5692 3097//5692 3119//5692
f 3099//5693 3119//5693 3121//5693
f 3100//5694 3098//5694 3120//5694
f 3100//5695 3120//5695 3107//5695
f 3101//5696 3099//5696 3121//5696
f 3101//5697 3121//5697 3109//5697
f 3117//5698 3115//5698 3122//5698
f 3117//5699 3122//5699 3123//5699
f 3118//5700 3116//5700 3124//5700
f 3118//5701 3124//5701 3125//5701
f 3119//5702 2760//5702 3126//5702
f 2761//5703 3117//5703 3123//5703
f 3120//5704 3118//5704 3125//5704
f 3120//5705 3125//5705 3127//5705
f 3121//5706 3119//5706 3126//5706
f 3121//5707 3126//5707 3128//5707
f 3107//5708 3120//5708 3127//5708
f 3107//5709 3127//5709 3129//5709
f 3109//5710 3121//5710 3128//5710
f 3109//5711 3128//5711 3130//5711
f 3108//5712 3107//5712 3129//5712
f 3108//5713 3129//5713 3131//5713
f 3110//5714 3109//5714 3130//5714
f 3110//5715 3130//5715 3132//5715
f 3111//5716 3108//5716 3131//5716
f 3111//5717 3131//5717 3133//5717
f 3112//5718 3110//5718 3132//5718
f 3112//5719 3132//5719 3134//5719
f 3113//5720 3111//5720 3133//5720
f 3113//5721 3133//5721 3135//5721
f 3114//5722 3112//5722 3134//5722
f 3114//5723 3134//5723 3136//5723
f 3115//5724 3113//5724 3135//5724
f 3115//5725 3135//5725 3122//5725
f 3116//5726 3114//5726 3136//5726
f 3116//5727 3136//5727 3124//5727
f 3132//5728 3130//5728 3137//5728
f 3132//5729 3137//5729 3138//5729
f 3133//5730 3131//5730 3139//5730
f 3133//5731 3139//5731 3140//5731
f 3134//5732 3132//5732 3138//5732
f 3134//5733 3138//5733 3141//5733
f 3135//5734 3133//5734 3140//5734
f 3135//5735 3140//5735 3142//5735
f 3136//5736 3134//5736 3141//5736
f 3136//5737 3141//5737 3143//5737
f 3122//5738 3135//5738 3142//5738
f 3122//5739 3142//5739 3144//5739
f 3124//5740 3136//5740 3143//5740
f 3124//5741 3143//5741 3145//5741
f 3123//5742 3122//5742 3144//5742
f 3123//5743 3144//5743 3146//5743
f 3125//5744 3124//5744 3145//5744
f 3125//5745 3145//5745 3147//5745
f 3126//5746 2760//5746 3148//5746
f 2761//5747 3123//5747 3146//5747
f 3127//5748 3125//5748 3147//5748
f 3127//5749 3147//5749 3149//5749
f 3128//5750 3126//5750 3148//5750
f 3128//5751 3148//5751 3150//5751
f 3129//5752 3127//5752 3149//5752
f 3129//5753 3149//5753 3151//5753
f 3130//5754 3128//5754 3150//5754
f 3130//5755 3150//5755 3137//5755
f 3131//5756 3129//5756 3151//5756
f 3131//5757 3151//5757 3139//5757
f 3147//5758 3145//5758 3152//5758
f 3147//5759 3152//5759 3153//5759
f 3148//5760 2760//5760 3154//5760
f 2761//5761 3146//5761 3155//5761
f 3149//5762 3147//5762 3153//5762
f 3149//5763 3153//5763 3156//5763
f 3150//5764 3148//5764 3154//5764
f 3150//5765 3154//5765 3157//5765
f 3151//5766 3149//5766 3156//5766
f 3151//5767 3156//5767 3158//5767
f 3137//5768 3150//5768 3157//5768
f 3137//5769 3157//5769 3159//5769
f 3139//5770 3151//5770 3158//5770
f 3139//5771 3158//5771 3160//5771
f 3138//5772 3137//5772 3159//5772
f 3138//5773 3159//5773 3161//5773
f 3140//5774 3139//5774 3160//5774
f 3140//5775 3160//5775 3162//5775
f 3141//5776 3138//5776 3161//5776
f 3141//5777 3161//5777 3163//5777
f 3142//5778 3140//5778 3162//5778
f 3142//5779 3162//5779 3164//5779
f 3143//5780 3141//5780 3163//5780
f 3143//5781 3163//5781 3165//5781
f 3144//5782 3142//5782 3164//5782
f 3144//5783 3164//5783 3166//5783
f 3145//5784 3143//5784 3165//5784
f 3145//5785 3165//5785 3152//5785
f 3146//5786 3144//5786 3166//5786
f 3146//5787 3166//5787 3155//5787
f 3162//5788 3160//5788 3167//5788
f 3162//5789 3167//5789 3168//5789
f 3163//5790 3161//5790 3169//5790
f 3163//5791 3169//5791 3170//5791
f 3164//5792 3162//5792 3168//5792
f 3164//5793 3168//5793 3171//5793
f 3165//5794 3163//5794 3170//5794
f 3165//5795 3170//5795 3172//5795
f 3166//5796 3164//5796 3171//5796
f 3166//5797 3171//5797 3173//5797
f 3152//5798 3165//5798 3172//5798
f 3152//5799 3172//5799 3174//5799
f 3155//5800 3166//5800 3173//5800
f 3155//5801 3173//5801 3175//5801
f 3153//5802 3152//5802 3174//5802
f 3153//5803 3174//5803 3176//5803
f 3154//5804 2760//5804 3177//5804
f 2761//5805 3155//5805 3175//5805
f 3156//5806 3153//5806 3176//5806
f 3156//5807 3176//5807 3178//5807
f 3157//5808 3154//5808 3177//5808
f 3157//5809 3177//5809 3179//5809
f 3158//5810 3156//5810 3178//5810
f 3158//5811 3178//5811 3180//5811
f 3159//5812 3157//5812 3179//5812
f 3159//5813 3179//5813 3181//5813
f 3160//5814 3158//5814 3180//5814
f 3160//5815 3180//5815 3167//5815
f 3161//5816 3159//5816 3181//5816
f 3161//5817 3181//5817 3169//5817
f 2761//5818 3175//5818 3182//5818
f 3178//5819 3176//5819 3183//5819
f 3178//5820 3183//5820 3184//5820
f 3179//5821 3177//5821 3185//5821
f 3179//5822 3185//5822 3186//5822
f 3180//5823 3178//5823 3184//5823
f 3180//5824 3184//5824 3187//5824
f 3181//5825 3179//5825 3186//5825
f 3181//5826 3186//5826 3188//5826
f 3167//5827 3180//5827 3187//5827
f 3167//5828 3187//5828 3189//5828
f 3169//5829 3181//5829 3188//5829
f 3169//5830 3188//5830 3190//5830
f 3168//5831 3167//5831 3189//5831
f 3168//5832 3189//5832 3191//5832
f 3170//5833 3169//5833 3190//5833
f 3170//5834 3190//5834 3192//5834
f 3171//5835 3168//5835 3191//5835
f 3171//5836 3191//5836 3193//5836
f 3172//5837 3170//5837 3192//5837
f 3172//5838 3192//5838 3194//5838
f 3173//5839 3171//5839 3193//5839
f 3173//5840 3193//5840 3195//5840
f 3174//5841 3172//5841 3194//5841
f 3174//5842 3194//5842 3196//5842
f 3175//5843 3173//5843 3195//5843
f 3175//5844 3195//5844 3182//5844
f 3176//5845 3174//5845 3196//5845
f 3176//5846 3196//5846 3183//5846
f 3177//5847 2760//5847 3185//5847
f 3193//5848 3191//5848 3197//5848
f 3193//5849 3197//5849 3198//5849
f 3194//5850 3192//5850 3199//5850
f 3194//5851 3199//5851 3200//5851
f 3195//5852 3193//5852 3198//5852
f 3195//5853 3198//5853 3201//5853
f 3196//5854 3194//5854 3200//5854
f 3196//5855 3200//5855 3202//5855
f 3182//5856 3195//5856 3201//5856
f 3182//5857 3201//5857 3203//5857
f 3183//5858 3196//5858 3202//5858
f 3183//5859 3202//5859 3204//5859
f 3185//5860 2760//5860 3205//5860
f 2761//5861 3182//5861 3203//5861
f 3184//5862 3183//5862 3204//5862
f 3184//5863 3204//5863 3206//5863
f 3186//5864 3185//5864 3205//5864
f 3186//5865 3205//5865 3207//5865
f 3187//5866 3184//5866 3206//5866
f 3187//5867 3206//5867 3208//5867
f 3188//5868 3186//5868 3207//5868
f 3188//5869 3207//5869 3209//5869
f 3189//5870 3187//5870 3208//5870
f 3189//5871 3208//5871 3210//5871
f 3190//5872 3188//5872 3209//5872
f 3190//5873 3209//5873 3211//5873
f 3191//5874 3189//5874 3210//5874
f 3191//5875 3210//5875 3197//5875
f 3192//5876 3190//5876 3211//5876
f 3192//5877 3211//5877 3199//5877
f 3207//5878 3205//5878 2735//5878
f 3207//5879 2735//5879 2734//5879
f 3208//5880 3206//5880 2730//5880
f 3208//5881 2730//5881 2738//5881
f 3209//5882 3207//5882 2734//5882
f 3209//5883 2734//5883 2740//5883
f 3210//5884 3208//5884 2738//5884
f 3210//5885 2738//5885 2742//5885
f 3211//5886 3209//5886 2740//5886
f 3211//5887 2740//5887 2744//5887
f 3197//5888 3210//5888 2742//5888
f 3197//5889 2742//5889 2746//5889
f 3199//5890 3211//5890 2744//5890
f 3199//5891 2744//5891 2748//5891
f 3198//5892 3197//5892 2746//5892
f 3198//5893 2746//5893 2750//5893
f 3200//5894 3199//5894 2748//5894
f 3200//5895 2748//5895 2752//5895
f 3201//5896 3198//5896 2750//5896
f 3201//5897 2750//5897 2754//5897
f 3202//5898 3200//5898 2752//5898
f 3202//5899 2752//5899 2756//5899
f 3203//5900 3201//5900 2754//5900
f 3203//5901 2754//5901 2758//5901
f 3204//5902 3202//5902 2756//5902
f 3204//5903 2756//5903 2731//5903
f 3205//5904 2760//5904 2735//5904
f 2761//5905 3203//5905 2758//5905
f 3206//5906 3204//5906 2731//5906
f 3206//5907 2731//5907 2730//5907
f 3212//5908 3213//5908 3214//5908
f 3212//5909 3214//5909 3215//5909
f 3216//5910 3212//5910 3215//5910
f 3216//5911 3215//5911 3217//5911
f 3218//5912 3219//5912 3220//5912
f 3221//5913 3218//5913 3220//5913
f 3221//5914 3220//5914 3222//5914
f 3223//5915 3221//5915 3222//5915
f 3223//5916 3222//5916 3224//5916
f 3225//5917 3223//5917 3224//5917
f 3225//5918 3224//5918 3226//5918
f 3213//5919 3225//5919 3226//5919
f 3213//5920 3226//5920 3214//5920
f 3214//5921 3226//5921 3227//5921
f 3214//5922 3227//5922 3228//5922
f 3215//5923 3214//5923 3228//5923
f 3215//5924 3228//5924 3229//5924
f 3217//5925 3215//5925 3229//5925
f 3217//5926 3229//5926 3230//5926
f 3220//5927 3219//5927 3231//5927
f 3222//5928 3220//5928 3231//5928
f 3222//5929 3231//5929 3232//5929
f 3224//5930 3222//5930 3232//5930
f 3224//5931 3232//5931 3233//5931
f 3226//5932 3224//5932 3233//5932
f 3226//5933 3233//5933 3227//5933
f 3231//5934 3219//5934 3234//5934
f 3232//5935 3231//5935 3234//5935
f 3232//5936 3234//5936 3235//5936
f 3233//5937 3232//5937 3235//5937
f 3233//5938 3235//5938 3236//5938
f 3227//5939 3233//5939 3236//5939
f 3227//5940 3236//5940 3237//5940
f 3228//5941 3227//5941 3237//5941
f 3228//5942 3237//5942 3238//5942
f 3229//5943 3228//5943 3238//5943
f 3229//5944 3238//5944 3239//5944
f 3230//5945 3229//5945 3239//5945
f 3230//5946 3239//5946 3240//5946
f 3238//5947 3237//5947 3241//5947
f 3238//5948 3241//5948 3242//5948
f 3239//5949 3238//5949 3242//5949
f 3239//5950 3242//5950 3243//5950
f 3240//5951 3239//5951 3243//5951
f 3240//5952 3243//5952 3244//5952
f 3234//5953 3219//5953 3245//5953
f 3235//5954 3234//5954 3245//5954
f 3235//5955 3245//5955 3246//5955
f 3236//5956 3235//5956 3246//5956
f 3236//5957 3246//5957 3247//5957
f 3237//5958 3236//5958 3247//5958
f 3237//5959 3247//5959 3241//5959
f 3246//5960 3245//5960 3248//5960
f 3246//5961 3248//5961 3249//5961
f 3247//5962 3246//5962 3249//5962
f 3247//5963 3249//5963 3250//5963
f 3241//5964 3247//5964 3250//5964
f 3241//5965 3250//5965 3251//5965
f 3242//5966 3241//5966 3251//5966
f 3242//5967 3251//5967 3252//5967
f 3243//5968 3242//5968 3252//5968
f 3243//5969 3252//5969 3253//5969
f 3244//5970 3243//5970 3253//5970
f 3244//5971 3253//5971 3254//5971
f 3245//5972 3219//5972 3248//5972
f 3253//5973 3252//5973 3255//5973
f 3253//5974 3255//5974 3256//5974
f 3254//5975 3253//5975 3256//5975
f 3254//5976 3256//5976 3257//5976
f 3248//5977 3219//5977 3258//5977
f 3249//5978 3248//5978 3258//5978
f 3249//5979 3258//5979 3259//5979
f 3250//5980 3249//5980 3259//5980
f 3250//5981 3259//5981 3260//5981
f 3251//5982 3250//5982 3260//5982
f 3251//5983 3260//5983 3261//5983
f 3252//5984 3251//5984 3261//5984
f 3252//5985 3261//5985 3255//5985
f 3259//5986 3258//5986 3262//5986
f 3259//5987 3262//5987 3263//5987
f 3260//5988 3259//5988 3263//5988
f 3260//5989 3263//5989 3264//5989
f 3261//5990 3260//5990 3264//5990
f 3261//5991 3264//5991 3265//5991
f 3255//5992 3261//5992 3265//5992
f 3255//5993 3265//5993 3266//5993
f 3256//5994 3255//5994 3266//5994
f 3256//5995 3266//5995 3267//5995
f 3257//5996 3256//5996 3267//5996
f 3257//5997 3267//5997 3268//5997
f 3258//5998 3219//5998 3262//5998
f 3267//5999 3266//5999 3269//5999
f 3267//6000 3269//6000 3270//6000
f 3268//6001 3267//6001 3270//6001
f 3268//6002 3270//6002 3271//6002
f 3262//6003 3219//6003 3272//6003
f 3263//6004 3262//6004 3272//6004
f 3263//6005 3272//6005 3273//6005
f 3264//6006 3263//6006 3273//6006
f 3264//6007 3273//6007 3274//6007
f 3265//6008 3264//6008 3274//6008
f 3265//6009 3274//6009 3275//6009
f 3266//6010 3265//6010 3275//6010
f 3266//6011 3275//6011 3269//6011
f 3274//6012 3273//6012 3276//6012
f 3274//6013 3276//6013 3277//6013
f 3275//6014 3274//6014 3277//6014
f 3275//6015 3277//6015 3278//6015
f 3269//6016 3275//6016 3278//6016
f 3269//6017 3278//6017 3279//6017
f 3270//6018 3269//6018 3279//6018
f 3270//6019 3279//6019 3280//6019
f 3271//6020 3270//6020 3280//6020
f 3271//6021 3280//6021 3281//6021
f 3272//6022 3219//6022 3282//6022
f 3273//6023 3272//6023 3282//6023
f 3273//6024 3282//6024 3276//6024
f 3281//6025 3280//6025 3283//6025
f 3281//6026 3283//6026 3284//6026
f 3282//6027 3219//6027 3285//6027
f 3276//6028 3282//6028 3285//6028
f 3276//6029 3285//6029 3286//6029
f 3277//6030 3276//6030 3286//6030
f 3277//6031 3286//6031 3287//6031
f 3278//6032 3277//6032 3287//6032
f 3278//6033 3287//6033 3288//6033
f 3279//6034 3278//6034 3288//6034
f 3279//6035 3288//6035 3289//6035
f 3280//6036 3279//6036 3289//6036
f 3280//6037 3289//6037 3283//6037
f 3288//6038 3287//6038 3290//6038
f 3288//6039 3290//6039 3291//6039
f 3289//6040 3288//6040 3291//6040
f 3289//6041 3291//6041 3292//6041
f 3283//6042 3289//6042 3292//6042
f 3283//6043 3292//6043 3293//6043
f 3284//6044 3283//6044 3293//6044
f 3284//6045 3293//6045 3294//6045
f 3285//6046 3219//6046 3295//6046
f 3286//6047 3285//6047 3295//6047
f 3286//6048 3295//6048 3296//6048
f 3287//6049 3286//6049 3296//6049
f 3287//6050 3296//6050 3290//6050
f 3295//6051 3219//6051 3297//6051
f 3296//6052 3295//6052 3297//6052
f 3296//6053 3297//6053 3298//6053
f 3290//6054 3296//6054 3298//6054
f 3290//6055 3298//6055 3299//6055
f 3291//6056 3290//6056 3299//6056
f 3291//6057 3299//6057 3300//6057
f 3292//6058 3291//6058 3300//6058
f 3292//6059 3300//6059 3301//6059
f 3293//6060 3292//6060 3301//6060
f 3293//6061 3301//6061 3302//6061
f 3294//6062 3293//6062 3302//6062
f 3294//6063 3302//6063 3303//6063
f 3300//6064 3299//6064 3304//6064
f 3300//6065 3304//6065 3305//6065
f 3301//6066 3300//6066 3305//6066
f 3301//6067 3305//6067 3306//6067
f 3302//6068 3301//6068 3306//6068
f 3302//6069 3306//6069 3307//6069
f 3303//6070 3302//6070 3307//6070
f 3303//6071 3307//6071 3308//6071
f 3297//6072 3219//6072 3309//6072
f 3298//6073 3297//6073 3309//6073
f 3298//6074 3309//6074 3310//6074
f 3299//6075 3298//6075 3310//6075
f 3299//6076 3310//6076 3304//6076
f 3309//6077 3219//6077 3311//6077
f 3310//6078 3309//6078 3311//6078
f 3310//6079 3311//6079 3312//6079
f 3304//6080 3310//6080 3312//6080
f 3304//6081 3312//6081 3313//6081
f 3305//6082 3304//6082 3313//6082
f 3305//6083 3313//6083 3314//6083
f 3306//6084 3305//6084 3314//6084
f 3306//6085 3314//6085 3315//6085
f 3307//6086 3306//6086 3315//6086
f 3307//6087 3315//6087 3316//6087
f 3308//6088 3307//6088 3316//6088
f 3308//6089 3316//6089 3317//6089
f 3315//6090 3314//6090 3318//6090
f 3315//6091 3318//6091 3319//6091
f 3316//6092 3315//6092 3319//6092
f 3316//6093 3319//6093 3320//6093
f 3317//6094 3316//6094 3320//6094
f 3317//6095 3320//6095 3321//6095
f 3311//6096 3219//6096 3322//6096
f 3312//6097 3311//6097 3322//6097
f 3312//6098 3322//6098 3323//6098
f 3313//6099 3312//6099 3323//6099
f 3313//6100 3323//6100 3324//6100
f 3314//6101 3313//6101 3324//6101
f 3314//6102 3324//6102 3318//6102
f 3322//6103 3219//6103 3325//6103
f 3323//6104 3322//6104 3325//6104
f 3323//6105 3325//6105 3326//6105
f 3324//6106 3323//6106 3326//6106
f 3324//6107 3326//6107 3327//6107
f 3318//6108 3324//6108 3327//6108
f 3318//6109 3327//6109 3328//6109
f 3319//6110 3318//6110 3328//6110
f 3319//6111 3328//6111 3329//6111
f 3320//6112 3319//6112 3329//6112
f 3320//6113 3329//6113 3330//6113
f 3321//6114 3320//6114 3330//6114
f 3321//6115 3330//6115 3331//6115
f 3329//6116 3328//6116 3332//6116
f 3329//6117 3332//6117 3333//6117
f 3330//6118 3329//6118 3333//6118
f 3330//6119 3333//6119 3334//6119
f 3331//6120 3330//6120 3334//6120
f 3331//6121 3334//6121 3335//6121
f 3325//6122 3219//6122 3336//6122
f 3326//6123 3325//6123 3336//6123
f 3326//6124 3336//6124 3337//6124
f 3327//6125 3326//6125 3337//6125
f 3327//6126 3337//6126 3338//6126
f 3328//6127 3327//6127 3338//6127
f 3328//6128 3338//6128 3332//6128
f 3337//6129 3336//6129 3339//6129
f 3337//6130 3339//6130 3340//6130
f 3338//6131 3337//6131 3340//6131
f 3338//6132 3340//6132 3341//6132
f 3332//6133 3338//6133 3341//6133
f 3332//6134 3341//6134 3342//6134
f 3333//6135 3332//6135 3342//6135
f 3333//6136 3342//6136 3343//6136
f 3334//6137 3333//6137 3343//6137
f 3334//6138 3343//6138 3344//6138
f 3335//6139 3334//6139 3344//6139
f 3335//6140 3344//6140 3345//6140
f 3336//6141 3219//6141 3339//6141
f 3344//6142 3343//6142 3346//6142
f 3344//6143 3346//6143 3347//6143
f 3345//6144 3344//6144 3347//6144
f 3345//6145 3347//6145 3348//6145
f 3339//6146 3219//6146 3349//6146
f 3340//6147 3339//6147 3349//6147
f 3340//6148 3349//6148 3350//6148
f 3341//6149 3340//6149 3350//6149
f 3341//6150 3350//6150 3351//6150
f 3342//6151 3341//6151 3351//6151
f 3342//6152 3351//6152 3352//6152
f 3343//6153 3342//6153 3352//6153
f 3343//6154 3352//6154 3346//6154
f 3351//6155 3350//6155 3353//6155
f 3351//6156 3353//6156 3354//6156
f 3352//6157 3351//6157 3354//6157
f 3352//6158 3354//6158 3355//6158
f 3346//6159 3352//6159 3355//6159
f 3346//6160 3355//6160 3356//6160
f 3347//6161 3346//6161 3356//6161
f 3347//6162 3356//6162 3357//6162
f 3348//6163 3347//6163 3357//6163
f 3348//6164 3357//6164 3358//6164
f 3349//6165 3219//6165 3359//6165
f 3350//6166 3349//6166 3359//6166
f 3350//6167 3359//6167 3353//6167
f 3358//6168 3357//6168 3360//6168
f 3358//6169 3360//6169 3361//6169
f 3359//6170 3219//6170 3362//6170
f 3353//6171 3359//6171 3362//6171
f 3353//6172 3362//6172 3363//6172
f 3354//6173 3353//6173 3363//6173
f 3354//6174 3363//6174 3364//6174
f 3355//6175 3354//6175 3364//6175
f 3355//6176 3364//6176 3365//6176
f 3356//6177 3355//6177 3365//6177
f 3356//6178 3365//6178 3366//6178
f 3357//6179 3356//6179 3366//6179
f 3357//6180 3366//6180 3360//6180
f 3364//6181 3363//6181 3367//6181
f 3364//6182 3367//6182 3368//6182
f 3365//6183 3364//6183 3368//6183
f 3365//6184 3368//6184 3369//6184
f 3366//6185 3365//6185 3369//6185
f 3366//6186 3369//6186 3370//6186
f 3360//6187 3366//6187 3370//6187
f 3360//6188 3370//6188 3371//6188
f 3361//6189 3360//6189 3371//6189
f 3361//6190 3371//6190 3372//6190
f 3362//6191 3219//6191 3373//6191
f 3363//6192 3362//6192 3373//6192
f 3363//6193 3373//6193 3367//6193
f 3372//6194 3371//6194 3374//6194
f 3372//6195 3374//6195 3375//6195
f 3373//6196 3219//6196 3376//6196
f 3367//6197 3373//6197 3376//6197
f 3367//6198 3376//6198 3377//6198
f 3368//6199 3367//6199 3377//6199
f 3368//6200 3377//6200 3378//6200
f 3369//6201 3368//6201 3378//6201
f 3369//6202 3378//6202 3379//6202
f 3370//6203 3369//6203 3379//6203
f 3370//6204 3379//6204 3380//6204
f 3371//6205 3370//6205 3380//6205
f 3371//6206 3380//6206 3374//6206
f 3379//6207 3378//6207 3381//6207
f 3379//6208 3381//6208 3382//6208
f 3380//6209 3379//6209 3382//6209
f 3380//6210 3382//6210 3383//6210
f 3374//6211 3380//6211 3383//6211
f 3374//6212 3383//6212 3384//6212
f 3375//6213 3374//6213 3384//6213
f 3375//6214 3384//6214 3385//6214
f 3376//6215 3219//6215 3386//6215
f 3377//6216 3376//6216 3386//6216
f 3377//6217 3386//6217 3387//6217
f 3378//6218 3377//6218 3387//6218
f 3378//6219 3387//6219 3381//6219
f 3386//6220 3219//6220 3388//6220
f 3387//6221 3386//6221 3388//6221
f 3387//6222 3388//6222 3389//6222
f 3381//6223 3387//6223 3389//6223
f 3381//6224 3389//6224 3390//6224
f 3382//6225 3381//6225 3390//6225
f 3382//6226 3390//6226 3391//6226
f 3383//6227 3382//6227 3391//6227
f 3383//6228 3391//6228 3392//6228
f 3384//6229 3383//6229 3392//6229
f 3384//6230 3392//6230 3393//6230
f 3385//6231 3384//6231 3393//6231
f 3385//6232 3393//6232 3394//6232
f 3391//6233 3390//6233 3395//6233
f 3391//6234 3395//6234 3396//6234
f 3392//6235 3391//6235 3396//6235
f 3392//6236 3396//6236 3397//6236
f 3393//6237 3392//6237 3397//6237
f 3393//6238 3397//6238 3398//6238
f 3394//6239 3393//6239 3398//6239
f 3394//6240 3398//6240 3399//6240
f 3388//6241 3219//6241 3400//6241
f 3389//6242 3388//6242 3400//6242
f 3389//6243 3400//6243 3401//6243
f 3390//6244 3389//6244 3401//6244
f 3390//6245 3401//6245 3395//6245
f 3400//6246 3219//6246 3402//6246
f 3401//6247 3400//6247 3402//6247
f 3401//6248 3402//6248 3403//6248
f 3395//6249 3401//6249 3403//6249
f 3395//6250 3403//6250 3404//6250
f 3396//6251 3395//6251 3404//6251
f 3396//6252 3404//6252 3405//6252
f 3397//6253 3396//6253 3405//6253
f 3397//6254 3405//6254 3406//6254
f 3398//6255 3397//6255 3406//6255
f 3398//6256 3406//6256 3407//6256
f 3399//6257 3398//6257 3407//6257
f 3399//6258 3407//6258 3408//6258
f 3406//6259 3405//6259 3409//6259
f 3406//6260 3409//6260 3410//6260
f 3407//6261 3406//6261 3410//6261
f 3407//6262 3410//6262 3411//6262
f 3408//6263 3407//6263 3411//6263
f 3408//6264 3411//6264 3412//6264
f 3402//6265 3219//6265 3413//6265
f 3403//6266 3402//6266 3413//6266
f 3403//6267 3413//6267 3414//6267
f 3404//6268 3403//6268 3414//6268
f 3404//6269 3414//6269 3415//6269
f 3405//6270 3404//6270 3415//6270
f 3405//6271 3415//6271 3409//6271
f 3414//6272 3413//6272 3416//6272
f 3414//6273 3416//6273 3417//6273
f 3415//6274 3414//6274 3417//6274
f 3415//6275 3417//6275 3418//6275
f 3409//6276 3415//6276 3418//6276
f 3409//6277 3418//6277 3419//6277
f 3410//6278 3409//6278 3419//6278
f 3410//6279 3419//6279 3420//6279
f 3411//6280 3410//6280 3420//6280
f 3411//6281 3420//6281 3421//6281
f 3412//6282 3411//6282 3421//6282
f 3412//6283 3421//6283 3422//6283
f 3413//6284 3219//6284 3416//6284
f 3421//6285 3420//6285 3423//6285
f 3421//6286 3423//6286 3424//6286
f 3422//6287 3421//6287 3424//6287
f 3422//6288 3424//6288 3425//6288
f 3416//6289 3219//6289 3426//6289
f 3417//6290 3416//6290 3426//6290
f 3417//6291 3426//6291 3427//6291
f 3418//6292 3417//6292 3427//6292
f 3418//6293 3427//6293 3428//6293
f 3419//6294 3418//6294 3428//6294
f 3419//6295 3428//6295 3429//6295
f 3420//6296 3419//6296 3429//6296
f 3420//6297 3429//6297 3423//6297
f 3427//6298 3426//6298 3430//6298
f 3427//6299 3430//6299 3431//6299
f 3428//6300 3427//6300 3431//6300
f 3428//6301 3431//6301 3432//6301
f 3429//6302 3428//6302 3432//6302
f 3429//6303 3432//6303 3433//6303
f 3423//6304 3429//6304 3433//6304
f 3423//6305 3433//6305 3434//6305
f 3424//6306 3423//6306 3434//6306
f 3424//6307 3434//6307 3435//6307
f 3425//6308 3424//6308 3435//6308
f 3425//6309 3435//6309 3436//6309
f 3426//6310 3219//6310 3430//6310
f 3435//6311 3434//6311 3213//6311
f 3435//6312 3213//6312 3212//6312
f 3436//6313 3435//6313 3212//6313
f 3436//6314 3212//6314 3216//6314
f 3430//6315 3219//6315 3218//6315
f 3431//6316 3430//6316 3218//6316
f 3431//6317 3218//6317 3221//6317
f 3432//6318 3431//6318 3221//6318
f 3432//6319 3221//6319 3223//6319
f 3433//6320 3432//6320 3223//6320
f 3433//6321 3223//6321 3225//6321
f 3434//6322 3433//6322 3225//6322
f 3434//6323 3225//6323 3213//6323
f 3437//6324 3438//6324 3308//6324
f 3437//6325 3308//6325 3317//6325
f 3439//6326 3440//6326 3244//6326
f 3439//6327 3244//6327 3254//6327
f 3441//6328 3442//6328 3216//6328
f 3441//6329 3216//6329 3217//6329
f 3443//6330 3444//6330 3345//6330
f 3443//6331 3345//6331 3348//6331
f 3445//6332 3446//6332 3422//6332
f 3445//6333 3422//6333 3425//6333
f 3447//6334 3439//6334 3254//6334
f 3447//6335 3254//6335 3257//6335
f 3442//6336 3448//6336 3436//6336
f 3442//6337 3436//6337 3216//6337
f 3449//6338 3450//6338 3230//6338
f 3449//6339 3230//6339 3240//6339
f 3451//6340 3452//6340 3408//6340
f 3451//6341 3408//6341 3412//6341
f 3453//6342 3454//6342 3331//6342
f 3453//6343 3331//6343 3335//6343
f 3448//6344 3445//6344 3425//6344
f 3448//6345 3425//6345 3436//6345
f 3455//6346 3456//6346 3294//6346
f 3455//6347 3294//6347 3303//6347
f 3454//6348 3457//6348 3321//6348
f 3454//6349 3321//6349 3331//6349
f 3452//6350 3458//6350 3399//6350
f 3452//6351 3399//6351 3408//6351
f 3458//6352 3459//6352 3394//6352
f 3458//6353 3394//6353 3399//6353
f 3460//6354 3461//6354 3271//6354
f 3460//6355 3271//6355 3281//6355
f 3462//6356 3460//6356 3281//6356
f 3462//6357 3281//6357 3284//6357
f 3438//6358 3455//6358 3303//6358
f 3438//6359 3303//6359 3308//6359
f 3463//6360 3443//6360 3348//6360
f 3463//6361 3348//6361 3358//6361
f 3444//6362 3453//6362 3335//6362
f 3444//6363 3335//6363 3345//6363
f 3447//834 3464//834 3461//834
f 3461//834 3460//834 3462//834
f 3462//834 3456//834 3455//834
f 3455//834 3438//834 3437//834
f 3437//834 3457//834 3454//834
f 3454//834 3453//834 3444//834
f 3444//834 3443//834 3463//834
f 3463//834 3465//834 3466//834
f 3466//834 3467//834 3468//834
f 3468//834 3459//834 3458//834
f 3458//834 3452//834 3451//834
f 3451//834 3446//834 3445//834
f 3445//834 3448//834 3442//834
f 3442//834 3441//834 3450//834
f 3450//834 3449//834 3440//834
f 3440//834 3439//834 3447//834
f 3447//834 3461//834 3462//834
f 3462//834 3455//834 3437//834
f 3437//834 3454//834 3444//834
f 3444//834 3463//834 3466//834
f 3466//834 3468//834 3458//834
f 3458//834 3451//834 3445//834
f 3445//834 3442//834 3450//834
f 3450//834 3440//834 3447//834
f 3447//834 3462//834 3437//834
f 3437//834 3444//834 3466//834
f 3466//834 3458//834 3445//834
f 3445//834 3450//834 3447//834
f 3447//834 3437//834 3466//834
f 3466//834 3445//834 3447//834
f 3440//6364 3449//6364 3240//6364
f 3440//6365 3240//6365 3244//6365
f 3446//6366 3451//6366 3412//6366
f 3446//6367 3412//6367 3422//6367
f 3461//6368 3464//6368 3268//6368
f 3461//6369 3268//6369 3271//6369
f 3456//6370 3462//6370 3284//6370
f 3456//6371 3284//6371 3294//6371
f 3459//6372 3468//6372 3385//6372
f 3459//6373 3385//6373 3394//6373
f 3467//6374 3466//6374 3372//6374
f 3467//6375 3372//6375 3375//6375
f 3457//6376 3437//6376 3317//6376
f 3457//6377 3317//6377 3321//6377
f 3466//6378 3465//6378 3361//6378
f 3466//6379 3361//6379 3372//6379
f 3468//6380 3467//6380 3375//6380
f 3468//6381 3375//6381 3385//6381
f 3450//6382 3441//6382 3217//6382
f 3450//6383 3217//6383 3230//6383
f 3464//6384 3447//6384 3257//6384
f 3464//6385 3257//6385 3268//6385
f 3465//6386 3463//6386 3358//6386
f 3465//6387 3358//6387 3361//6387
f 3469//6388 3470//6388 3471//6388
f 3472//6389 3473//6389 3474//6389
f 3475//6390 3476//6390 3477//6390
f 3475//6391 3477//6391 3478//6391
f 3479//6392 3469//6392 3471//6392
f 3479//6393 3471//6393 3480//6393
f 3481//6394 3475//6394 3478//6394
f 3481//6395 3478//6395 3482//6395
f 3483//6396 3479//6396 3480//6396
f 3483//6397 3480//6397 3484//6397
f 3485//6398 3481//6398 3482//6398
f 3485//6399 3482//6399 3486//6399
f 3487//6400 3483//6400 3484//6400
f 3487//6401 3484//6401 3488//6401
f 3489//6402 3485//6402 3486//6402
f 3489//6403 3486//6403 3490//6403
f 3491//6404 3487//6404 3488//6404
f 3491//6405 3488//6405 3492//6405
f 3493//6406 3489//6406 3490//6406
f 3493//6407 3490//6407 3494//6407
f 3495//6408 3491//6408 3492//6408
f 3495//6409 3492//6409 3496//6409
f 3497//6410 3493//6410 3494//6410
f 3497//6411 3494//6411 3498//6411
f 3499//6412 3495//6412 3496//6412
f 3499//6413 3496//6413 3500//6413
f 3473//6414 3497//6414 3498//6414
f 3473//6415 3498//6415 3474//6415
f 3476//6416 3499//6416 3500//6416
f 3476//6417 3500//6417 3477//6417
f 3474//6418 3498//6418 3501//6418
f 3474//6419 3501//6419 3502//6419
f 3477//6420 3500//6420 3503//6420
f 3477//6421 3503//6421 3504//6421
f 3471//6422 3470//6422 3505//6422
f 3472//6423 3474//6423 3502//6423
f 3478//6424 3477//6424 3504//6424
f 3478//6425 3504//6425 3506//6425
f 3480//6426 3471//6426 3505//6426
f 3480//6427 3505//6427 3507//6427
f 3482//6428 3478//6428 3506//6428
f 3482//6429 3506//6429 3508//6429
f 3484//6430 3480//6430 3507//6430
f 3484//6431 3507//6431 3509//6431
f 3486//6432 3482//6432 3508//6432
f 3486//6433 3508//6433 3510//6433
f 3488//6434 3484//6434 3509//6434
f 3488//6435 3509//6435 3511//6435
f 3490//6436 3486//6436 3510//6436
f 3490//6437 3510//6437 3512//6437
f 3492//6438 3488//6438 3511//6438
f 3492//6439 3511//6439 3513//6439
f 3494//6440 3490//6440 3512//6440
f 3494//6441 3512//6441 3514//6441
f 3496//6442 3492//6442 3513//6442
f 3496//6443 3513//6443 3515//6443
f 3498//6444 3494//6444 3514//6444
f 3498//6445 3514//6445 3501//6445
f 3500//6446 3496//6446 3515//6446
f 3500//6447 3515//6447 3503//6447
f 3511//6448 3509//6448 3516//6448
f 3511//6449 3516//6449 3517//6449
f 3512//6450 3510//6450 3518//6450
f 3512//6451 3518//6451 3519//6451
f 3513//6452 3511//6452 3517//6452
f 3513//6453 3517//6453 3520//6453
f 3514//6454 3512//6454 3519//6454
f 3514//6455 3519//6455 3521//6455
f 3515//6456 3513//6456 3520//6456
f 3515//6457 3520//6457 3522//6457
f 3501//6458 3514//6458 3521//6458
f 3501//6459 3521//6459 3523//6459
f 3503//6460 3515//6460 3522//6460
f 3503//6461 3522//6461 3524//6461
f 3502//6462 3501//6462 3523//6462
f 3502//6463 3523//6463 3525//6463
f 3504//6464 3503//6464 3524//6464
f 3504//6465 3524//6465 3526//6465
f 3505//6466 3470//6466 3527//6466
f 3472//6467 3502//6467 3525//6467
f 3506//6468 3504//6468 3526//6468
f 3506//6469 3526//6469 3528//6469
f 3507//6470 3505//6470 3527//6470
f 3507//6471 3527//6471 3529//6471
f 3508//6472 3506//6472 3528//6472
f 3508//6473 3528//6473 3530//6473
f 3509//6474 3507//6474 3529//6474
f 3509//6475 3529//6475 3516//6475
f 3510//6476 3508//6476 3530//6476
f 3510//6477 3530//6477 3518//6477
f 3526//6478 3524//6478 3531//6478
f 3526//6479 3531//6479 3532//6479
f 3527//6480 3470//6480 3533//6480
f 3472//6481 3525//6481 3534//6481
f 3528//6482 3526//6482 3532//6482
f 3528//6483 3532//6483 3535//6483
f 3529//6484 3527//6484 3533//6484
f 3529//6485 3533//6485 3536//6485
f 3530//6486 3528//6486 3535//6486
f 3530//6487 3535//6487 3537//6487
f 3516//6488 3529//6488 3536//6488
f 3516//6489 3536//6489 3538//6489
f 3518//6490 3530//6490 3537//6490
f 3518//6491 3537//6491 3539//6491
f 3517//6492 3516//6492 3538//6492
f 3517//6493 3538//6493 3540//6493
f 3519//6494 3518//6494 3539//6494
f 3519//6495 3539//6495 3541//6495
f 3520//6496 3517//6496 3540//6496
f 3520//6497 3540//6497 3542//6497
f 3521//6498 3519//6498 3541//6498
f 3521//6499 3541//6499 3543//6499
f 3522//6500 3520//6500 3542//6500
f 3522//6501 3542//6501 3544//6501
f 3523//6502 3521//6502 3543//6502
f 3523//6503 3543//6503 3545//6503
f 3524//6504 3522//6504 3544//6504
f 3524//6505 3544//6505 3531//6505
f 3525//6506 3523//6506 3545//6506
f 3525//6507 3545//6507 3534//6507
f 3541//6508 3539//6508 3546//6508
f 3541//6509 3546//6509 3547//6509
f 3542//6510 3540//6510 3548//6510
f 3542//6511 3548//6511 3549//6511
f 3543//6512 3541//6512 3547//6512
f 3543//6513 3547//6513 3550//6513
f 3544//6514 3542//6514 3549//6514
f 3544//6515 3549//6515 3551//6515
f 3545//6516 3543//6516 3550//6516
f 3545//6517 3550//6517 3552//6517
f 3531//6518 3544//6518 3551//6518
f 3531//6519 3551//6519 3553//6519
f 3534//6520 3545//6520 3552//6520
f 3534//6521 3552//6521 3554//6521
f 3532//6522 3531//6522 3553//6522
f 3532//6523 3553//6523 3555//6523
f 3533//6524 3470//6524 3556//6524
f 3472//6525 3534//6525 3554//6525
f 3535//6526 3532//6526 3555//6526
f 3535//6527 3555//6527 3557//6527
f 3536//6528 3533//6528 3556//6528
f 3536//6529 3556//6529 3558//6529
f 3537//6530 3535//6530 3557//6530
f 3537//6531 3557//6531 3559//6531
f 3538//6532 3536//6532 3558//6532
f 3538//6533 3558//6533 3560//6533
f 3539//6534 3537//6534 3559//6534
f 3539//6535 3559//6535 3546//6535
f 3540//6536 3538//6536 3560//6536
f 3540//6537 3560//6537 3548//6537
f 3556//6538 3470//6538 3561//6538
f 3472//6539 3554//6539 3562//6539
f 3557//6540 3555//6540 3563//6540
f 3557//6541 3563//6541 3564//6541
f 3558//6542 3556//6542 3561//6542
f 3558//6543 3561//6543 3565//6543
f 3559//6544 3557//6544 3564//6544
f 3559//6545 3564//6545 3566//6545
f 3560//6546 3558//6546 3565//6546
f 3560//6547 3565//6547 3567//6547
f 3546//6548 3559//6548 3566//6548
f 3546//6549 3566//6549 3568//6549
f 3548//6550 3560//6550 3567//6550
f 3548//6551 3567//6551 3569//6551
f 3547//6552 3546//6552 3568//6552
f 3547//6553 3568//6553 3570//6553
f 3549//6554 3548//6554 3569//6554
f 3549//6555 3569//6555 3571//6555
f 3550//6556 3547//6556 3570//6556
f 3550//6557 3570//6557 3572//6557
f 3551//6558 3549//6558 3571//6558
f 3551//6559 3571//6559 3573//6559
f 3552//6560 3550//6560 3572//6560
f 3552//6561 3572//6561 3574//6561
f 3553//6562 3551//6562 3573//6562
f 3553//6563 3573//6563 3575//6563
f 3554//6564 3552//6564 3574//6564
f 3554//6565 3574//6565 3562//6565
f 3555//6566 3553//6566 3575//6566
f 3555//6567 3575//6567 3563//6567
f 3571//6568 3569//6568 3576//6568
f 3571//6569 3576//6569 3577//6569
f 3572//6570 3570//6570 3578//6570
f 3572//6571 3578//6571 3579//6571
f 3573//6572 3571//6572 3577//6572
f 3573//6573 3577//6573 3580//6573
f 3574//6574 3572//6574 3579//6574
f 3574//6575 3579//6575 3581//6575
f 3575//6576 3573//6576 3580//6576
f 3575//6577 3580//6577 3582//6577
f 3562//6578 3574//6578 3581//6578
f 3562//6579 3581//6579 3583//6579
f 3563//6580 3575//6580 3582//6580
f 3563//6581 3582//6581 3584//6581
f 3561//6582 3470//6582 3585//6582
f 3472//6583 3562//6583 3583//6583
f 3564//6584 3563//6584 3584//6584
f 3564//6585 3584//6585 3586//6585
f 3565//6586 3561//6586 3585//6586
f 3565//6587 3585//6587 3587//6587
f 3566//6588 3564//6588 3586//6588
f 3566//6589 3586//6589 3588//6589
f 3567//6590 3565//6590 3587//6590
f 3567//6591 3587//6591 3589//6591
f 3568//6592 3566//6592 3588//6592
f 3568//6593 3588//6593 3590//6593
f 3569//6594 3567//6594 3589//6594
f 3569//6595 3589//6595 3576//6595
f 3570//6596 3568//6596 3590//6596
f 3570//6597 3590//6597 3578//6597
f 3586//6598 3584//6598 3591//6598
f 3586//6599 3591//6599 3592//6599
f 3587//6600 3585//6600 3593//6600
f 3587//6601 3593//6601 3594//6601
f 3588//6602 3586//6602 3592//6602
f 3588//6603 3592//6603 3595//6603
f 3589//6604 3587//6604 3594//6604
f 3589//6605 3594//6605 3596//6605
f 3590//6606 3588//6606 3595//6606
f 3590//6607 3595//6607 3597//6607
f 3576//6608 3589//6608 3596//6608
f 3576//6609 3596//6609 3598//6609
f 3578//6610 3590//6610 3597//6610
f 3578//6611 3597//6611 3599//6611
f 3577//6612 3576//6612 3598//6612
f 3577//6613 3598//6613 3600//6613
f 3579//6614 3578//6614 3599//6614
f 3579//6615 3599//6615 3601//6615
f 3580//6616 3577//6616 3600//6616
f 3580//6617 3600//6617 3602//6617
f 3581//6618 3579//6618 3601//6618
f 3581//6619 3601//6619 3603//6619
f 3582//6620 3580//6620 3602//6620
f 3582//6621 3602//6621 3604//6621
f 3583//6622 3581//6622 3603//6622
f 3583//6623 3603//6623 3605//6623
f 3584//6624 3582//6624 3604//6624
f 3584//6625 3604//6625 3591//6625
f 3585//6626 3470//6626 3593//6626
f 3472//6627 3583//6627 3605//6627
f 3601//6628 3599//6628 3606//6628
f 3601//6629 3606//6629 3607//6629
f 3602//6630 3600//6630 3608//6630
f 3602//6631 3608//6631 3609//6631
f 3603//6632 3601//6632 3607//6632
f 3603//6633 3607//6633 3610//6633
f 3604//6634 3602//6634 3609//6634
f 3604//6635 3609//6635 3611//6635
f 3605//6636 3603//6636 3610//6636
f 3605//6637 3610//6637 3612//6637
f 3591//6638 3604//6638 3611//6638
f 3591//6639 3611//6639 3613//6639
f 3593//6640 3470//6640 3614//6640
f 3472//6641 3605//6641 3612//6641
f 3592//6642 3591//6642 3613//6642
f 3592//6643 3613//6643 3615//6643
f 3594//6644 3593//6644 3614//6644
f 3594//6645 3614//6645 3616//6645
f 3595//6646 3592//6646 3615//6646
f 3595//6647 3615//6647 3617//6647
f 3596//6648 3594//6648 3616//6648
f 3596//6649 3616//6649 3618//6649
f 3597//6650 3595//6650 3617//6650
f 3597//6651 3617//6651 3619//6651
f 3598//6652 3596//6652 3618//6652
f 3598//6653 3618//6653 3620//6653
f 3599//6654 3597//6654 3619//6654
f 3599//6655 3619//6655 3606//6655
f 3600//6656 3598//6656 3620//6656
f 3600//6657 3620//6657 3608//6657
f 3617//6658 3615//6658 3621//6658
f 3617//6659 3621//6659 3622//6659
f 3618//6660 3616//6660 3623//6660
f 3618//6661 3623//6661 3624//6661
f 3619//6662 3617//6662 3622//6662
f 3619//6663 3622//6663 3625//6663
f 3620//6664 3618//6664 3624//6664
f 3620//6665 3624//6665 3626//6665
f 3606//6666 3619//6666 3625//6666
f 3606//6667 3625//6667 3627//6667
f 3608//6668 3620//6668 3626//6668
f 3608//6669 3626//6669 3628//6669
f 3607//6670 3606//6670 3627//6670
f 3607//6671 3627//6671 3629//6671
f 3609//6672 3608//6672 3628//6672
f 3609//6673 3628//6673 3630//6673
f 3610//6674 3607//6674 3629//6674
f 3610//6675 3629//6675 3631//6675
f 3611//6676 3609//6676 3630//6676
f 3611//6677 3630//6677 3632//6677
f 3612//6678 3610//6678 3631//6678
f 3612//6679 3631//6679 3633//6679
f 3613//6680 3611//6680 3632//6680
f 3613//6681 3632//6681 3634//6681
f 3614//6682 3470//6682 3635//6682
f 3472//6683 3612//6683 3633//6683
f 3615//6684 3613//6684 3634//6684
f 3615//6685 3634//6685 3621//6685
f 3616//6686 3614//6686 3635//6686
f 3616//6687 3635//6687 3623//6687
f 3631//6688 3629//6688 3636//6688
f 3631//6689 3636//6689 3637//6689
f 3632//6690 3630//6690 3638//6690
f 3632//6691 3638//6691 3639//6691
f 3633//6692 3631//6692 3637//6692
f 3633//6693 3637//6693 3640//6693
f 3634//6694 3632//6694 3639//6694
f 3634//6695 3639//6695 3641//6695
f 3635//6696 3470//6696 3642//6696
f 3472//6697 3633//6697 3640//6697
f 3621//6698 3634//6698 3641//6698
f 3621//6699 3641//6699 3643//6699
f 3623//6700 3635//6700 3642//6700
f 3623//6701 3642//6701 3644//6701
f 3622//6702 3621//6702 3643//6702
f 3622//6703 3643//6703 3645//6703
f 3624//6704 3623//6704 3644//6704
f 3624//6705 3644//6705 3646//6705
f 3625//6706 3622//6706 3645//6706
f 3625//6707 3645//6707 3647//6707
f 3626//6708 3624//6708 3646//6708
f 3626//6709 3646//6709 3648//6709
f 3627//6710 3625//6710 3647//6710
f 3627//6711 3647//6711 3649//6711
f 3628//6712 3626//6712 3648//6712
f 3628//6713 3648//6713 3650//6713
f 3629//6714 3627//6714 3649//6714
f 3629//6715 3649//6715 3636//6715
f 3630//6716 3628//6716 3650//6716
f 3630//6717 3650//6717 3638//6717
f 3646//6718 3644//6718 3651//6718
f 3646//6719 3651//6719 3652//6719
f 3647//6720 3645//6720 3653//6720
f 3647//6721 3653//6721 3654//6721
f 3648//6722 3646//6722 3652//6722
f 3648//6723 3652//6723 3655//6723
f 3649//6724 3647//6724 3654//6724
f 3649//6725 3654//6725 3656//6725
f 3650//6726 3648//6726 3655//6726
f 3650//6727 3655//6727 3657//6727
f 3636//6728 3649//6728 3656//6728
f 3636//6729 3656//6729 3658//6729
f 3638//6730 3650//6730 3657//6730
f 3638//6731 3657//6731 3659//6731
f 3637//6732 3636//6732 3658//6732
f 3637//6733 3658//6733 3660//6733
f 3639//6734 3638//6734 3659//6734
f 3639//6735 3659//6735 3661//6735
f 3640//6736 3637//6736 3660//6736
f 3640//6737 3660//6737 3662//6737
f 3641//6738 3639//6738 3661//6738
f 3641//6739 3661//6739 3663//6739
f 3642//6740 3470//6740 3664//6740
f 3472//6741 3640//6741 3662//6741
f 3643//6742 3641//6742 3663//6742
f 3643//6743 3663//6743 3665//6743
f 3644//6744 3642//6744 3664//6744
f 3644//6745 3664//6745 3651//6745
f 3645//6746 3643//6746 3665//6746
f 3645//6747 3665//6747 3653//6747
f 3661//6748 3659//6748 3666//6748
f 3661//6749 3666//6749 3667//6749
f 3662//6750 3660//6750 3668//6750
f 3662//6751 3668//6751 3669//6751
f 3663//6752 3661//6752 3667//6752
f 3663//6753 3667//6753 3670//6753
f 3664//6754 3470//6754 3671//6754
f 3472//6755 3662//6755 3669//6755
f 3665//6756 3663//6756 3670//6756
f 3665//6757 3670//6757 3672//6757
f 3651//6758 3664//6758 3671//6758
f 3651//6759 3671//6759 3673//6759
f 3653//6760 3665//6760 3672//6760
f 3653//6761 3672//6761 3674//6761
f 3652//6762 3651//6762 3673//6762
f 3652//6763 3673//6763 3675//6763
f 3654//6764 3653//6764 3674//6764
f 3654//6765 3674//6765 3676//6765
f 3655//6766 3652//6766 3675//6766
f 3655//6767 3675//6767 3677//6767
f 3656//6768 3654//6768 3676//6768
f 3656//6769 3676//6769 3678//6769
f 3657//6770 3655//6770 3677//6770
f 3657//6771 3677//6771 3679//6771
f 3658//6772 3656//6772 3678//6772
f 3658//6773 3678//6773 3680//6773
f 3659//6774 3657//6774 3679//6774
f 3659//6775 3679//6775 3666//6775
f 3660//6776 3658//6776 3680//6776
f 3660//6777 3680//6777 3668//6777
f 3676//6778 3674//6778 3681//6778
f 3676//6779 3681//6779 3682//6779
f 3677//6780 3675//6780 3683//6780
f 3677//6781 3683//6781 3684//6781
f 3678//6782 3676//6782 3682//6782
f 3678//6783 3682//6783 3685//6783
f 3679//6784 3677//6784 3684//6784
f 3679//6785 3684//6785 3686//6785
f 3680//6786 3678//6786 3685//6786
f 3680//6787 3685//6787 3687//6787
f 3666//6788 3679//6788 3686//6788
f 3666//6789 3686//6789 3688//6789
f 3668//6790 3680//6790 3687//6790
f 3668//6791 3687//6791 3689//6791
f 3667//6792 3666//6792 3688//6792
f 3667//6793 3688//6793 3690//6793
f 3669//6794 3668//6794 3689//6794
f 3669//6795 3689//6795 3691//6795
f 3670//6796 3667//6796 3690//6796
f 3670//6797 3690//6797 3692//6797
f 3671//6798 3470//6798 3693//6798
f 3472//6799 3669//6799 3691//6799
f 3672//6800 3670//6800 3692//6800
f 3672//6801 3692//6801 3694//6801
f 3673//6802 3671//6802 3693//6802
f 3673//6803 3693//6803 3695//6803
f 3674//6804 3672//6804 3694//6804
f 3674//6805 3694//6805 3681//6805
f 3675//6806 3673//6806 3695//6806
f 3675//6807 3695//6807 3683//6807
f 3691//6808 3689//6808 3696//6808
f 3691//6809 3696//6809 3697//6809
f 3692//6810 3690//6810 3698//6810
f 3692//6811 3698//6811 3699//6811
f 3693//6812 3470//6812 3700//6812
f 3472//6813 3691//6813 3697//6813
f 3694//6814 3692//6814 3699//6814
f 3694//6815 3699//6815 3701//6815
f 3695//6816 3693//6816 3700//6816
f 3695//6817 3700//6817 3702//6817
f 3681//6818 3694//6818 3701//6818
f 3681//6819 3701//6819 3703//6819
f 3683//6820 3695//6820 3702//6820
f 3683//6821 3702//6821 3704//6821
f 3682//6822 3681//6822 3703//6822
f 3682//6823 3703//6823 3705//6823
f 3684//6824 3683//6824 3704//6824
f 3684//6825 3704//6825 3706//6825
f 3685//6826 3682//6826 3705//6826
f 3685//6827 3705//6827 3707//6827
f 3686//6828 3684//6828 3706//6828
f 3686//6829 3706//6829 3708//6829
f 3687//6830 3685//6830 3707//6830
f 3687//6831 3707//6831 3709//6831
f 3688//6832 3686//6832 3708//6832
f 3688//6833 3708//6833 3710//6833
f 3689//6834 3687//6834 3709//6834
f 3689//6835 3709//6835 3696//6835
f 3690//6836 3688//6836 3710//6836
f 3690//6837 3710//6837 3698//6837
f 3706//6838 3704//6838 3711//6838
f 3706//6839 3711//6839 3712//6839
f 3707//6840 3705//6840 3713//6840
f 3707//6841 3713//6841 3714//6841
f 3708//6842 3706//6842 3712//6842
f 3708//6843 3712//6843 3715//6843
f 3709//6844 3707//6844 3714//6844
f 3709//6845 3714//6845 3716//6845
f 3710//6846 3708//6846 3715//6846
f 3710//6847 3715//6847 3717//6847
f 3696//6848 3709//6848 3716//6848
f 3696//6849 3716//6849 3718//6849
f 3698//6850 3710//6850 3717//6850
f 3698//6851 3717//6851 3719//6851
f 3697//6852 3696//6852 3718//6852
f 3697//6853 3718//6853 3720//6853
f 3699//6854 3698//6854 3719//6854
f 3699//6855 3719//6855 3721//6855
f 3700//6856 3470//6856 3722//6856
f 3472//6857 3697//6857 3720//6857
f 3701//6858 3699//6858 3721//6858
f 3701//6859 3721//6859 3723//6859
f 3702//6860 3700//6860 3722//6860
f 3702//6861 3722//6861 3724//6861
f 3703//6862 3701//6862 3723//6862
f 3703//6863 3723//6863 3725//6863
f 3704//6864 3702//6864 3724//6864
f 3704//6865 3724//6865 3711//6865
f 3705//6866 3703//6866 3725//6866
f 3705//6867 3725//6867 3713//6867
f 3721//6868 3719//6868 3726//6868
f 3721//6869 3726//6869 3727//6869
f 3722//6870 3470//6870 3728//6870
f 3472//6871 3720//6871 3729//6871
f 3723//6872 3721//6872 3727//6872
f 3723//6873 3727//6873 3730//6873
f 3724//6874 3722//6874 3728//6874
f 3724//6875 3728//6875 3731//6875
f 3725//6876 3723//6876 3730//6876
f 3725//6877 3730//6877 3732//6877
f 3711//6878 3724//6878 3731//6878
f 3711//6879 3731//6879 3733//6879
f 3713//6880 3725//6880 3732//6880
f 3713//6881 3732//6881 3734//6881
f 3712//6882 3711//6882 3733//6882
f 3712//6883 3733//6883 3735//6883
f 3714//6884 3713//6884 3734//6884
f 3714//6885 3734//6885 3736//6885
f 3715//6886 3712//6886 3735//6886
f 3715//6887 3735//6887 3737//6887
f 3716//6888 3714//6888 3736//6888
f 3716//6889 3736//6889 3738//6889
f 3717//6890 3715//6890 3737//6890
f 3717//6891 3737//6891 3739//6891
f 3718//6892 3716//6892 3738//6892
f 3718//6893 3738//6893 3740//6893
f 3719//6894 3717//6894 3739//6894
f 3719//6895 3739//6895 3726//6895
f 3720//6896 3718//6896 3740//6896
f 3720//6897 3740//6897 3729//6897
f 3736//6898 3734//6898 3741//6898
f 3736//6899 3741//6899 3742//6899
f 3737//6900 3735//6900 3743//6900
f 3737//6901 3743//6901 3744//6901
f 3738//6902 3736//6902 3742//6902
f 3738//6903 3742//6903 3745//6903
f 3739//6904 3737//6904 3744//6904
f 3739//6905 3744//6905 3746//6905
f 3740//6906 3738//6906 3745//6906
f 3740//6907 3745//6907 3747//6907
f 3726//6908 3739//6908 3746//6908
f 3726//6909 3746//6909 3748//6909
f 3729//6910 3740//6910 3747//6910
f 3729//6911 3747//6911 3749//6911
f 3727//6912 3726//6912 3748//6912
f 3727//6913 3748//6913 3750//6913
f 3728//6914 3470//6914 3751//6914
f 3472//6915 3729//6915 3749//6915
f 3730//6916 3727//6916 3750//6916
f 3730//6917 3750//6917 3752//6917
f 3731//6918 3728//6918 3751//6918
f 3731//6919 3751//6919 3753//6919
f 3732//6920 3730//6920 3752//6920
f 3732//6921 3752//6921 3754//6921
f 3733//6922 3731//6922 3753//6922
f 3733//6923 3753//6923 3755//6923
f 3734//6924 3732//6924 3754//6924
f 3734//6925 3754//6925 3741//6925
f 3735//6926 3733//6926 3755//6926
f 3735//6927 3755//6927 3743//6927
f 3472//6928 3749//6928 3756//6928
f 3752//6929 3750//6929 3757//6929
f 3752//6930 3757//6930 3758//6930
f 3753//6931 3751//6931 3759//6931
f 3753//6932 3759//6932 3760//6932
f 3754//6933 3752//6933 3758//6933
f 3754//6934 3758//6934 3761//6934
f 3755//6935 3753//6935 3760//6935
f 3755//6936 3760//6936 3762//6936
f 3741//6937 3754//6937 3761//6937
f 3741//6938 3761//6938 3763//6938
f 3743//6939 3755//6939 3762//6939
f 3743//6940 3762//6940 3764//6940
f 3742//6941 3741//6941 3763//6941
f 3742//6942 3763//6942 3765//6942
f 3744//6943 3743//6943 3764//6943
f 3744//6944 3764//6944 3766//6944
f 3745//6945 3742//6945 3765//6945
f 3745//6946 3765//6946 3767//6946
f 3746//6947 3744//6947 3766//6947
f 3746//6948 3766//6948 3768//6948
f 3747//6949 3745//6949 3767//6949
f 3747//6950 3767//6950 3769//6950
f 3748//6951 3746//6951 3768//6951
f 3748//6952 3768//6952 3770//6952
f 3749//6953 3747//6953 3769//6953
f 3749//6954 3769//6954 3756//6954
f 3750//6955 3748//6955 3770//6955
f 3750//6956 3770//6956 3757//6956
f 3751//6957 3470//6957 3759//6957
f 3767//6958 3765//6958 3771//6958
f 3767//6959 3771//6959 3772//6959
f 3768//6960 3766//6960 3773//6960
f 3768//6961 3773//6961 3774//6961
f 3769//6962 3767//6962 3772//6962
f 3769//6963 3772//6963 3775//6963
f 3770//6964 3768//6964 3774//6964
f 3770//6965 3774//6965 3776//6965
f 3756//6966 3769//6966 3775//6966
f 3756//6967 3775//6967 3777//6967
f 3757//6968 3770//6968 3776//6968
f 3757//6969 3776//6969 3778//6969
f 3759//6970 3470//6970 3779//6970
f 3472//6971 3756//6971 3777//6971
f 3758//6972 3757//6972 3778//6972
f 3758//6973 3778//6973 3780//6973
f 3760//6974 3759//6974 3779//6974
f 3760//6975 3779//6975 3781//6975
f 3761//6976 3758//6976 3780//6976
f 3761//6977 3780//6977 3782//6977
f 3762//6978 3760//6978 3781//6978
f 3762//6979 3781//6979 3783//6979
f 3763//6980 3761//6980 3782//6980
f 3763//6981 3782//6981 3784//6981
f 3764//6982 3762//6982 3783//6982
f 3764//6983 3783//6983 3785//6983
f 3765//6984 3763//6984 3784//6984
f 3765//6985 3784//6985 3771//6985
f 3766//6986 3764//6986 3785//6986
f 3766//6987 3785//6987 3773//6987
f 3781//6988 3779//6988 3786//6988
f 3781//6989 3786//6989 3787//6989
f 3782//6990 3780//6990 3788//6990
f 3782//6991 3788//6991 3789//6991
f 3783//6992 3781//6992 3787//6992
f 3783//6993 3787//6993 3790//6993
f 3784//6994 3782//6994 3789//6994
f 3784//6995 3789//6995 3791//6995
f 3785//6996 3783//6996 3790//6996
f 3785//6997 3790//6997 3792//6997
f 3771//6998 3784//6998 3791//6998
f 3771//6999 3791//6999 3793//6999
f 3773//7000 3785//7000 3792//7000
f 3773//7001 3792//7001 3794//7001
f 3772//7002 3771//7002 3793//7002
f 3772//7003 3793//7003 3795//7003
f 3774//7004 3773//7004 3794//7004
f 3774//7005 3794//7005 3796//7005
f 3775//7006 3772//7006 3795//7006
f 3775//7007 3795//7007 3797//7007
f 3776//7008 3774//7008 3796//7008
f 3776//7009 3796//7009 3798//7009
f 3777//7010 3775//7010 3797//7010
f 3777//7011 3797//7011 3799//7011
f 3778//7012 3776//7012 3798//7012
f 3778//7013 3798//7013 3800//7013
f 3779//7014 3470//7014 3786//7014
f 3472//7015 3777//7015 3799//7015
f 3780//7016 3778//7016 3800//7016
f 3780//7017 3800//7017 3788//7017
f 3796//7018 3794//7018 3801//7018
f 3796//7019 3801//7019 3802//7019
f 3797//7020 3795//7020 3803//7020
f 3797//7021 3803//7021 3804//7021
f 3798//7022 3796//7022 3802//7022
f 3798//7023 3802//7023 3805//7023
f 3799//7024 3797//7024 3804//7024
f 3799//7025 3804//7025 3806//7025
f 3800//7026 3798//7026 3805//7026
f 3800//7027 3805//7027 3807//7027
f 3786//7028 3470//7028 3808//7028
f 3472//7029 3799//7029 3806//7029
f 3788//7030 3800//7030 3807//7030
f 3788//7031 3807//7031 3809//7031
f 3787//7032 3786//7032 3808//7032
f 3787//7033 3808//7033 3810//7033
f 3789//7034 3788//7034 3809//7034
f 3789//7035 3809//7035 3811//7035
f 3790//7036 3787//7036 3810//7036
f 3790//7037 3810//7037 3812//7037
f 3791//7038 3789//7038 3811//7038
f 3791//7039 3811//7039 3813//7039
f 3792//7040 3790//7040 3812//7040
f 3792//7041 3812//7041 3814//7041
f 3793//7042 3791//7042 3813//7042
f 3793//7043 3813//7043 3815//7043
f 3794//7044 3792//7044 3814//7044
f 3794//7045 3814//7045 3801//7045
f 3795//7046 3793//7046 3815//7046
f 3795//7047 3815//7047 3803//7047
f 3811//7048 3809//7048 3816//7048
f 3811//7049 3816//7049 3817//7049
f 3812//7050 3810//7050 3818//7050
f 3812//7051 3818//7051 3819//7051
f 3813//7052 3811//7052 3817//7052
f 3813//7053 3817//7053 3820//7053
f 3814//7054 3812//7054 3819//7054
f 3814//7055 3819//7055 3821//7055
f 3815//7056 3813//7056 3820//7056
f 3815//7057 3820//7057 3822//7057
f 3801//7058 3814//7058 3821//7058
f 3801//7059 3821//7059 3823//7059
f 3803//7060 3815//7060 3822//7060
f 3803//7061 3822//7061 3824//7061
f 3802//7062 3801//7062 3823//7062
f 3802//7063 3823//7063 3825//7063
f 3804//7064 3803//7064 3824//7064
f 3804//7065 3824//7065 3826//7065
f 3805//7066 3802//7066 3825//7066
f 3805//7067 3825//7067 3827//7067
f 3806//7068 3804//7068 3826//7068
f 3806//7069 3826//7069 3828//7069
f 3807//7070 3805//7070 3827//7070
f 3807//7071 3827//7071 3829//7071
f 3808//7072 3470//7072 3830//7072
f 3472//7073 3806//7073 3828//7073
f 3809//7074 3807//7074 3829//7074
f 3809//7075 3829//7075 3816//7075
f 3810//7076 3808//7076 3830//7076
f 3810//7077 3830//7077 3818//7077
f 3826//7078 3824//7078 3831//7078
f 3826//7079 3831//7079 3832//7079
f 3827//7080 3825//7080 3833//7080
f 3827//7081 3833//7081 3834//7081
f 3828//7082 3826//7082 3832//7082
f 3828//7083 3832//7083 3835//7083
f 3829//7084 3827//7084 3834//7084
f 3829//7085 3834//7085 3836//7085
f 3830//7086 3470//7086 3837//7086
f 3472//7087 3828//7087 3835//7087
f 3816//7088 3829//7088 3836//7088
f 3816//7089 3836//7089 3838//7089
f 3818//7090 3830//7090 3837//7090
f 3818//7091 3837//7091 3839//7091
f 3817//7092 3816//7092 3838//7092
f 3817//7093 3838//7093 3840//7093
f 3819//7094 3818//7094 3839//7094
f 3819//7095 3839//7095 3841//7095
f 3820//7096 3817//7096 3840//7096
f 3820//7097 3840//7097 3842//7097
f 3821//7098 3819//7098 3841//7098
f 3821//7099 3841//7099 3843//7099
f 3822//7100 3820//7100 3842//7100
f 3822//7101 3842//7101 3844//7101
f 3823//7102 3821//7102 3843//7102
f 3823//7103 3843//7103 3845//7103
f 3824//7104 3822//7104 3844//7104
f 3824//7105 3844//7105 3831//7105
f 3825//7106 3823//7106 3845//7106
f 3825//7107 3845//7107 3833//7107
f 3841//7108 3839//7108 3846//7108
f 3841//7109 3846//7109 3847//7109
f 3842//7110 3840//7110 3848//7110
f 3842//7111 3848//7111 3849//7111
f 3843//7112 3841//7112 3847//7112
f 3843//7113 3847//7113 3850//7113
f 3844//7114 3842//7114 3849//7114
f 3844//7115 3849//7115 3851//7115
f 3845//7116 3843//7116 3850//7116
f 3845//7117 3850//7117 3852//7117
f 3831//7118 3844//7118 3851//7118
f 3831//7119 3851//7119 3853//7119
f 3833//7120 3845//7120 3852//7120
f 3833//7121 3852//7121 3854//7121
f 3832//7122 3831//7122 3853//7122
f 3832//7123 3853//7123 3855//7123
f 3834//7124 3833//7124 3854//7124
f 3834//7125 3854//7125 3856//7125
f 3835//7126 3832//7126 3855//7126
f 3835//7127 3855//7127 3857//7127
f 3836//7128 3834//7128 3856//7128
f 3836//7129 3856//7129 3858//7129
f 3837//7130 3470//7130 3859//7130
f 3472//7131 3835//7131 3857//7131
f 3838//7132 3836//7132 3858//7132
f 3838//7133 3858//7133 3860//7133
f 3839//7134 3837//7134 3859//7134
f 3839//7135 3859//7135 3846//7135
f 3840//7136 3838//7136 3860//7136
f 3840//7137 3860//7137 3848//7137
f 3856//7138 3854//7138 3861//7138
f 3856//7139 3861//7139 3862//7139
f 3857//7140 3855//7140 3863//7140
f 3857//7141 3863//7141 3864//7141
f 3858//7142 3856//7142 3862//7142
f 3858//7143 3862//7143 3865//7143
f 3859//7144 3470//7144 3866//7144
f 3472//7145 3857//7145 3864//7145
f 3860//7146 3858//7146 3865//7146
f 3860//7147 3865//7147 3867//7147
f 3846//7148 3859//7148 3866//7148
f 3846//7149 3866//7149 3868//7149
f 3848//7150 3860//7150 3867//7150
f 3848//7151 3867//7151 3869//7151
f 3847//7152 3846//7152 3868//7152
f 3847//7153 3868//7153 3870//7153
f 3849//7154 3848//7154 3869//7154
f 3849//7155 3869//7155 3871//7155
f 3850//7156 3847//7156 3870//7156
f 3850//7157 3870//7157 3872//7157
f 3851//7158 3849//7158 3871//7158
f 3851//7159 3871//7159 3873//7159
f 3852//7160 3850//7160 3872//7160
f 3852//7161 3872//7161 3874//7161
f 3853//7162 3851//7162 3873//7162
f 3853//7163 3873//7163 3875//7163
f 3854//7164 3852//7164 3874//7164
f 3854//7165 3874//7165 3861//7165
f 3855//7166 3853//7166 3875//7166
f 3855//7167 3875//7167 3863//7167
f 3871//7168 3869//7168 3876//7168
f 3871//7169 3876//7169 3877//7169
f 3872//7170 3870//7170 3878//7170
f 3872//7171 3878//7171 3879//7171
f 3873//7172 3871//7172 3877//7172
f 3873//7173 3877//7173 3880//7173
f 3874//7174 3872//7174 3879//7174
f 3874//7175 3879//7175 3881//7175
f 3875//7176 3873//7176 3880//7176
f 3875//7177 3880//7177 3882//7177
f 3861//7178 3874//7178 3881//7178
f 3861//7179 3881//7179 3883//7179
f 3863//7180 3875//7180 3882//7180
f 3863//7181 3882//7181 3884//7181
f 3862//7182 3861//7182 3883//7182
f 3862//7183 3883//7183 3885//7183
f 3864//7184 3863//7184 3884//7184
f 3864//7185 3884//7185 3886//7185
f 3865//7186 3862//7186 3885//7186
f 3865//7187 3885//7187 3887//7187
f 3866//7188 3470//7188 3888//7188
f 3472//7189 3864//7189 3886//7189
f 3867//7190 3865//7190 3887//7190
f 3867//7191 3887//7191 3889//7191
f 3868//7192 3866//7192 3888//7192
f 3868//7193 3888//7193 3890//7193
f 3869//7194 3867//7194 3889//7194
f 3869//7195 3889//7195 3876//7195
f 3870//7196 3868//7196 3890//7196
f 3870//7197 3890//7197 3878//7197
f 3886//7198 3884//7198 3891//7198
f 3886//7199 3891//7199 3892//7199
f 3887//7200 3885//7200 3893//7200
f 3887//7201 3893//7201 3894//7201
f 3888//7202 3470//7202 3895//7202
f 3472//7203 3886//7203 3892//7203
f 3889//7204 3887//7204 3894//7204
f 3889//7205 3894//7205 3896//7205
f 3890//7206 3888//7206 3895//7206
f 3890//7207 3895//7207 3897//7207
f 3876//7208 3889//7208 3896//7208
f 3876//7209 3896//7209 3898//7209
f 3878//7210 3890//7210 3897//7210
f 3878//7211 3897//7211 3899//7211
f 3877//7212 3876//7212 3898//7212
f 3877//7213 3898//7213 3900//7213
f 3879//7214 3878//7214 3899//7214
f 3879//7215 3899//7215 3901//7215
f 3880//7216 3877//7216 3900//7216
f 3880//7217 3900//7217 3902//7217
f 3881//7218 3879//7218 3901//7218
f 3881//7219 3901//7219 3903//7219
f 3882//7220 3880//7220 3902//7220
f 3882//7221 3902//7221 3904//7221
f 3883//7222 3881//7222 3903//7222
f 3883//7223 3903//7223 3905//7223
f 3884//7224 3882//7224 3904//7224
f 3884//7225 3904//7225 3891//7225
f 3885//7226 3883//7226 3905//7226
f 3885//7227 3905//7227 3893//7227
f 3902//7228 3900//7228 3906//7228
f 3902//7229 3906//7229 3907//7229
f 3903//7230 3901//7230 3908//7230
f 3903//7231 3908//7231 3909//7231
f 3904//7232 3902//7232 3907//7232
f 3904//7233 3907//7233 3910//7233
f 3905//7234 3903//7234 3909//7234
f 3905//7235 3909//7235 3911//7235
f 3891//7236 3904//7236 3910//7236
f 3891//7237 3910//7237 3912//7237
f 3893//7238 3905//7238 3911//7238
f 3893//7239 3911//7239 3913//7239
f 3892//7240 3891//7240 3912//7240
f 3892//7241 3912//7241 3914//7241
f 3894//7242 3893//7242 3913//7242
f 3894//7243 3913//7243 3915//7243
f 3895//7244 3470//7244 3916//7244
f 3472//7245 3892//7245 3914//7245
f 3896//7246 3894//7246 3915//7246
f 3896//7247 3915//7247 3917//7247
f 3897//7248 3895//7248 3916//7248
f 3897//7249 3916//7249 3918//7249
f 3898//7250 3896//7250 3917//7250
f 3898//7251 3917//7251 3919//7251
f 3899//7252 3897//7252 3918//7252
f 3899//7253 3918//7253 3920//7253
f 3900//7254 3898//7254 3919//7254
f 3900//7255 3919//7255 3906//7255
f 3901//7256 3899//7256 3920//7256
f 3901//7257 3920//7257 3908//7257
f 3916//7258 3470//7258 3921//7258
f 3472//7259 3914//7259 3922//7259
f 3917//7260 3915//7260 3923//7260
f 3917//7261 3923//7261 3924//7261
f 3918//7262 3916//7262 3921//7262
f 3918//7263 3921//7263 3925//7263
f 3919//7264 3917//7264 3924//7264
f 3919//7265 3924//7265 3926//7265
f 3920//7266 3918//7266 3925//7266
f 3920//7267 3925//7267 3927//7267
f 3906//7268 3919//7268 3926//7268
f 3906//7269 3926//7269 3928//7269
f 3908//7270 3920//7270 3927//7270
f 3908//7271 3927//7271 3929//7271
f 3907//7272 3906//7272 3928//7272
f 3907//7273 3928//7273 3930//7273
f 3909//7274 3908//7274 3929//7274
f 3909//7275 3929//7275 3931//7275
f 3910//7276 3907//7276 3930//7276
f 3910//7277 3930//7277 3932//7277
f 3911//7278 3909//7278 3931//7278
f 3911//7279 3931//7279 3933//7279
f 3912//7280 3910//7280 3932//7280
f 3912//7281 3932//7281 3934//7281
f 3913//7282 3911//7282 3933//7282
f 3913//7283 3933//7283 3935//7283
f 3914//7284 3912//7284 3934//7284
f 3914//7285 3934//7285 3922//7285
f 3915//7286 3913//7286 3935//7286
f 3915//7287 3935//7287 3923//7287
f 3931//7288 3929//7288 3936//7288
f 3931//7289 3936//7289 3937//7289
f 3932//7290 3930//7290 3938//7290
f 3932//7291 3938//7291 3939//7291
f 3933//7292 3931//7292 3937//7292
f 3933//7293 3937//7293 3940//7293
f 3934//7294 3932//7294 3939//7294
f 3934//7295 3939//7295 3941//7295
f 3935//7296 3933//7296 3940//7296
f 3935//7297 3940//7297 3942//7297
f 3922//7298 3934//7298 3941//7298
f 3922//7299 3941//7299 3943//7299
f 3923//7300 3935//7300 3942//7300
f 3923//7301 3942//7301 3944//7301
f 3921//7302 3470//7302 3945//7302
f 3472//7303 3922//7303 3943//7303
f 3924//7304 3923//7304 3944//7304
f 3924//7305 3944//7305 3946//7305
f 3925//7306 3921//7306 3945//7306
f 3925//7307 3945//7307 3947//7307
f 3926//7308 3924//7308 3946//7308
f 3926//7309 3946//7309 3948//7309
f 3927//7310 3925//7310 3947//7310
f 3927//7311 3947//7311 3949//7311
f 3928//7312 3926//7312 3948//7312
f 3928//7313 3948//7313 3950//7313
f 3929//7314 3927//7314 3949//7314
f 3929//7315 3949//7315 3936//7315
f 3930//7316 3928//7316 3950//7316
f 3930//7317 3950//7317 3938//7317
f 3946//7318 3944//7318 3476//7318
f 3946//7319 3476//7319 3475//7319
f 3947//7320 3945//7320 3469//7320
f 3947//7321 3469//7321 3479//7321
f 3948//7322 3946//7322 3475//7322
f 3948//7323 3475//7323 3481//7323
f 3949//7324 3947//7324 3479//7324
f 3949//7325 3479//7325 3483//7325
f 3950//7326 3948//7326 3481//7326
f 3950//7327 3481//7327 3485//7327
f 3936//7328 3949//7328 3483//7328
f 3936//7329 3483//7329 3487//7329
f 3938//7330 3950//7330 3485//7330
f 3938//7331 3485//7331 3489//7331
f 3937//7332 3936//7332 3487//7332
f 3937//7333 3487//7333 3491//7333
f 3939//7334 3938//7334 3489//7334
f 3939//7335 3489//7335 3493//7335
f 3940//7336 3937//7336 3491//7336
f 3940//7337 3491//7337 3495//7337
f 3941//7338 3939//7338 3493//7338
f 3941//7339 3493//7339 3497//7339
f 3942//7340 3940//7340 3495//7340
f 3942//7341 3495//7341 3499//7341
f 3943//7342 3941//7342 3497//7342
f 3943//7343 3497//7343 3473//7343
f 3944//7344 3942//7344 3499//7344
f 3944//7345 3499//7345 3476//7345
f 3945//7346 3470//7346 3469//7346
f 3472//7347 3943//7347 3473//7347
f 3951//7348 3952//7348 3953//7348
f 3954//7349 3955//7349 3956//7349
f 3957//7350 3958//7350 3959//7350
f 3957//7351 3959//7351 3960//7351
f 3961//7352 3951//7352 3953//7352
f 3961//7353 3953//7353 3962//7353
f 3963//7354 3957//7354 3960//7354
f 3963//7355 3960//7355 3964//7355
f 3965//7356 3961//7356 3962//7356
f 3965//7357 3962//7357 3966//7357
f 3967//7358 3963//7358 3964//7358
f 3967//6399 3964//6399 3968//6399
f 3969//7359 3965//7359 3966//7359
f 3969//7360 3966//7360 3970//7360
f 3971//6402 3967//6402 3968//6402
f 3971//6403 3968//6403 3972//6403
f 3973//6404 3969//6404 3970//6404
f 3973//6405 3970//6405 3974//6405
f 3975//6406 3971//6406 3972//6406
f 3975//7361 3972//7361 3976//7361
f 3977//7362 3973//7362 3974//7362
f 3977//7363 3974//7363 3978//7363
f 3979//7364 3975//7364 3976//7364
f 3979//7365 3976//7365 3980//7365
f 3981//7366 3977//7366 3978//7366
f 3981//7367 3978//7367 3982//7367
f 3955//7368 3979//7368 3980//7368
f 3955//7369 3980//7369 3956//7369
f 3958//7370 3981//7370 3982//7370
f 3958//7371 3982//7371 3959//7371
f 3956//7372 3980//7372 3983//7372
f 3956//7373 3983//7373 3984//7373
f 3959//7374 3982//7374 3985//7374
f 3959//7375 3985//7375 3986//7375
f 3953//7376 3952//7376 3987//7376
f 3954//7377 3956//7377 3984//7377
f 3960//7378 3959//7378 3986//7378
f 3960//7379 3986//7379 3988//7379
f 3962//7380 3953//7380 3987//7380
f 3962//6427 3987//6427 3989//6427
f 3964//7381 3960//7381 3988//7381
f 3964//7382 3988//7382 3990//7382
f 3966//7383 3962//7383 3989//7383
f 3966//7384 3989//7384 3991//7384
f 3968//7385 3964//7385 3990//7385
f 3968//7386 3990//7386 3992//7386
f 3970//7387 3966//7387 3991//7387
f 3970//7388 3991//7388 3993//7388
f 3972//6436 3968//6436 3992//6436
f 3972//7389 3992//7389 3994//7389
f 3974//7390 3970//7390 3993//7390
f 3974//7391 3993//7391 3995//7391
f 3976//7392 3972//7392 3994//7392
f 3976//7393 3994//7393 3996//7393
f 3978//6442 3974//6442 3995//6442
f 3978//7394 3995//7394 3997//7394
f 3980//7395 3976//7395 3996//7395
f 3980//6445 3996//6445 3983//6445
f 3982//7396 3978//7396 3997//7396
f 3982//7397 3997//7397 3985//7397
f 3993//7398 3991//7398 3998//7398
f 3993//7399 3998//7399 3999//7399
f 3994//7400 3992//7400 4000//7400
f 3994//7401 4000//7401 4001//7401
f 3995//7402 3993//7402 3999//7402
f 3995//7403 3999//7403 4002//7403
f 3996//7404 3994//7404 4001//7404
f 3996//6455 4001//6455 4003//6455
f 3997//7405 3995//7405 4002//7405
f 3997//7406 4002//7406 4004//7406
f 3983//6458 3996//6458 4003//6458
f 3983//6459 4003//6459 4005//6459
f 3985//7407 3997//7407 4004//7407
f 3985//6461 4004//6461 4006//6461
f 3984//6462 3983//6462 4005//6462
f 3984//6463 4005//6463 4007//6463
f 3986//7408 3985//7408 4006//7408
f 3986//7409 4006//7409 4008//7409
f 3987//6466 3952//6466 4009//6466
f 3954//6467 3984//6467 4007//6467
f 3988//7410 3986//7410 4008//7410
f 3988//6469 4008//6469 4010//6469
f 3989//6470 3987//6470 4009//6470
f 3989//6471 4009//6471 4011//6471
f 3990//7411 3988//7411 4010//7411
f 3990//7412 4010//7412 4012//7412
f 3991//6474 3989//6474 4011//6474
f 3991//6475 4011//6475 3998//6475
f 3992//7413 3990//7413 4012//7413
f 3992//7414 4012//7414 4000//7414
f 4008//6478 4006//6478 4013//6478
f 4008//6479 4013//6479 4014//6479
f 4009//6480 3952//6480 4015//6480
f 3954//6481 4007//6481 4016//6481
f 4010//6482 4008//6482 4014//6482
f 4010//6483 4014//6483 4017//6483
f 4011//6484 4009//6484 4015//6484
f 4011//7415 4015//7415 4018//7415
f 4012//6486 4010//6486 4017//6486
f 4012//7416 4017//7416 4019//7416
f 3998//7417 4011//7417 4018//7417
f 3998//7418 4018//7418 4020//7418
f 4000//7419 4012//7419 4019//7419
f 4000//7420 4019//7420 4021//7420
f 3999//6492 3998//6492 4020//6492
f 3999//7421 4020//7421 4022//7421
f 4001//7422 4000//7422 4021//7422
f 4001//7423 4021//7423 4023//7423
f 4002//7424 3999//7424 4022//7424
f 4002//7425 4022//7425 4024//7425
f 4003//7426 4001//7426 4023//7426
f 4003//7427 4023//7427 4025//7427
f 4004//7428 4002//7428 4024//7428
f 4004//7429 4024//7429 4026//7429
f 4005//6502 4003//6502 4025//6502
f 4005//7430 4025//7430 4027//7430
f 4006//7431 4004//7431 4026//7431
f 4006//7432 4026//7432 4013//7432
f 4007//7433 4005//7433 4027//7433
f 4007//7434 4027//7434 4016//7434
f 4023//7435 4021//7435 4028//7435
f 4023//7436 4028//7436 4029//7436
f 4024//7437 4022//7437 4030//7437
f 4024//6511 4030//6511 4031//6511
f 4025//7438 4023//7438 4029//7438
f 4025//6513 4029//6513 4032//6513
f 4026//7439 4024//7439 4031//7439
f 4026//7440 4031//7440 4033//7440
f 4027//7441 4025//7441 4032//7441
f 4027//7442 4032//7442 4034//7442
f 4013//7443 4026//7443 4033//7443
f 4013//7444 4033//7444 4035//7444
f 4016//7445 4027//7445 4034//7445
f 4016//6521 4034//6521 4036//6521
f 4014//7446 4013//7446 4035//7446
f 4014//7447 4035//7447 4037//7447
f 4015//6524 3952//6524 4038//6524
f 3954//6525 4016//6525 4036//6525
f 4017//6526 4014//6526 4037//6526
f 4017//7448 4037//7448 4039//7448
f 4018//7449 4015//7449 4038//7449
f 4018//7450 4038//7450 4040//7450
f 4019//7451 4017//7451 4039//7451
f 4019//7452 4039//7452 4041//7452
f 4020//7453 4018//7453 4040//7453
f 4020//6533 4040//6533 4042//6533
f 4021//7454 4019//7454 4041//7454
f 4021//6535 4041//6535 4028//6535
f 4022//7455 4020//7455 4042//7455
f 4022//7456 4042//7456 4030//7456
f 4038//6538 3952//6538 4043//6538
f 3954//6539 4036//6539 4044//6539
f 4039//7457 4037//7457 4045//7457
f 4039//7458 4045//7458 4046//7458
f 4040//6542 4038//6542 4043//6542
f 4040//6543 4043//6543 4047//6543
f 4041//7459 4039//7459 4046//7459
f 4041//6545 4046//6545 4048//6545
f 4042//6546 4040//6546 4047//6546
f 4042//6547 4047//6547 4049//6547
f 4028//6548 4041//6548 4048//6548
f 4028//6549 4048//6549 4050//6549
f 4030//6550 4042//6550 4049//6550
f 4030//7460 4049//7460 4051//7460
f 4029//6552 4028//6552 4050//6552
f 4029//7461 4050//7461 4052//7461
f 4031//7462 4030//7462 4051//7462
f 4031//7463 4051//7463 4053//7463
f 4032//7464 4029//7464 4052//7464
f 4032//7465 4052//7465 4054//7465
f 4033//6558 4031//6558 4053//6558
f 4033//6559 4053//6559 4055//6559
f 4034//6560 4032//6560 4054//6560
f 4034//6561 4054//6561 4056//6561
f 4035//7466 4033//7466 4055//7466
f 4035//7467 4055//7467 4057//7467
f 4036//6564 4034//6564 4056//6564
f 4036//6565 4056//6565 4044//6565
f 4037//7468 4035//7468 4057//7468
f 4037//7469 4057//7469 4045//7469
f 4053//7470 4051//7470 4058//7470
f 4053//7471 4058//7471 4059//7471
f 4054//7472 4052//7472 4060//7472
f 4054//6571 4060//6571 4061//6571
f 4055//7473 4053//7473 4059//7473
f 4055//7474 4059//7474 4062//7474
f 4056//6574 4054//6574 4061//6574
f 4056//6575 4061//6575 4063//6575
f 4057//6576 4055//6576 4062//6576
f 4057//6577 4062//6577 4064//6577
f 4044//6578 4056//6578 4063//6578
f 4044//6579 4063//6579 4065//6579
f 4045//7475 4057//7475 4064//7475
f 4045//7476 4064//7476 4066//7476
f 4043//6582 3952//6582 4067//6582
f 3954//6583 4044//6583 4065//6583
f 4046//7477 4045//7477 4066//7477
f 4046//6585 4066//6585 4068//6585
f 4047//6586 4043//6586 4067//6586
f 4047//6587 4067//6587 4069//6587
f 4048//6588 4046//6588 4068//6588
f 4048//6589 4068//6589 4070//6589
f 4049//6590 4047//6590 4069//6590
f 4049//6591 4069//6591 4071//6591
f 4050//6592 4048//6592 4070//6592
f 4050//7478 4070//7478 4072//7478
f 4051//7479 4049//7479 4071//7479
f 4051//7480 4071//7480 4058//7480
f 4052//7481 4050//7481 4072//7481
f 4052//7482 4072//7482 4060//7482
f 4068//6598 4066//6598 4073//6598
f 4068//6599 4073//6599 4074//6599
f 4069//6600 4067//6600 4075//6600
f 4069//6601 4075//6601 4076//6601
f 4070//6602 4068//6602 4074//6602
f 4070//6603 4074//6603 4077//6603
f 4071//6604 4069//6604 4076//6604
f 4071//6605 4076//6605 4078//6605
f 4072//7483 4070//7483 4077//7483
f 4072//7484 4077//7484 4079//7484
f 4058//6608 4071//6608 4078//6608
f 4058//6609 4078//6609 4080//6609
f 4060//7485 4072//7485 4079//7485
f 4060//6611 4079//6611 4081//6611
f 4059//7486 4058//7486 4080//7486
f 4059//7487 4080//7487 4082//7487
f 4061//6614 4060//6614 4081//6614
f 4061//6615 4081//6615 4083//6615
f 4062//7488 4059//7488 4082//7488
f 4062//6617 4082//6617 4084//6617
f 4063//6618 4061//6618 4083//6618
f 4063//6619 4083//6619 4085//6619
f 4064//6620 4062//6620 4084//6620
f 4064//6621 4084//6621 4086//6621
f 4065//6622 4063//6622 4085//6622
f 4065//6623 4085//6623 4087//6623
f 4066//6624 4064//6624 4086//6624
f 4066//6625 4086//6625 4073//6625
f 4067//6626 3952//6626 4075//6626
f 3954//6627 4065//6627 4087//6627
f 4083//6628 4081//6628 4088//6628
f 4083//6629 4088//6629 4089//6629
f 4084//7489 4082//7489 4090//7489
f 4084//7490 4090//7490 4091//7490
f 4085//6632 4083//6632 4089//6632
f 4085//6633 4089//6633 4092//6633
f 4086//6634 4084//6634 4091//6634
f 4086//7491 4091//7491 4093//7491
f 4087//6636 4085//6636 4092//6636
f 4087//6637 4092//6637 4094//6637
f 4073//7492 4086//7492 4093//7492
f 4073//7493 4093//7493 4095//7493
f 4075//6640 3952//6640 4096//6640
f 3954//6641 4087//6641 4094//6641
f 4074//6642 4073//6642 4095//6642
f 4074//7494 4095//7494 4097//7494
f 4076//6644 4075//6644 4096//6644
f 4076//6645 4096//6645 4098//6645
f 4077//7495 4074//7495 4097//7495
f 4077//7496 4097//7496 4099//7496
f 4078//6648 4076//6648 4098//6648
f 4078//6649 4098//6649 4100//6649
f 4079//6650 4077//6650 4099//6650
f 4079//7497 4099//7497 4101//7497
f 4080//6652 4078//6652 4100//6652
f 4080//6653 4100//6653 4102//6653
f 4081//7498 4079//7498 4101//7498
f 4081//7499 4101//7499 4088//7499
f 4082//6656 4080//6656 4102//6656
f 4082//7500 4102//7500 4090//7500
f 4099//7501 4097//7501 4103//7501
f 4099//6659 4103//6659 4104//6659
f 4100//6660 4098//6660 4105//6660
f 4100//6661 4105//6661 4106//6661
f 4101//7502 4099//7502 4104//7502
f 4101//7503 4104//7503 4107//7503
f 4102//6664 4100//6664 4106//6664
f 4102//6665 4106//6665 4108//6665
f 4088//7504 4101//7504 4107//7504
f 4088//6667 4107//6667 4109//6667
f 4090//7505 4102//7505 4108//7505
f 4090//7506 4108//7506 4110//7506
f 4089//6670 4088//6670 4109//6670
f 4089//6671 4109//6671 4111//6671
f 4091//7507 4090//7507 4110//7507
f 4091//6673 4110//6673 4112//6673
f 4092//6674 4089//6674 4111//6674
f 4092//6675 4111//6675 4113//6675
f 4093//7508 4091//7508 4112//7508
f 4093//7509 4112//7509 4114//7509
f 4094//6678 4092//6678 4113//6678
f 4094//6679 4113//6679 4115//6679
f 4095//7510 4093//7510 4114//7510
f 4095//7511 4114//7511 4116//7511
f 4096//6682 3952//6682 4117//6682
f 3954//6683 4094//6683 4115//6683
f 4097//7512 4095//7512 4116//7512
f 4097//7513 4116//7513 4103//7513
f 4098//6686 4096//6686 4117//6686
f 4098//6687 4117//6687 4105//6687
f 4113//6688 4111//6688 4118//6688
f 4113//6689 4118//6689 4119//6689
f 4114//6690 4112//6690 4120//6690
f 4114//7514 4120//7514 4121//7514
f 4115//6692 4113//6692 4119//6692
f 4115//7515 4119//7515 4122//7515
f 4116//7516 4114//7516 4121//7516
f 4116//7517 4121//7517 4123//7517
f 4117//7518 3952//7518 4124//7518
f 3954//7519 4115//7519 4122//7519
f 4103//7520 4116//7520 4123//7520
f 4103//7521 4123//7521 4125//7521
f 4105//7522 4117//7522 4124//7522
f 4105//7523 4124//7523 4126//7523
f 4104//7524 4103//7524 4125//7524
f 4104//7525 4125//7525 4127//7525
f 4106//6704 4105//6704 4126//6704
f 4106//6705 4126//6705 4128//6705
f 4107//6706 4104//6706 4127//6706
f 4107//7526 4127//7526 4129//7526
f 4108//6708 4106//6708 4128//6708
f 4108//6709 4128//6709 4130//6709
f 4109//7527 4107//7527 4129//7527
f 4109//7528 4129//7528 4131//7528
f 4110//6712 4108//6712 4130//6712
f 4110//6713 4130//6713 4132//6713
f 4111//6714 4109//6714 4131//6714
f 4111//6715 4131//6715 4118//6715
f 4112//6716 4110//6716 4132//6716
f 4112//6717 4132//6717 4120//6717
f 4128//6718 4126//6718 4133//6718
f 4128//6719 4133//6719 4134//6719
f 4129//7529 4127//7529 4135//7529
f 4129//7530 4135//7530 4136//7530
f 4130//6722 4128//6722 4134//6722
f 4130//6723 4134//6723 4137//6723
f 4131//7531 4129//7531 4136//7531
f 4131//6725 4136//6725 4138//6725
f 4132//6726 4130//6726 4137//6726
f 4132//6727 4137//6727 4139//6727
f 4118//6728 4131//6728 4138//6728
f 4118//6729 4138//6729 4140//6729
f 4120//6730 4132//6730 4139//6730
f 4120//7532 4139//7532 4141//7532
f 4119//6732 4118//6732 4140//6732
f 4119//6733 4140//6733 4142//6733
f 4121//7533 4120//7533 4141//7533
f 4121//7534 4141//7534 4143//7534
f 4122//7535 4119//7535 4142//7535
f 4122//7536 4142//7536 4144//7536
f 4123//7537 4121//7537 4143//7537
f 4123//6739 4143//6739 4145//6739
f 4124//7538 3952//7538 4146//7538
f 3954//7539 4122//7539 4144//7539
f 4125//7540 4123//7540 4145//7540
f 4125//7541 4145//7541 4147//7541
f 4126//7542 4124//7542 4146//7542
f 4126//6745 4146//6745 4133//6745
f 4127//7543 4125//7543 4147//7543
f 4127//7544 4147//7544 4135//7544
f 4143//7545 4141//7545 4148//7545
f 4143//6749 4148//6749 4149//6749
f 4144//6750 4142//6750 4150//6750
f 4144//6751 4150//6751 4151//6751
f 4145//6752 4143//6752 4149//6752
f 4145//6753 4149//6753 4152//6753
f 4146//6754 3952//6754 4153//6754
f 3954//6755 4144//6755 4151//6755
f 4147//6756 4145//6756 4152//6756
f 4147//6757 4152//6757 4154//6757
f 4133//6758 4146//6758 4153//6758
f 4133//6759 4153//6759 4155//6759
f 4135//7546 4147//7546 4154//7546
f 4135//7547 4154//7547 4156//7547
f 4134//6762 4133//6762 4155//6762
f 4134//6763 4155//6763 4157//6763
f 4136//7548 4135//7548 4156//7548
f 4136//7549 4156//7549 4158//7549
f 4137//6766 4134//6766 4157//6766
f 4137//6767 4157//6767 4159//6767
f 4138//7550 4136//7550 4158//7550
f 4138//7551 4158//7551 4160//7551
f 4139//6770 4137//6770 4159//6770
f 4139//7552 4159//7552 4161//7552
f 4140//6772 4138//6772 4160//6772
f 4140//6773 4160//6773 4162//6773
f 4141//7553 4139//7553 4161//7553
f 4141//7554 4161//7554 4148//7554
f 4142//6776 4140//6776 4162//6776
f 4142//6777 4162//6777 4150//6777
f 4158//7555 4156//7555 4163//7555
f 4158//7556 4163//7556 4164//7556
f 4159//6780 4157//6780 4165//6780
f 4159//6781 4165//6781 4166//6781
f 4160//7557 4158//7557 4164//7557
f 4160//6783 4164//6783 4167//6783
f 4161//7558 4159//7558 4166//7558
f 4161//7559 4166//7559 4168//7559
f 4162//6786 4160//6786 4167//6786
f 4162//6787 4167//6787 4169//6787
f 4148//7560 4161//7560 4168//7560
f 4148//6789 4168//6789 4170//6789
f 4150//6790 4162//6790 4169//6790
f 4150//6791 4169//6791 4171//6791
f 4149//6792 4148//6792 4170//6792
f 4149//6793 4170//6793 4172//6793
f 4151//6794 4150//6794 4171//6794
f 4151//6795 4171//6795 4173//6795
f 4152//6796 4149//6796 4172//6796
f 4152//6797 4172//6797 4174//6797
f 4153//6798 3952//6798 4175//6798
f 3954//6799 4151//6799 4173//6799
f 4154//6800 4152//6800 4174//6800
f 4154//6801 4174//6801 4176//6801
f 4155//6802 4153//6802 4175//6802
f 4155//6803 4175//6803 4177//6803
f 4156//6804 4154//6804 4176//6804
f 4156//6805 4176//6805 4163//6805
f 4157//6806 4155//6806 4177//6806
f 4157//6807 4177//6807 4165//6807
f 4173//6808 4171//6808 4178//6808
f 4173//6809 4178//6809 4179//6809
f 4174//6810 4172//6810 4180//6810
f 4174//6811 4180//6811 4181//6811
f 4175//6812 3952//6812 4182//6812
f 3954//6813 4173//6813 4179//6813
f 4176//6814 4174//6814 4181//6814
f 4176//6815 4181//6815 4183//6815
f 4177//6816 4175//6816 4182//6816
f 4177//6817 4182//6817 4184//6817
f 4163//6818 4176//6818 4183//6818
f 4163//6819 4183//6819 4185//6819
f 4165//6820 4177//6820 4184//6820
f 4165//6821 4184//6821 4186//6821
f 4164//6822 4163//6822 4185//6822
f 4164//7561 4185//7561 4187//7561
f 4166//6824 4165//6824 4186//6824
f 4166//6825 4186//6825 4188//6825
f 4167//7562 4164//7562 4187//7562
f 4167//7563 4187//7563 4189//7563
f 4168//6828 4166//6828 4188//6828
f 4168//6829 4188//6829 4190//6829
f 4169//6830 4167//6830 4189//6830
f 4169//6831 4189//6831 4191//6831
f 4170//6832 4168//6832 4190//6832
f 4170//6833 4190//6833 4192//6833
f 4171//6834 4169//6834 4191//6834
f 4171//6835 4191//6835 4178//6835
f 4172//6836 4170//6836 4192//6836
f 4172//6837 4192//6837 4180//6837
f 4188//6838 4186//6838 4193//6838
f 4188//6839 4193//6839 4194//6839
f 4189//7564 4187//7564 4195//7564
f 4189//6841 4195//6841 4196//6841
f 4190//6842 4188//6842 4194//6842
f 4190//6843 4194//6843 4197//6843
f 4191//6844 4189//6844 4196//6844
f 4191//6845 4196//6845 4198//6845
f 4192//6846 4190//6846 4197//6846
f 4192//6847 4197//6847 4199//6847
f 4178//6848 4191//6848 4198//6848
f 4178//7565 4198//7565 4200//7565
f 4180//6850 4192//6850 4199//6850
f 4180//6851 4199//6851 4201//6851
f 4179//7566 4178//7566 4200//7566
f 4179//7567 4200//7567 4202//7567
f 4181//6854 4180//6854 4201//6854
f 4181//6855 4201//6855 4203//6855
f 4182//6856 3952//6856 4204//6856
f 3954//6857 4179//6857 4202//6857
f 4183//6858 4181//6858 4203//6858
f 4183//6859 4203//6859 4205//6859
f 4184//6860 4182//6860 4204//6860
f 4184//7568 4204//7568 4206//7568
f 4185//6862 4183//6862 4205//6862
f 4185//6863 4205//6863 4207//6863
f 4186//7569 4184//7569 4206//7569
f 4186//7570 4206//7570 4193//7570
f 4187//7571 4185//7571 4207//7571
f 4187//7572 4207//7572 4195//7572
f 4203//6868 4201//6868 4208//6868
f 4203//6869 4208//6869 4209//6869
f 4204//7573 3952//7573 4210//7573
f 3954//7574 4202//7574 4211//7574
f 4205//6872 4203//6872 4209//6872
f 4205//6873 4209//6873 4212//6873
f 4206//7575 4204//7575 4210//7575
f 4206//7576 4210//7576 4213//7576
f 4207//6876 4205//6876 4212//6876
f 4207//6877 4212//6877 4214//6877
f 4193//7577 4206//7577 4213//7577
f 4193//6879 4213//6879 4215//6879
f 4195//6880 4207//6880 4214//6880
f 4195//6881 4214//6881 4216//6881
f 4194//6882 4193//6882 4215//6882
f 4194//6883 4215//6883 4217//6883
f 4196//6884 4195//6884 4216//6884
f 4196//6885 4216//6885 4218//6885
f 4197//6886 4194//6886 4217//6886
f 4197//6887 4217//6887 4219//6887
f 4198//6888 4196//6888 4218//6888
f 4198//6889 4218//6889 4220//6889
f 4199//6890 4197//6890 4219//6890
f 4199//6891 4219//6891 4221//6891
f 4200//7578 4198//7578 4220//7578
f 4200//7579 4220//7579 4222//7579
f 4201//6894 4199//6894 4221//6894
f 4201//6895 4221//6895 4208//6895
f 4202//7580 4200//7580 4222//7580
f 4202//7581 4222//7581 4211//7581
f 4218//6898 4216//6898 4223//6898
f 4218//6899 4223//6899 4224//6899
f 4219//6900 4217//6900 4225//6900
f 4219//6901 4225//6901 4226//6901
f 4220//6902 4218//6902 4224//6902
f 4220//6903 4224//6903 4227//6903
f 4221//6904 4219//6904 4226//6904
f 4221//6905 4226//6905 4228//6905
f 4222//6906 4220//6906 4227//6906
f 4222//6907 4227//6907 4229//6907
f 4208//6908 4221//6908 4228//6908
f 4208//6909 4228//6909 4230//6909
f 4211//7582 4222//7582 4229//7582
f 4211//7583 4229//7583 4231//7583
f 4209//6912 4208//6912 4230//6912
f 4209//6913 4230//6913 4232//6913
f 4210//7584 3952//7584 4233//7584
f 3954//7585 4211//7585 4231//7585
f 4212//6916 4209//6916 4232//6916
f 4212//6917 4232//6917 4234//6917
f 4213//7586 4210//7586 4233//7586
f 4213//6919 4233//6919 4235//6919
f 4214//6920 4212//6920 4234//6920
f 4214//6921 4234//6921 4236//6921
f 4215//6922 4213//6922 4235//6922
f 4215//6923 4235//6923 4237//6923
f 4216//6924 4214//6924 4236//6924
f 4216//6925 4236//6925 4223//6925
f 4217//6926 4215//6926 4237//6926
f 4217//6927 4237//6927 4225//6927
f 3954//7587 4231//7587 4238//7587
f 4234//6929 4232//6929 4239//6929
f 4234//7588 4239//7588 4240//7588
f 4235//7589 4233//7589 4241//7589
f 4235//7590 4241//7590 4242//7590
f 4236//7591 4234//7591 4240//7591
f 4236//7592 4240//7592 4243//7592
f 4237//6935 4235//6935 4242//6935
f 4237//6936 4242//6936 4244//6936
f 4223//7593 4236//7593 4243//7593
f 4223//7594 4243//7594 4245//7594
f 4225//6939 4237//6939 4244//6939
f 4225//6940 4244//6940 4246//6940
f 4224//7595 4223//7595 4245//7595
f 4224//7596 4245//7596 4247//7596
f 4226//6943 4225//6943 4246//6943
f 4226//7597 4246//7597 4248//7597
f 4227//6945 4224//6945 4247//6945
f 4227//6946 4247//6946 4249//6946
f 4228//7598 4226//7598 4248//7598
f 4228//7599 4248//7599 4250//7599
f 4229//6949 4227//6949 4249//6949
f 4229//6950 4249//6950 4251//6950
f 4230//7600 4228//7600 4250//7600
f 4230//7601 4250//7601 4252//7601
f 4231//6953 4229//6953 4251//6953
f 4231//7602 4251//7602 4238//7602
f 4232//7603 4230//7603 4252//7603
f 4232//7604 4252//7604 4239//7604
f 4233//7605 3952//7605 4241//7605
f 4249//6958 4247//6958 4253//6958
f 4249//6959 4253//6959 4254//6959
f 4250//7606 4248//7606 4255//7606
f 4250//7607 4255//7607 4256//7607
f 4251//6962 4249//6962 4254//6962
f 4251//6963 4254//6963 4257//6963
f 4252//7608 4250//7608 4256//7608
f 4252//7609 4256//7609 4258//7609
f 4238//7610 4251//7610 4257//7610
f 4238//7611 4257//7611 4259//7611
f 4239//7612 4252//7612 4258//7612
f 4239//6969 4258//6969 4260//6969
f 4241//7613 3952//7613 4261//7613
f 3954//7614 4238//7614 4259//7614
f 4240//7615 4239//7615 4260//7615
f 4240//7616 4260//7616 4262//7616
f 4242//7617 4241//7617 4261//7617
f 4242//6975 4261//6975 4263//6975
f 4243//7618 4240//7618 4262//7618
f 4243//7619 4262//7619 4264//7619
f 4244//6978 4242//6978 4263//6978
f 4244//6979 4263//6979 4265//6979
f 4245//7620 4243//7620 4264//7620
f 4245//7621 4264//7621 4266//7621
f 4246//6982 4244//6982 4265//6982
f 4246//6983 4265//6983 4267//6983
f 4247//7622 4245//7622 4266//7622
f 4247//6985 4266//6985 4253//6985
f 4248//7623 4246//7623 4267//7623
f 4248//7624 4267//7624 4255//7624
f 4263//6988 4261//6988 4268//6988
f 4263//6989 4268//6989 4269//6989
f 4264//6990 4262//6990 4270//6990
f 4264//6991 4270//6991 4271//6991
f 4265//6992 4263//6992 4269//6992
f 4265//6993 4269//6993 4272//6993
f 4266//6994 4264//6994 4271//6994
f 4266//6995 4271//6995 4273//6995
f 4267//6996 4265//6996 4272//6996
f 4267//6997 4272//6997 4274//6997
f 4253//6998 4266//6998 4273//6998
f 4253//6999 4273//6999 4275//6999
f 4255//7000 4267//7000 4274//7000
f 4255//7001 4274//7001 4276//7001
f 4254//7002 4253//7002 4275//7002
f 4254//7003 4275//7003 4277//7003
f 4256//7004 4255//7004 4276//7004
f 4256//7005 4276//7005 4278//7005
f 4257//7006 4254//7006 4277//7006
f 4257//7007 4277//7007 4279//7007
f 4258//7008 4256//7008 4278//7008
f 4258//7009 4278//7009 4280//7009
f 4259//7010 4257//7010 4279//7010
f 4259//7011 4279//7011 4281//7011
f 4260//7012 4258//7012 4280//7012
f 4260//7013 4280//7013 4282//7013
f 4261//7014 3952//7014 4268//7014
f 3954//7015 4259//7015 4281//7015
f 4262//7016 4260//7016 4282//7016
f 4262//7017 4282//7017 4270//7017
f 4278//7018 4276//7018 4283//7018
f 4278//7019 4283//7019 4284//7019
f 4279//7020 4277//7020 4285//7020
f 4279//7021 4285//7021 4286//7021
f 4280//7022 4278//7022 4284//7022
f 4280//7023 4284//7023 4287//7023
f 4281//7024 4279//7024 4286//7024
f 4281//7025 4286//7025 4288//7025
f 4282//7026 4280//7026 4287//7026
f 4282//7625 4287//7625 4289//7625
f 4268//7028 3952//7028 4290//7028
f 3954//7029 4281//7029 4288//7029
f 4270//7626 4282//7626 4289//7626
f 4270//7627 4289//7627 4291//7627
f 4269//7032 4268//7032 4290//7032
f 4269//7033 4290//7033 4292//7033
f 4271//7034 4270//7034 4291//7034
f 4271//7035 4291//7035 4293//7035
f 4272//7036 4269//7036 4292//7036
f 4272//7037 4292//7037 4294//7037
f 4273//7038 4271//7038 4293//7038
f 4273//7039 4293//7039 4295//7039
f 4274//7040 4272//7040 4294//7040
f 4274//7628 4294//7628 4296//7628
f 4275//7042 4273//7042 4295//7042
f 4275//7629 4295//7629 4297//7629
f 4276//7630 4274//7630 4296//7630
f 4276//7631 4296//7631 4283//7631
f 4277//7632 4275//7632 4297//7632
f 4277//7633 4297//7633 4285//7633
f 4293//7048 4291//7048 4298//7048
f 4293//7049 4298//7049 4299//7049
f 4294//7050 4292//7050 4300//7050
f 4294//7634 4300//7634 4301//7634
f 4295//7052 4293//7052 4299//7052
f 4295//7635 4299//7635 4302//7635
f 4296//7636 4294//7636 4301//7636
f 4296//7637 4301//7637 4303//7637
f 4297//7638 4295//7638 4302//7638
f 4297//7639 4302//7639 4304//7639
f 4283//7640 4296//7640 4303//7640
f 4283//7641 4303//7641 4305//7641
f 4285//7642 4297//7642 4304//7642
f 4285//7061 4304//7061 4306//7061
f 4284//7643 4283//7643 4305//7643
f 4284//7644 4305//7644 4307//7644
f 4286//7064 4285//7064 4306//7064
f 4286//7065 4306//7065 4308//7065
f 4287//7066 4284//7066 4307//7066
f 4287//7067 4307//7067 4309//7067
f 4288//7068 4286//7068 4308//7068
f 4288//7069 4308//7069 4310//7069
f 4289//7645 4287//7645 4309//7645
f 4289//7646 4309//7646 4311//7646
f 4290//7647 3952//7647 4312//7647
f 3954//7073 4288//7073 4310//7073
f 4291//7648 4289//7648 4311//7648
f 4291//7075 4311//7075 4298//7075
f 4292//7649 4290//7649 4312//7649
f 4292//7650 4312//7650 4300//7650
f 4308//7078 4306//7078 4313//7078
f 4308//7079 4313//7079 4314//7079
f 4309//7080 4307//7080 4315//7080
f 4309//7081 4315//7081 4316//7081
f 4310//7082 4308//7082 4314//7082
f 4310//7083 4314//7083 4317//7083
f 4311//7084 4309//7084 4316//7084
f 4311//7085 4316//7085 4318//7085
f 4312//7651 3952//7651 4319//7651
f 3954//7087 4310//7087 4317//7087
f 4298//7088 4311//7088 4318//7088
f 4298//7089 4318//7089 4320//7089
f 4300//7652 4312//7652 4319//7652
f 4300//7091 4319//7091 4321//7091
f 4299//7092 4298//7092 4320//7092
f 4299//7093 4320//7093 4322//7093
f 4301//7653 4300//7653 4321//7653
f 4301//7654 4321//7654 4323//7654
f 4302//7655 4299//7655 4322//7655
f 4302//7656 4322//7656 4324//7656
f 4303//7657 4301//7657 4323//7657
f 4303//7099 4323//7099 4325//7099
f 4304//7658 4302//7658 4324//7658
f 4304//7101 4324//7101 4326//7101
f 4305//7659 4303//7659 4325//7659
f 4305//7660 4325//7660 4327//7660
f 4306//7104 4304//7104 4326//7104
f 4306//7105 4326//7105 4313//7105
f 4307//7661 4305//7661 4327//7661
f 4307//7107 4327//7107 4315//7107
f 4323//7108 4321//7108 4328//7108
f 4323//7662 4328//7662 4329//7662
f 4324//7110 4322//7110 4330//7110
f 4324//7111 4330//7111 4331//7111
f 4325//7663 4323//7663 4329//7663
f 4325//7664 4329//7664 4332//7664
f 4326//7114 4324//7114 4331//7114
f 4326//7115 4331//7115 4333//7115
f 4327//7116 4325//7116 4332//7116
f 4327//7117 4332//7117 4334//7117
f 4313//7118 4326//7118 4333//7118
f 4313//7119 4333//7119 4335//7119
f 4315//7120 4327//7120 4334//7120
f 4315//7121 4334//7121 4336//7121
f 4314//7122 4313//7122 4335//7122
f 4314//7123 4335//7123 4337//7123
f 4316//7124 4315//7124 4336//7124
f 4316//7665 4336//7665 4338//7665
f 4317//7126 4314//7126 4337//7126
f 4317//7127 4337//7127 4339//7127
f 4318//7666 4316//7666 4338//7666
f 4318//7667 4338//7667 4340//7667
f 4319//7668 3952//7668 4341//7668
f 3954//7131 4317//7131 4339//7131
f 4320//7132 4318//7132 4340//7132
f 4320//7669 4340//7669 4342//7669
f 4321//7670 4319//7670 4341//7670
f 4321//7671 4341//7671 4328//7671
f 4322//7672 4320//7672 4342//7672
f 4322//7673 4342//7673 4330//7673
f 4338//7674 4336//7674 4343//7674
f 4338//7675 4343//7675 4344//7675
f 4339//7140 4337//7140 4345//7140
f 4339//7141 4345//7141 4346//7141
f 4340//7676 4338//7676 4344//7676
f 4340//7143 4344//7143 4347//7143
f 4341//7677 3952//7677 4348//7677
f 3954//7145 4339//7145 4346//7145
f 4342//7678 4340//7678 4347//7678
f 4342//7679 4347//7679 4349//7679
f 4328//7680 4341//7680 4348//7680
f 4328//7149 4348//7149 4350//7149
f 4330//7681 4342//7681 4349//7681
f 4330//7151 4349//7151 4351//7151
f 4329//7682 4328//7682 4350//7682
f 4329//7683 4350//7683 4352//7683
f 4331//7154 4330//7154 4351//7154
f 4331//7155 4351//7155 4353//7155
f 4332//7684 4329//7684 4352//7684
f 4332//7685 4352//7685 4354//7685
f 4333//7158 4331//7158 4353//7158
f 4333//7686 4353//7686 4355//7686
f 4334//7687 4332//7687 4354//7687
f 4334//7688 4354//7688 4356//7688
f 4335//7689 4333//7689 4355//7689
f 4335//7690 4355//7690 4357//7690
f 4336//7164 4334//7164 4356//7164
f 4336//7165 4356//7165 4343//7165
f 4337//7166 4335//7166 4357//7166
f 4337//7167 4357//7167 4345//7167
f 4353//7168 4351//7168 4358//7168
f 4353//7169 4358//7169 4359//7169
f 4354//7691 4352//7691 4360//7691
f 4354//7692 4360//7692 4361//7692
f 4355//7693 4353//7693 4359//7693
f 4355//7694 4359//7694 4362//7694
f 4356//7695 4354//7695 4361//7695
f 4356//7175 4361//7175 4363//7175
f 4357//7696 4355//7696 4362//7696
f 4357//7177 4362//7177 4364//7177
f 4343//7178 4356//7178 4363//7178
f 4343//7179 4363//7179 4365//7179
f 4345//7180 4357//7180 4364//7180
f 4345//7181 4364//7181 4366//7181
f 4344//7182 4343//7182 4365//7182
f 4344//7697 4365//7697 4367//7697
f 4346//7184 4345//7184 4366//7184
f 4346//7185 4366//7185 4368//7185
f 4347//7698 4344//7698 4367//7698
f 4347//7699 4367//7699 4369//7699
f 4348//7188 3952//7188 4370//7188
f 3954//7189 4346//7189 4368//7189
f 4349//7190 4347//7190 4369//7190
f 4349//7700 4369//7700 4371//7700
f 4350//7192 4348//7192 4370//7192
f 4350//7193 4370//7193 4372//7193
f 4351//7701 4349//7701 4371//7701
f 4351//7702 4371//7702 4358//7702
f 4352//7196 4350//7196 4372//7196
f 4352//7197 4372//7197 4360//7197
f 4368//7703 4366//7703 4373//7703
f 4368//7704 4373//7704 4374//7704
f 4369//7705 4367//7705 4375//7705
f 4369//7201 4375//7201 4376//7201
f 4370//7202 3952//7202 4377//7202
f 3954//7203 4368//7203 4374//7203
f 4371//7706 4369//7706 4376//7706
f 4371//7707 4376//7707 4378//7707
f 4372//7206 4370//7206 4377//7206
f 4372//7708 4377//7708 4379//7708
f 4358//7709 4371//7709 4378//7709
f 4358//7209 4378//7209 4380//7209
f 4360//7710 4372//7710 4379//7710
f 4360//7711 4379//7711 4381//7711
f 4359//7212 4358//7212 4380//7212
f 4359//7213 4380//7213 4382//7213
f 4361//7214 4360//7214 4381//7214
f 4361//7215 4381//7215 4383//7215
f 4362//7216 4359//7216 4382//7216
f 4362//7217 4382//7217 4384//7217
f 4363//7218 4361//7218 4383//7218
f 4363//7219 4383//7219 4385//7219
f 4364//7220 4362//7220 4384//7220
f 4364//7221 4384//7221 4386//7221
f 4365//7222 4363//7222 4385//7222
f 4365//7223 4385//7223 4387//7223
f 4366//7224 4364//7224 4386//7224
f 4366//7712 4386//7712 4373//7712
f 4367//7713 4365//7713 4387//7713
f 4367//7714 4387//7714 4375//7714
f 4384//7715 4382//7715 4388//7715
f 4384//7716 4388//7716 4389//7716
f 4385//7230 4383//7230 4390//7230
f 4385//7717 4390//7717 4391//7717
f 4386//7232 4384//7232 4389//7232
f 4386//7233 4389//7233 4392//7233
f 4387//7718 4385//7718 4391//7718
f 4387//7719 4391//7719 4393//7719
f 4373//7720 4386//7720 4392//7720
f 4373//7721 4392//7721 4394//7721
f 4375//7722 4387//7722 4393//7722
f 4375//7723 4393//7723 4395//7723
f 4374//7724 4373//7724 4394//7724
f 4374//7725 4394//7725 4396//7725
f 4376//7242 4375//7242 4395//7242
f 4376//7243 4395//7243 4397//7243
f 4377//7726 3952//7726 4398//7726
f 3954//7727 4374//7727 4396//7727
f 4378//7246 4376//7246 4397//7246
f 4378//7247 4397//7247 4399//7247
f 4379//7728 4377//7728 4398//7728
f 4379//7729 4398//7729 4400//7729
f 4380//7250 4378//7250 4399//7250
f 4380//7730 4399//7730 4401//7730
f 4381//7731 4379//7731 4400//7731
f 4381//7253 4400//7253 4402//7253
f 4382//7732 4380//7732 4401//7732
f 4382//7733 4401//7733 4388//7733
f 4383//7256 4381//7256 4402//7256
f 4383//7257 4402//7257 4390//7257
f 4398//7734 3952//7734 4403//7734
f 3954//7735 4396//7735 4404//7735
f 4399//7260 4397//7260 4405//7260
f 4399//7261 4405//7261 4406//7261
f 4400//7736 4398//7736 4403//7736
f 4400//7263 4403//7263 4407//7263
f 4401//7737 4399//7737 4406//7737
f 4401//7738 4406//7738 4408//7738
f 4402//7266 4400//7266 4407//7266
f 4402//7267 4407//7267 4409//7267
f 4388//7739 4401//7739 4408//7739
f 4388//7740 4408//7740 4410//7740
f 4390//7270 4402//7270 4409//7270
f 4390//7271 4409//7271 4411//7271
f 4389//7741 4388//7741 4410//7741
f 4389//7273 4410//7273 4412//7273
f 4391//7742 4390//7742 4411//7742
f 4391//7743 4411//7743 4413//7743
f 4392//7276 4389//7276 4412//7276
f 4392//7277 4412//7277 4414//7277
f 4393//7744 4391//7744 4413//7744
f 4393//7745 4413//7745 4415//7745
f 4394//7280 4392//7280 4414//7280
f 4394//7281 4414//7281 4416//7281
f 4395//7746 4393//7746 4415//7746
f 4395//7283 4415//7283 4417//7283
f 4396//7747 4394//7747 4416//7747
f 4396//7748 4416//7748 4404//7748
f 4397//7286 4395//7286 4417//7286
f 4397//7287 4417//7287 4405//7287
f 4413//7288 4411//7288 4418//7288
f 4413//7289 4418//7289 4419//7289
f 4414//7290 4412//7290 4420//7290
f 4414//7749 4420//7749 4421//7749
f 4415//7292 4413//7292 4419//7292
f 4415//7750 4419//7750 4422//7750
f 4416//7751 4414//7751 4421//7751
f 4416//7752 4421//7752 4423//7752
f 4417//7753 4415//7753 4422//7753
f 4417//7754 4422//7754 4424//7754
f 4404//7298 4416//7298 4423//7298
f 4404//7299 4423//7299 4425//7299
f 4405//7300 4417//7300 4424//7300
f 4405//7755 4424//7755 4426//7755
f 4403//7302 3952//7302 4427//7302
f 3954//7303 4404//7303 4425//7303
f 4406//7756 4405//7756 4426//7756
f 4406//7757 4426//7757 4428//7757
f 4407//7306 4403//7306 4427//7306
f 4407//7307 4427//7307 4429//7307
f 4408//7308 4406//7308 4428//7308
f 4408//7758 4428//7758 4430//7758
f 4409//7310 4407//7310 4429//7310
f 4409//7759 4429//7759 4431//7759
f 4410//7760 4408//7760 4430//7760
f 4410//7761 4430//7761 4432//7761
f 4411//7762 4409//7762 4431//7762
f 4411//7763 4431//7763 4418//7763
f 4412//7316 4410//7316 4432//7316
f 4412//7317 4432//7317 4420//7317
f 4428//7764 4426//7764 3958//7764
f 4428//7765 3958//7765 3957//7765
f 4429//7320 4427//7320 3951//7320
f 4429//7766 3951//7766 3961//7766
f 4430//7767 4428//7767 3957//7767
f 4430//7768 3957//7768 3963//7768
f 4431//7769 4429//7769 3961//7769
f 4431//7770 3961//7770 3965//7770
f 4432//7771 4430//7771 3963//7771
f 4432//7772 3963//7772 3967//7772
f 4418//7773 4431//7773 3965//7773
f 4418//7329 3965//7329 3969//7329
f 4420//7330 4432//7330 3967//7330
f 4420//7331 3967//7331 3971//7331
f 4419//7332 4418//7332 3969//7332
f 4419//7333 3969//7333 3973//7333
f 4421//7774 4420//7774 3971//7774
f 4421//7775 3971//7775 3975//7775
f 4422//7776 4419//7776 3973//7776
f 4422//7777 3973//7777 3977//7777
f 4423//7778 4421//7778 3975//7778
f 4423//7779 3975//7779 3979//7779
f 4424//7780 4422//7780 3977//7780
f 4424//7781 3977//7781 3981//7781
f 4425//7782 4423//7782 3979//7782
f 4425//7783 3979//7783 3955//7783
f 4426//7784 4424//7784 3981//7784
f 4426//7785 3981//7785 3958//7785
f 4427//7346 3952//7346 3951//7346
f 3954//7347 4425//7347 3955//7347
f 4433//7786 4434//7786 399//7786
f 4433//7787 399//7787 417//7787
f 4435//7788 4436//7788 87//7788
f 4435//7789 87//7789 105//7789
f 4437//7790 4438//7790 693//7790
f 4437//7791 693//7791 695//7791
f 4439//7792 2530//7792 2528//7792
f 4439//7793 2528//7793 2533//7793
f 4440//7794 4441//7794 350//7794
f 4440//7795 350//7795 354//7795
f 255//7796 4442//7796 4443//7796
f 4443//7797 4444//7797 248//7797
f 4443//7798 248//7798 255//7798
f 4441//7799 4445//7799 330//7799
f 4441//7800 330//7800 350//7800
f 728//7801 734//7801 729//7801
f 4446//7802 4447//7802 758//7802
f 4446//7803 758//7803 761//7803
f 4448//7804 4449//7804 185//7804
f 4448//7805 185//7805 206//7805
f 699//834 696//834 689//834
f 689//834 687//834 678//834
f 678//834 676//834 674//834
f 674//834 672//834 653//834
f 653//834 652//834 665//834
f 665//834 663//834 661//834
f 661//834 659//834 657//834
f 657//834 654//834 655//834
f 655//834 670//834 671//834
f 671//834 682//834 683//834
f 683//834 4450//834 4438//834
f 4438//834 4437//834 4451//834
f 4451//834 4452//834 4453//834
f 4453//834 4454//834 4455//834
f 4455//834 4456//834 4457//834
f 4457//834 4447//834 4446//834
f 4446//834 4458//834 4459//834
f 4459//834 4460//834 4461//834
f 4461//834 735//834 734//834
f 734//834 728//834 727//834
f 727//834 715//834 709//834
f 709//834 704//834 699//834
f 699//834 689//834 678//834
f 678//834 674//834 653//834
f 653//834 665//834 661//834
f 661//834 657//834 655//834
f 655//834 671//834 683//834
f 683//834 4438//834 4451//834
f 4451//834 4453//834 4455//834
f 4455//834 4457//834 4446//834
f 4446//834 4459//834 4461//834
f 4461//834 734//834 727//834
f 727//834 709//834 699//834
f 699//834 678//834 653//834
f 653//834 661//834 655//834
f 655//834 683//834 4451//834
f 4451//834 4455//834 4446//834
f 4446//834 4461//834 727//834
f 727//834 699//834 653//834
f 653//834 655//834 4451//834
f 4451//834 4446//834 727//834
f 653//834 4451//834 727//834
f 4436//834 4435//834 4462//834
f 4462//834 4463//834 4464//834
f 4464//834 4465//834 4466//834
f 4466//834 4467//834 4449//834
f 4449//834 4448//834 4468//834
f 4468//834 4469//834 4444//834
f 4444//834 4443//834 4442//834
f 4442//834 4470//834 4471//834
f 4471//834 4472//834 4473//834
f 4473//834 4474//834 4445//834
f 4445//834 4441//834 4440//834
f 4440//834 4475//834 4476//834
f 4476//834 4434//834 4433//834
f 4433//834 4477//834 4478//834
f 4478//834 4479//834 4480//834
f 4480//834 4481//834 4482//834
f 4482//834 4436//834 4462//834
f 4462//834 4464//834 4466//834
f 4466//834 4449//834 4468//834
f 4468//834 4444//834 4442//834
f 4442//834 4471//834 4473//834
f 4473//834 4445//834 4440//834
f 4440//834 4476//834 4433//834
f 4433//834 4478//834 4480//834
f 4480//834 4482//834 4462//834
f 4462//834 4466//834 4468//834
f 4468//834 4442//834 4473//834
f 4473//834 4440//834 4433//834
f 4433//834 4480//834 4462//834
f 4462//834 4468//834 4473//834
f 4462//834 4473//834 4433//834
f 4468//7806 4448//7806 206//7806
f 4468//7807 206//7807 222//7807
f 4461//7808 4460//7808 749//7808
f 4461//7809 749//7809 752//7809
f 2571//7810 4483//7810 4484//7810
f 4484//7811 2560//7811 2566//7811
f 4484//7812 2566//7812 2571//7812
f 758//7813 4447//7813 4457//7813
f 4457//7814 730//7814 732//7814
f 4457//7815 732//7815 758//7815
f 4438//7816 4450//7816 686//7816
f 4438//7817 686//7817 693//7817
f 2562//7818 2574//7818 2563//7818
f 4467//7819 4466//7819 161//7819
f 4467//7820 161//7820 181//7820
f 4444//7821 4469//7821 231//7821
f 4444//7822 231//7822 248//7822
f 715//7823 727//7823 716//7823
f 4455//7824 4454//7824 724//7824
f 682//7825 671//7825 669//7825
f 4434//7826 4476//7826 391//7826
f 4434//7827 391//7827 399//7827
f 4453//7828 4452//7828 708//7828
f 4453//7829 708//7829 713//7829
f 4485//7830 4486//7830 2596//7830
f 4485//7831 2596//7831 2599//7831
f 4436//7832 4482//7832 79//7832
f 4436//7833 79//7833 87//7833
f 4474//7834 4473//7834 305//7834
f 4474//7835 305//7835 324//7835
f 4445//7836 4474//7836 324//7836
f 4445//7837 324//7837 330//7837
f 4487//7838 4488//7838 2577//7838
f 4475//7839 4440//7839 354//7839
f 4475//7840 354//7840 374//7840
f 4489//7841 4439//7841 2533//7841
f 4489//7842 2533//7842 2540//7842
f 4473//7843 4472//7843 299//7843
f 4473//7844 299//7844 305//7844
f 4462//7845 4435//7845 105//7845
f 4462//7846 105//7846 112//7846
f 4471//7847 4470//7847 273//7847
f 4471//7848 273//7848 280//7848
f 2575//7849 2581//7849 2576//7849
f 2582//7850 4485//7850 2599//7850
f 2582//7851 2599//7851 2583//7851
f 4451//7852 4437//7852 695//7852
f 4451//7853 695//7853 703//7853
f 4490//7854 4491//7854 2542//7854
f 4490//7855 2542//7855 2550//7855
f 730//7856 4456//7856 4455//7856
f 4455//7857 724//7857 725//7857
f 4455//7857 725//7857 730//7857
f 4476//7858 4475//7858 374//7858
f 4476//7859 374//7859 391//7859
f 724//7860 4454//7860 4453//7860
f 4453//7861 713//7861 719//7861
f 4453//7862 719//7862 724//7862
f 4486//7863 4492//7863 2591//7863
f 4486//7864 2591//7864 2596//7864
f 4466//7865 4465//7865 155//7865
f 4466//7866 155//7866 161//7866
f 4470//7867 4442//7867 255//7867
f 4470//7868 255//7868 273//7868
f 4482//7869 4481//7869 62//7869
f 4482//7870 62//7870 79//7870
f 4492//7871 4493//7871 2592//7871
f 4492//7872 2592//7872 2591//7872
f 2529//7873 2518//7873 2516//7873
f 4458//7874 4446//7874 761//7874
f 4458//7875 761//7875 745//7875
f 4478//7876 4477//7876 15//7876
f 4478//7877 15//7877 16//7877
f 4477//7878 4433//7878 417//7878
f 4477//7879 417//7879 15//7879
f 4479//7880 4478//7880 16//7880
f 4479//7881 16//7881 37//7881
f 4464//7882 4463//7882 130//7882
f 4464//7883 130//7883 136//7883
f 4491//7884 4489//7884 2540//7884
f 4491//7885 2540//7885 2542//7885
f 2577//7886 4488//7886 4494//7886
f 4494//7887 2571//7887 2572//7887
f 4494//7888 2572//7888 2577//7888
f 4495//7802 4496//7802 2605//7802
f 4495//7889 2605//7889 2608//7889
f 4457//7890 4456//7890 730//7890
f 735//7891 4461//7891 752//7891
f 735//7892 752//7892 736//7892
f 4480//7893 4479//7893 37//7893
f 4480//7894 37//7894 53//7894
f 4469//7895 4468//7895 222//7895
f 4469//7896 222//7896 231//7896
f 4481//7897 4480//7897 53//7897
f 4481//7898 53//7898 62//7898
f 4449//7899 4467//7899 181//7899
f 4449//7900 181//7900 185//7900
f 4494//7901 4483//7901 2571//7901
f 4460//7902 4459//7902 744//7902
f 4460//7903 744//7903 749//7903
f 4463//7904 4462//7904 112//7904
f 4463//7905 112//7905 130//7905
f 4459//7906 4458//7906 745//7906
f 4459//7907 745//7907 744//7907
f 4452//7908 4451//7908 703//7908
f 4452//7909 703//7909 708//7909
f 4493//7910 4495//7910 2608//7910
f 4493//7911 2608//7911 2592//7911
f 670//7912 655//7912 650//7912
f 4472//7913 4471//7913 280//7913
f 4472//7914 280//7914 299//7914
f 4450//7915 683//7915 681//7915
f 4450//7916 681//7916 686//7916
f 4465//7917 4464//7917 136//7917
f 4465//7918 136//7918 155//7918
f 2517//7919 2502//7919 2497//7919
f 4484//7828 4497//7828 2555//7828
f 4484//7920 2555//7920 2560//7920
f 4497//7921 4490//7921 2550//7921
f 4497//7922 2550//7922 2555//7922
f 2605//7923 4496//7923 4487//7923
f 4487//7924 2577//7924 2579//7924
f 4487//7925 2579//7925 2605//7925
f 2575//834 2574//834 2562//834
f 2562//834 2556//834 2551//834
f 2551//834 2546//834 2543//834
f 2543//834 2536//834 2534//834
f 2534//834 2525//834 2523//834
f 2523//834 2521//834 2519//834
f 2519//834 2500//834 2499//834
f 2499//834 2512//834 2510//834
f 2510//834 2508//834 2506//834
f 2506//834 2504//834 2501//834
f 2501//834 2502//834 2517//834
f 2517//834 2518//834 2529//834
f 2529//834 2530//834 4439//834
f 4439//834 4489//834 4491//834
f 4491//834 4490//834 4497//834
f 4497//834 4484//834 4483//834
f 4483//834 4494//834 4488//834
f 4488//834 4487//834 4496//834
f 4496//834 4495//834 4493//834
f 4493//834 4492//834 4486//834
f 4486//834 4485//834 2582//834
f 2582//834 2581//834 2575//834
f 2575//834 2562//834 2551//834
f 2551//834 2543//834 2534//834
f 2534//834 2523//834 2519//834
f 2519//834 2499//834 2510//834
f 2510//834 2506//834 2501//834
f 2501//834 2517//834 2529//834
f 2529//834 4439//834 4491//834
f 4491//834 4497//834 4483//834
f 4483//834 4488//834 4496//834
f 4496//834 4493//834 4486//834
f 4486//834 2582//834 2575//834
f 2575//834 2551//834 2534//834
f 2534//834 2519//834 2510//834
f 2510//834 2501//834 2529//834
f 2529//834 4491//834 4483//834
f 4483//834 4496//834 4486//834
f 4486//834 2575//834 2534//834
f 2534//834 2510//834 2529//834
f 2529//834 4483//834 4486//834
f 2534//834 2529//834 4486//834
# Vertices: 4497, normals: 7925, texture coordinates: 0, faces: 8950

